{
"type": "FeatureCollection",
"name": "Districts_IND_adm2",
"crs": { "type": "name", "properties": { "name": "urn:ogc:def:crs:EPSG::32643" } },
"features": [
{ "type": "Feature", "properties": { "ID_0": 105, "ISO": "IND", "NAME_0": "India", "ID_1": 34, "NAME_1": "Uttar Pradesh", "ID_2": 567, "NAME_2": "Baghpat", "HASC_2": "IN.UP.BG", "CCN_2": 0, "CCA_2": null, "TYPE_2": "District", "ENGTYPE_2": "District", "NL_NAME_2": null, "VARNAME_2": null }, "geometry": { "type": "MultiPolygon", "coordinates": [ [ [ [ 707469.970666151726618, 3220349.216190208680928 ], [ 706737.365320220240392, 3221094.299529920332134 ], [ 706501.5660945486743, 3221564.579178196843714 ], [ 706716.391226945677772, 3222421.300546708982438 ], [ 707835.460919224191457, 3224035.81890342803672 ], [ 708052.404253494692966, 3224808.0300232777372 ], [ 706849.72081126330886, 3226920.580173873342574 ], [ 706902.403045423096046, 3227907.191172833554447 ], [ 707377.327476177131757, 3228902.517532329075038 ], [ 708094.279451181762852, 3230054.326387025881559 ], [ 707875.650008200900629, 3232154.699982097838074 ], [ 707670.600498715532012, 3232859.397561274468899 ], [ 707315.689619879820384, 3233481.436566243413836 ], [ 706825.805193807929754, 3234060.221600275952369 ], [ 706571.766336389118806, 3234770.811801838688552 ], [ 706759.531474704155698, 3235136.888633142691106 ], [ 708254.61421177117154, 3236233.948514699004591 ], [ 708362.05030621716287, 3236850.244691873434931 ], [ 708195.490441303118132, 3237763.939830765593797 ], [ 707437.194852447137237, 3239401.287266839761287 ], [ 706889.912809399305843, 3240089.609952895436436 ], [ 707650.558309746091254, 3241730.972507640253752 ], [ 708288.890409840503708, 3242710.570619886741042 ], [ 708077.975925630191341, 3243295.667945761233568 ], [ 708775.196149848517962, 3243039.878379851579666 ], [ 710911.923143744119443, 3242692.528783891350031 ], [ 711328.930535613093525, 3242358.521059681195766 ], [ 711435.229738087859005, 3241945.784607443958521 ], [ 711403.37570099288132, 3241545.072091888170689 ], [ 712589.197082647820935, 3241068.290881391614676 ], [ 713335.492373892921023, 3240938.243196982424706 ], [ 714998.411320648854598, 3241244.481222125701606 ], [ 716507.277335926424712, 3241653.356112508568913 ], [ 717147.270810906309634, 3241654.560455750674009 ], [ 717907.965340820490383, 3241510.704563950654119 ], [ 718025.203355654724874, 3241275.448481020517647 ], [ 718039.194526333478279, 3240700.253598112612963 ], [ 718137.631217611837201, 3240401.613906795624644 ], [ 718455.470384216867387, 3240226.887933906167746 ], [ 719057.171435179538094, 3240179.872550439555198 ], [ 719510.892259326996282, 3239998.908258421346545 ], [ 720668.301120672142133, 3240252.031975594349205 ], [ 721038.177749094786122, 3240073.942384977824986 ], [ 721686.721341016236693, 3239527.789328946731985 ], [ 722258.093409930123016, 3239251.933078283444047 ], [ 723013.615791869233362, 3239612.295283052604645 ], [ 723319.487989662098698, 3239674.973919617477804 ], [ 723917.967935586930253, 3239493.846555285621434 ], [ 724629.916472774697468, 3239127.38810263061896 ], [ 724821.794387280824594, 3238915.02378680370748 ], [ 725564.637053681653924, 3238303.253966741729528 ], [ 727815.927402344415896, 3237357.812345942016691 ], [ 728708.669023802038282, 3237424.347455963026732 ], [ 729395.938277907436714, 3237340.662967184558511 ], [ 730469.699420477845706, 3237041.902850187383592 ], [ 730612.291833330295049, 3237182.268241620622575 ], [ 730809.094643049873412, 3237759.652024313807487 ], [ 731087.480238725896925, 3238264.245625464711338 ], [ 731313.851858456386253, 3238406.322493470273912 ], [ 731784.621596721117385, 3238423.721196339000016 ], [ 732477.107271871878766, 3238192.696807458531111 ], [ 733186.531966732931323, 3238114.347506473772228 ], [ 734431.692120600957423, 3237277.992517988197505 ], [ 734994.579852884984575, 3236645.316820085979998 ], [ 735719.20874648692552, 3236591.54156625084579 ], [ 736387.747735967626795, 3236094.155412731226534 ], [ 737059.241762699792162, 3235992.825776191893965 ], [ 737721.699790063663386, 3236076.424857763107866 ], [ 738066.847678627585992, 3236251.152395691722631 ], [ 738225.081955102388747, 3236065.783604252617806 ], [ 738179.737589108990505, 3235856.277863065712154 ], [ 738374.670640152529813, 3235406.855090597644448 ], [ 739378.299541728105396, 3234548.381178540177643 ], [ 739553.176814012462273, 3234067.458782795350999 ], [ 740292.541747535695322, 3233606.240879745688289 ], [ 740581.181358493980952, 3233259.716609737370163 ], [ 740770.096736286650412, 3232855.46314360992983 ], [ 740933.799838504404761, 3232942.681520357728004 ], [ 740389.258021209156141, 3231199.256991955451667 ], [ 739097.312954926164821, 3228293.781589084304869 ], [ 738590.469124767347239, 3226638.643718051724136 ], [ 737722.598089149803855, 3224975.617000909056515 ], [ 737389.429178765974939, 3223632.565093752462417 ], [ 737417.110206752666272, 3222297.217035296838731 ], [ 737438.411665998050012, 3221269.279447284527123 ], [ 737451.179921329021454, 3220652.982582852244377 ], [ 737553.833977603819221, 3220038.336762805934995 ], [ 737661.497192131355405, 3219218.204473146237433 ], [ 738099.508151639718562, 3218274.843656114302576 ], [ 738032.685769291361794, 3217984.741229396313429 ], [ 738280.328719706274569, 3216618.216270558070391 ], [ 737968.525241691619158, 3215091.396041564643383 ], [ 737947.726322200265713, 3214336.712742254603654 ], [ 739007.015888100257143, 3213919.597765160258859 ], [ 738981.054519539000466, 3213237.138336088974029 ], [ 738954.670614004950039, 3212968.179425545036793 ], [ 739884.121174173313193, 3211439.463393242564052 ], [ 739957.183097595232539, 3211181.459342257119715 ], [ 740537.669889733893797, 3210096.877806389238685 ], [ 740868.74714249256067, 3209880.019766313489527 ], [ 740484.96534484368749, 3208062.064296170603484 ], [ 740736.065589718287811, 3207474.012510188855231 ], [ 740583.831539049278945, 3206747.876859867479652 ], [ 739647.010367894661613, 3205499.467316997703165 ], [ 739216.087813437683508, 3203099.808504107873887 ], [ 738749.682619940722361, 3202836.124137245118618 ], [ 738256.039185457164422, 3202881.33560756733641 ], [ 737491.035593250999227, 3202731.679681462235749 ], [ 737221.784372689668089, 3202361.079731192905456 ], [ 737312.78036700701341, 3201844.969594606664032 ], [ 736966.349598325556144, 3201534.128927147481591 ], [ 736867.800214573158883, 3200895.472848576493561 ], [ 736368.010859491187148, 3200328.549327501561493 ], [ 736410.938070000731386, 3199831.545067561324686 ], [ 736081.155014482908882, 3198993.165265169460326 ], [ 735621.015237840940244, 3198374.220344728324562 ], [ 735365.985357761499472, 3197698.983124637510628 ], [ 733916.998484766343608, 3197112.057976533193141 ], [ 734042.191951602697372, 3194199.065378174651414 ], [ 735022.167103427113034, 3193657.809383208863437 ], [ 734839.689290189417079, 3192775.956957210320979 ], [ 734117.728985867346637, 3192562.742400430142879 ], [ 732965.116270702332258, 3191908.605615078937262 ], [ 734134.356218739412725, 3190781.412770095746964 ], [ 734160.773887484916486, 3190137.51072472287342 ], [ 733696.0155828834977, 3189870.951385053806007 ], [ 733717.724399354192428, 3189200.519076495897025 ], [ 734488.603681193548255, 3187815.53874022886157 ], [ 734488.574424509541132, 3186784.274059623945504 ], [ 734035.535060710157268, 3186188.437973494641483 ], [ 731724.971926976460963, 3186679.918202937114984 ], [ 730302.846132543752901, 3187101.66847807308659 ], [ 729844.834510981454514, 3187726.003418105654418 ], [ 729649.87887751031667, 3188878.574218078050762 ], [ 728704.8042522885371, 3189157.253597182221711 ], [ 728308.40435905312188, 3188363.127595907077193 ], [ 727933.563965922337957, 3188099.644244743045419 ], [ 726641.856848945957609, 3188690.819516370072961 ], [ 726187.665946415509097, 3188483.368529529776424 ], [ 725906.280932686524466, 3188048.782134748995304 ], [ 725237.301791305304505, 3187772.266057754401118 ], [ 724221.771062512416393, 3187612.595113290008157 ], [ 723942.143181772786193, 3188240.371462440583855 ], [ 723903.87611871259287, 3188717.370468558277935 ], [ 723992.293687224853784, 3189463.072241829242557 ], [ 723564.633768835570663, 3189695.484972118400037 ], [ 723297.946042549912818, 3191318.119829840026796 ], [ 723012.775572149665095, 3191698.370074212085456 ], [ 722577.172721869661473, 3192078.060828692279756 ], [ 722153.506699429708533, 3192264.067115859594196 ], [ 721072.756317318882793, 3192185.444422410335392 ], [ 720403.568679221323691, 3192006.68196562724188 ], [ 719750.210974137298763, 3191974.179037498310208 ], [ 719607.84891754866112, 3191547.045986491721123 ], [ 719335.841470004641451, 3191160.390748763922602 ], [ 718964.064330073771998, 3190967.261289529968053 ], [ 718013.497170220362023, 3190812.727257174439728 ], [ 717353.741716640419327, 3191038.664753842633218 ], [ 717139.835066896863282, 3191204.255635723471642 ], [ 717090.274279514676891, 3191543.586517983581871 ], [ 716337.734050195198506, 3191755.784975486341864 ], [ 715662.589261231711134, 3192853.207547725643963 ], [ 715726.065760435769334, 3193923.165754969231784 ], [ 715360.062419454101473, 3194502.75971980439499 ], [ 715058.249244897859171, 3194795.532478816341609 ], [ 714551.624542616773397, 3195011.132269086316228 ], [ 713950.085197431733832, 3195045.459828663151711 ], [ 713300.983489656122401, 3195196.306318713817745 ], [ 712932.108708745450713, 3195738.482364968862385 ], [ 712437.426409493898973, 3196646.309677581302822 ], [ 712401.623666999279521, 3197257.850622285623103 ], [ 712756.896604289882816, 3197734.265634230338037 ], [ 714441.009950456325896, 3198084.707164920400828 ], [ 715042.782560546416789, 3198309.686117297038436 ], [ 716159.030015443451703, 3198966.200257232878357 ], [ 716572.32390845194459, 3199394.139324944000691 ], [ 716593.778847448644228, 3199837.792103344108909 ], [ 716053.447764692595229, 3200193.521980576217175 ], [ 714681.87299983156845, 3200625.780697229318321 ], [ 714155.982921794755384, 3201211.518404239788651 ], [ 714962.364504998433404, 3202948.317840511444956 ], [ 714862.862266017240472, 3203336.632056633476168 ], [ 713519.527439793222584, 3204074.676649474538863 ], [ 713438.249625063384883, 3205048.901196204591542 ], [ 713505.530615121475421, 3205714.168496191035956 ], [ 714710.003904532874003, 3208025.962503604590893 ], [ 715097.082824098877609, 3209004.491474181413651 ], [ 715677.996888808906078, 3210667.414400296285748 ], [ 715662.355207613552921, 3210748.116683409083635 ], [ 715369.405135516193695, 3211262.648386205546558 ], [ 714643.291466212947853, 3211840.993840107694268 ], [ 713445.38854951527901, 3212325.598123549949378 ], [ 711945.724226049613208, 3213980.747122541069984 ], [ 710568.650253742700443, 3215296.995420709252357 ], [ 710463.45079650124535, 3215724.140698464587331 ], [ 710504.036041309358552, 3217158.657322327140719 ], [ 709979.3878445669543, 3218497.170574502553791 ], [ 709199.764312136219814, 3219115.853984241373837 ], [ 708443.102451077895239, 3219497.945114558562636 ], [ 707469.970666151726618, 3220349.216190208680928 ] ] ] ] } },
{ "type": "Feature", "properties": { "ID_0": 105, "ISO": "IND", "NAME_0": "India", "ID_1": 34, "NAME_1": "Uttar Pradesh", "ID_2": 587, "NAME_2": "Gautam Buddha Nagar", "HASC_2": "IN.UP.GB", "CCN_2": 0, "CCA_2": null, "TYPE_2": "District", "ENGTYPE_2": "District", "NL_NAME_2": null, "VARNAME_2": null }, "geometry": { "type": "MultiPolygon", "coordinates": [ [ [ [ 731496.791755474405363, 3175597.238343405071646 ], [ 731887.175973510602489, 3175210.146360343787819 ], [ 732253.547557900077663, 3175093.50645536230877 ], [ 733069.72000496997498, 3175502.112816255539656 ], [ 733604.058028731378727, 3175566.105623482260853 ], [ 734184.044979620841332, 3175362.866353781893849 ], [ 734600.709338417509571, 3174824.32028025155887 ], [ 734349.513460914138705, 3174367.940845306962729 ], [ 733921.683330996078439, 3173863.82280913926661 ], [ 733522.627574222860858, 3172665.760414783842862 ], [ 733793.266790106659755, 3172118.12780596408993 ], [ 733662.662533579976298, 3170851.426374654751271 ], [ 733707.597530077444389, 3170545.239986273925751 ], [ 734061.300603655865416, 3170175.233831312973052 ], [ 734185.845622539985925, 3169807.619346369057894 ], [ 735493.697218448738568, 3169648.432724782731384 ], [ 736290.166734539554454, 3169275.364784247241914 ], [ 737170.585865476168692, 3168998.16626632027328 ], [ 737847.592309536528774, 3169108.581888135522604 ], [ 739853.485455154324882, 3170333.781103886663914 ], [ 740275.333510757540353, 3170108.742751179262996 ], [ 740583.992767099989578, 3169726.778263716492802 ], [ 740980.881994100287557, 3169591.771540796849877 ], [ 741682.995049258461222, 3170037.744035109411925 ], [ 742071.450034003006294, 3170418.036633130628616 ], [ 743323.740964962984435, 3171355.656247898936272 ], [ 743716.799977022106759, 3171761.066879737656564 ], [ 743974.209526326274499, 3171799.862461637705564 ], [ 744744.347655979916453, 3171303.708425892051309 ], [ 745098.290686276042834, 3171437.405121619347483 ], [ 745253.771622701198794, 3171887.592047214042395 ], [ 745485.27543744421564, 3172093.393975589424372 ], [ 745784.900729627348483, 3172076.222011044621468 ], [ 746134.16138376982417, 3171899.566609113011509 ], [ 746194.34442564449273, 3171664.57684663683176 ], [ 746593.592512153089046, 3171418.97716271225363 ], [ 746841.831864076317288, 3171362.249885486904532 ], [ 747359.463941509369761, 3170814.386292996350676 ], [ 747580.208544478053227, 3170400.689722968265414 ], [ 747852.817640303517692, 3170463.157728851772845 ], [ 748218.984929417259991, 3170548.560488366056234 ], [ 748483.805070048896596, 3170310.314786090049893 ], [ 748335.630588805070147, 3169942.088176975492388 ], [ 748956.189166369731538, 3169264.486302750650793 ], [ 749686.451550184981897, 3168766.717246090993285 ], [ 749938.384966819430701, 3168785.216802649665624 ], [ 750550.472036426188424, 3169658.992879496421665 ], [ 750842.920822160202079, 3169910.419431471731514 ], [ 751147.358121402096003, 3169881.425518748816103 ], [ 752927.246310663642362, 3168868.560662698931992 ], [ 753620.986585805774666, 3168206.086382896173745 ], [ 754036.353532619541511, 3167300.89940393390134 ], [ 754131.691338200704195, 3166590.13543999241665 ], [ 754248.318287577596493, 3166377.550214954651892 ], [ 755509.178283242159523, 3164957.764561321120709 ], [ 755761.558173851110041, 3164378.830998372286558 ], [ 756630.680859918822534, 3164763.795467616058886 ], [ 757121.151429980644025, 3165147.061664959881455 ], [ 757584.207516146474518, 3165756.507700473535806 ], [ 758678.221358026261441, 3166602.233329550828785 ], [ 758904.169639809755608, 3166515.216254469938576 ], [ 759467.331761431181803, 3166106.110268883872777 ], [ 760171.627097051823512, 3165329.980819944757968 ], [ 760733.382062170188874, 3164552.82487732777372 ], [ 761032.610611071344465, 3163124.441142179537565 ], [ 761265.354399409028701, 3162602.69726357748732 ], [ 761524.993216729490086, 3162282.515187382232398 ], [ 762018.378002542536706, 3161899.870993869844824 ], [ 762302.11019096407108, 3161339.301692729350179 ], [ 762441.309571720310487, 3160394.311714222189039 ], [ 762740.30394803872332, 3159488.227992012165487 ], [ 762347.763174310908653, 3159232.15487803844735 ], [ 762127.804993378231302, 3158943.356503529008478 ], [ 762078.38454046449624, 3158245.455674777273089 ], [ 762279.003356209723279, 3157561.391482329927385 ], [ 762308.455466560088098, 3157079.538218287751079 ], [ 762002.587744300137274, 3156954.247794124763459 ], [ 760706.923336192965508, 3156369.494452875107527 ], [ 760583.064800963737071, 3156023.217446231283247 ], [ 760600.000727340113372, 3155664.201103382278234 ], [ 760226.550264762947336, 3155381.98792604310438 ], [ 759453.38624903280288, 3155124.374707332346588 ], [ 759163.508853182080202, 3154440.237516732886434 ], [ 758761.560393485007808, 3154362.631962237879634 ], [ 758299.687798787839711, 3154392.448131498880684 ], [ 757863.038515530060977, 3153920.249245695304126 ], [ 757348.759987849043682, 3153611.783020032569766 ], [ 757180.018162647727877, 3153397.410647199489176 ], [ 756560.724017888191156, 3153103.396329910494387 ], [ 755333.353344619274139, 3152270.353370740544051 ], [ 755343.609378312132321, 3151935.73788077570498 ], [ 755156.913601067615673, 3151546.717874816153198 ], [ 754995.632721161120571, 3150812.417354677338153 ], [ 755576.289508021785878, 3150241.852562320884317 ], [ 756036.49820908124093, 3149607.561021331232041 ], [ 756004.859657564433292, 3149343.105448834132403 ], [ 755882.251893991371617, 3149066.308143695350736 ], [ 754771.605714021949098, 3148484.445151913445443 ], [ 754053.407952692126855, 3148565.59227807726711 ], [ 753644.761301801307127, 3148511.095046219415963 ], [ 753224.533981520566158, 3148195.140446314588189 ], [ 753288.662445567548275, 3147403.967523846775293 ], [ 753863.337264361209236, 3146176.212995949201286 ], [ 754761.015714070759714, 3145203.56229943735525 ], [ 756863.072006236994639, 3144380.874689580406994 ], [ 759098.378777143079787, 3142445.453760889358819 ], [ 760233.074800928588957, 3140733.997523825615644 ], [ 760384.013357496936806, 3138876.952242578845471 ], [ 760542.403426636359654, 3136648.211877251043916 ], [ 761343.008463344769552, 3135177.361357100773603 ], [ 761378.584554389119148, 3133565.894952425733209 ], [ 761293.920687904115766, 3132447.594823809340596 ], [ 761112.820619750651531, 3130707.618296370841563 ], [ 761466.085531396907754, 3129599.187348844017833 ], [ 763067.861610086052679, 3128374.751396563835442 ], [ 762949.030770106357522, 3128260.219673347659409 ], [ 763494.312728447839618, 3127287.653902450576425 ], [ 764954.152318179607391, 3125831.8239153358154 ], [ 766524.461622696602717, 3124378.617393937893212 ], [ 768224.858997713075951, 3122060.167229499667883 ], [ 769246.781063879840076, 3120594.889683622866869 ], [ 770289.382333937915973, 3118261.998964725993574 ], [ 770357.511432777624577, 3117672.088050628546625 ], [ 770224.517915803589858, 3117683.45532933017239 ], [ 768841.52929215808399, 3116659.650627785827965 ], [ 769111.356831937329844, 3115836.315011403057724 ], [ 768883.347645234316587, 3115304.240690059494227 ], [ 768461.772496614139527, 3114839.7357247043401 ], [ 767825.668837087461725, 3114507.291379167698324 ], [ 768141.442175452131778, 3113673.758963491301984 ], [ 767975.791054594796151, 3113099.96112026553601 ], [ 767517.642561352462508, 3112621.778039652854204 ], [ 767381.991101433872245, 3112280.71409579878673 ], [ 767973.752479254966602, 3110650.179031318053603 ], [ 766994.365813229698688, 3109953.896215358749032 ], [ 766516.727868314716034, 3109904.523362193722278 ], [ 766092.497480756719597, 3109613.315080551430583 ], [ 765774.296678927959874, 3109547.429754795506597 ], [ 765605.981881300685927, 3109726.445876069366932 ], [ 764953.643084185197949, 3109772.037034353241324 ], [ 764437.189875512500294, 3109407.986992921680212 ], [ 764098.224106232170016, 3109500.330422367434949 ], [ 763393.616330679855309, 3110283.275010254234076 ], [ 762775.454941770527512, 3111233.352473166305572 ], [ 761918.553741161478683, 3112161.503179834689945 ], [ 761732.894328536349349, 3112725.36201857123524 ], [ 760891.204065421829, 3112794.503510875161737 ], [ 760584.993660470005125, 3112973.103856846224517 ], [ 760194.91873228258919, 3113076.485874087084085 ], [ 759742.891485599335283, 3112166.425464321859181 ], [ 759260.51724015455693, 3111924.965365677140653 ], [ 759113.052333295461722, 3111391.496065993793309 ], [ 758856.781638304120861, 3111031.228603353258222 ], [ 758606.458750437479466, 3111019.248875639867038 ], [ 757931.3616776347626, 3111430.425581254065037 ], [ 757681.16101794084534, 3111482.766876141540706 ], [ 756806.580213324166834, 3111370.649986252654344 ], [ 756409.721831467468292, 3111056.066923817619681 ], [ 755994.318482276983559, 3111885.579618985764682 ], [ 755934.545637493603863, 3111804.347550044301897 ], [ 755329.960489712189883, 3112573.35069642495364 ], [ 754739.599964155582711, 3111765.468105552718043 ], [ 754274.350580335827544, 3111455.211497123818845 ], [ 754093.618866751319729, 3111240.704143901821226 ], [ 753729.735796367167495, 3111171.84223250951618 ], [ 752928.759554595220834, 3110593.942557149101049 ], [ 752225.819910764228553, 3109491.109035966917872 ], [ 751856.612664808519185, 3109280.491669779177755 ], [ 750086.478013989981264, 3109253.259121560491621 ], [ 749566.171422461280599, 3109162.436259855516255 ], [ 748546.081989077967592, 3109364.095609534531832 ], [ 747277.52426477544941, 3108885.393322039861232 ], [ 746523.254576681181788, 3109223.640170905739069 ], [ 745462.406102712615393, 3108783.897661482915282 ], [ 744832.571131940116175, 3108727.413122819270939 ], [ 744401.46159657521639, 3108932.617814703844488 ], [ 743859.977425964199938, 3108995.790112455841154 ], [ 742712.428857710212469, 3108941.554124682676047 ], [ 742594.80402693618089, 3109192.103920048568398 ], [ 742967.34911951830145, 3111163.121600492857397 ], [ 743135.5414993702434, 3111228.722249529790133 ], [ 743465.365216890582815, 3111644.672621911857277 ], [ 743912.505228549358435, 3111640.686295605730265 ], [ 744254.879407771164551, 3110487.663718000985682 ], [ 744664.571902800118551, 3110263.197401724290103 ], [ 744871.357382821617648, 3110569.019918603822589 ], [ 745001.897424284485169, 3111043.956049149855971 ], [ 744939.724178761942312, 3111697.879943011794239 ], [ 744745.728698803111911, 3112196.404102930333465 ], [ 745511.945831475313753, 3113307.668659542687237 ], [ 745525.059837463311851, 3113836.670178004540503 ], [ 745390.610629581962712, 3114757.915436593815684 ], [ 744351.403368100291118, 3115078.981894236057997 ], [ 744275.673051518504508, 3115371.402980520855635 ], [ 744526.066992660984397, 3115703.501699815504253 ], [ 745055.727410726016387, 3115872.996916917618364 ], [ 745129.356499156914651, 3117433.42554831225425 ], [ 745371.749059439287521, 3117786.533908012323081 ], [ 746613.70123432809487, 3118020.715721324086189 ], [ 748582.697211059974506, 3118657.01562498183921 ], [ 749597.078445977764204, 3119942.376254188362509 ], [ 749141.816947796149179, 3120956.502138791140169 ], [ 748375.09440821420867, 3121168.680231465026736 ], [ 747457.856496511842124, 3121015.476716343313456 ], [ 745960.624927490251139, 3121398.116369172465056 ], [ 745572.759650207939558, 3120472.003216001205146 ], [ 744654.462068504304625, 3120221.291866853833199 ], [ 744488.733097673510201, 3121100.447200202383101 ], [ 744298.78594160056673, 3123195.616741224192083 ], [ 745128.640997585142031, 3123326.906821499112993 ], [ 746417.408085695002228, 3122611.832207271829247 ], [ 746649.085081404191442, 3122101.005341731011868 ], [ 747267.648154844297096, 3122124.847868673037738 ], [ 747663.488151586498134, 3122730.780607387889177 ], [ 747472.855633364990354, 3123860.022612576838583 ], [ 747017.965775105869398, 3124294.071674171835184 ], [ 746855.626521456521004, 3125218.964475702028722 ], [ 748798.130779618630186, 3126452.573050227016211 ], [ 749329.498668106505647, 3127264.470158186741173 ], [ 749075.859876718372107, 3127998.559422373306006 ], [ 747727.332214778871275, 3127861.619466369971633 ], [ 746472.549207017058507, 3127935.319493717513978 ], [ 746407.645554065005854, 3127958.505457272287458 ], [ 746311.021816988359205, 3127994.146206383127719 ], [ 745464.888603799510747, 3128303.799321155529469 ], [ 743984.675472126109526, 3128707.890745740849525 ], [ 742026.01910530612804, 3129550.324992259498686 ], [ 741764.535922682960518, 3130399.840793563984334 ], [ 742485.846927311271429, 3130833.75140989292413 ], [ 744043.908084596507251, 3130633.92764146393165 ], [ 744497.0957095855847, 3130810.770994985010475 ], [ 744668.802646272350103, 3132142.725711689330637 ], [ 744592.910720561398193, 3132989.47351433057338 ], [ 744736.048847881378606, 3133744.304206125438213 ], [ 743331.700436417246237, 3135553.681297324132174 ], [ 742507.896165198995732, 3136009.247900140006095 ], [ 741745.926587692345493, 3136665.568395738489926 ], [ 741523.47642250044737, 3137112.3507547727786 ], [ 741776.590756127960049, 3137472.198446835391223 ], [ 743596.485218574525788, 3138507.607075416017324 ], [ 744466.75825080787763, 3139418.312161127571017 ], [ 744227.016954978462309, 3140661.831785708665848 ], [ 743599.384809335344471, 3141777.84629996214062 ], [ 741962.748773402301595, 3143362.976818189956248 ], [ 741686.564975394168869, 3143953.94543915335089 ], [ 742365.074286796851084, 3144425.970580718945712 ], [ 742411.013220869936049, 3145502.379084331449121 ], [ 741827.685862907092087, 3145936.021684307605028 ], [ 740585.556948212557472, 3146294.041747982613742 ], [ 740123.780504131806083, 3146713.745292719453573 ], [ 739381.168994209729135, 3147154.614092288538814 ], [ 738591.839084124192595, 3147431.306615248788148 ], [ 737809.740056835580617, 3148796.104446063283831 ], [ 737539.654344646609388, 3149952.583332772832364 ], [ 736788.036364405998029, 3150075.962177918292582 ], [ 735823.658345546107739, 3150035.659460914786905 ], [ 734789.364237220725045, 3150352.088195286225528 ], [ 734490.226426670793444, 3150807.163488333579153 ], [ 734990.482025359990075, 3151249.63700031908229 ], [ 734771.362089215428568, 3151740.987486132420599 ], [ 733815.036377318785526, 3151904.659049947746098 ], [ 732616.678622723557055, 3152251.413262923713773 ], [ 731955.992020683479495, 3152740.421888485085219 ], [ 731431.879266697214916, 3153280.369527602568269 ], [ 731400.367322413483635, 3154083.594433640595526 ], [ 731048.903687602374703, 3154626.531893502455205 ], [ 729343.732818731572479, 3155230.730063585564494 ], [ 728798.077869360684417, 3155814.343925388995558 ], [ 728693.959460086072795, 3156556.29939959011972 ], [ 728403.794947720947675, 3157107.474121227860451 ], [ 728058.154074644087814, 3157477.607444969471544 ], [ 727151.694651907775551, 3158762.726922680158168 ], [ 726491.458349426044151, 3159375.295665338169783 ], [ 726076.825584425707348, 3159611.126558224204928 ], [ 725315.002154946792871, 3160346.142130958847702 ], [ 724521.659907045657746, 3161522.788933400996029 ], [ 724374.051147944875993, 3162133.025488548446447 ], [ 724331.5426381228026, 3163572.353417264763266 ], [ 724448.941927118459716, 3163875.109517916105688 ], [ 725614.475121522438712, 3165503.04862802522257 ], [ 725882.485894994228147, 3165735.558724250178784 ], [ 726566.922174504841678, 3165859.609330073930323 ], [ 727622.742024129722267, 3166425.726312294602394 ], [ 728138.171312809921801, 3166638.791470829863101 ], [ 728429.756389778107405, 3166883.669576281215996 ], [ 728543.153892743401229, 3167841.997395141515881 ], [ 728489.579785921145231, 3168329.686300855129957 ], [ 728198.763339626835659, 3168888.450578025076538 ], [ 727821.389144239365123, 3169371.090201728977263 ], [ 726881.876685832743533, 3169863.955270983744413 ], [ 726145.805828424519859, 3170645.901880250312388 ], [ 725910.720987988635898, 3170801.018391277641058 ], [ 726089.129796985536814, 3171029.274576437659562 ], [ 726299.082429836271331, 3171554.640870020724833 ], [ 726283.203910431475379, 3172873.759752773214132 ], [ 726474.071189217502251, 3173803.115988550707698 ], [ 726491.755225130589679, 3174659.536192803177983 ], [ 727214.98092750471551, 3175024.246023289393634 ], [ 727380.001143667381257, 3175322.059387764893472 ], [ 727715.635165362386033, 3175133.623362217098475 ], [ 727907.118625737493858, 3174840.230562209617347 ], [ 729149.657737640663981, 3174779.357390665914863 ], [ 729437.789334469707683, 3174960.134474100079387 ], [ 730026.514380615670234, 3175066.904764093924314 ], [ 730188.959718095953576, 3175416.104621412698179 ], [ 730392.796725720982067, 3175368.951712555717677 ], [ 730964.052318464731798, 3175603.16572275524959 ], [ 731496.791755474405363, 3175597.238343405071646 ] ] ] ] } },
{ "type": "Feature", "properties": { "ID_0": 105, "ISO": "IND", "NAME_0": "India", "ID_1": 34, "NAME_1": "Uttar Pradesh", "ID_2": 588, "NAME_2": "Ghaziabad", "HASC_2": "IN.UP.GZ", "CCN_2": 0, "CCA_2": null, "TYPE_2": "District", "ENGTYPE_2": "District", "NL_NAME_2": null, "VARNAME_2": null }, "geometry": { "type": "MultiPolygon", "coordinates": [ [ [ [ 761582.689621988683939, 3185271.542722502257675 ], [ 760479.340509109199047, 3183804.251410810276866 ], [ 757297.130082897259854, 3181706.227428598795086 ], [ 755150.582032597158104, 3180493.829295141156763 ], [ 755118.37878506036941, 3179887.513203183189034 ], [ 754125.960035357624292, 3179360.248912357725203 ], [ 753862.335773741127923, 3179101.509827923960984 ], [ 753669.121388665866107, 3178726.068245535250753 ], [ 753971.182418223819695, 3178488.550635984167457 ], [ 752959.47123840812128, 3178257.963838509749621 ], [ 751694.814733685343526, 3178236.060696990694851 ], [ 751052.612126230844297, 3178025.905328436288983 ], [ 750516.342595270951279, 3178091.985622768756002 ], [ 749514.666331221349537, 3176344.694739239290357 ], [ 748570.470457350136712, 3176435.562900305725634 ], [ 748368.262439060723409, 3175981.988934961613268 ], [ 748313.732713667443022, 3175354.737153842579573 ], [ 748631.072474713786505, 3175098.373641805257648 ], [ 748675.413129367632791, 3174663.593904887326062 ], [ 748590.31906991940923, 3174035.054935208521783 ], [ 749299.954678948968649, 3173895.159080169629306 ], [ 749733.980218953103758, 3173593.934562541544437 ], [ 750115.259717982495204, 3173282.70946971187368 ], [ 750286.394157642498612, 3172749.543581087142229 ], [ 750619.419386789435521, 3172463.101981736253947 ], [ 750312.146584191708826, 3172314.366404340602458 ], [ 750233.273212364176288, 3172059.698334705550224 ], [ 749783.391875992761925, 3172191.990741749294102 ], [ 749300.508559059118852, 3172472.291281899437308 ], [ 749095.652441521524452, 3172384.790635384619236 ], [ 748292.608501552953385, 3172631.649716880172491 ], [ 748357.371486737276427, 3171867.763608039356768 ], [ 748658.175957501749508, 3171585.871118503157049 ], [ 748787.062388465041295, 3171211.483626525383443 ], [ 748218.984929417259991, 3170548.560488366056234 ], [ 747852.817640303517692, 3170463.157728851772845 ], [ 747580.208544478053227, 3170400.689722968265414 ], [ 747359.463941509369761, 3170814.386292996350676 ], [ 746841.831864076666534, 3171362.24988546827808 ], [ 746593.592512153321877, 3171418.977162693161517 ], [ 746194.344425627263263, 3171664.576846636366099 ], [ 746134.161383753991686, 3171899.566609093453735 ], [ 745784.900729627348483, 3172076.222011044621468 ], [ 745485.275437444681302, 3172093.393975569866598 ], [ 745253.77162270154804, 3171887.592047195415944 ], [ 745098.290686259046197, 3171437.405121599324048 ], [ 744744.347655980265699, 3171303.708425873424858 ], [ 743974.20952632650733, 3171799.862461619544774 ], [ 743716.799977022456005, 3171761.066879719030112 ], [ 743323.740964963450097, 3171355.65624788030982 ], [ 742071.450033986824565, 3170418.036633130628616 ], [ 741682.995049241115339, 3170037.744035108946264 ], [ 740980.881994100287557, 3169591.771540796849877 ], [ 740583.992767099989578, 3169726.778263716492802 ], [ 740275.333510741707869, 3170108.742751160636544 ], [ 739853.485455138143152, 3170333.781103886663914 ], [ 737847.592309536528774, 3169108.581888135522604 ], [ 737170.585865459870547, 3168998.166266319807619 ], [ 736290.166734523372725, 3169275.364784246776253 ], [ 735493.697218448738568, 3169648.432724782731384 ], [ 734185.845622540451586, 3169807.619346349965781 ], [ 734061.300603638868779, 3170175.233831293880939 ], [ 733707.597530077444389, 3170545.239986273925751 ], [ 733662.662533564260229, 3170851.426374635659158 ], [ 733793.266790106659755, 3172118.12780596408993 ], [ 733522.627574222860858, 3172665.760414783842862 ], [ 733921.683330980362371, 3173863.822809120174497 ], [ 734349.513460897142068, 3174367.940845287870616 ], [ 734600.709338401793502, 3174824.320280232001096 ], [ 734184.044979620841332, 3175362.866353781893849 ], [ 733604.058028731378727, 3175566.105623482260853 ], [ 733069.720004954258911, 3175502.112816236447543 ], [ 732253.547557882615365, 3175093.506455361377448 ], [ 731887.175973494420759, 3175210.146360343322158 ], [ 731496.791755457408726, 3175597.238343385513872 ], [ 730964.052318465081044, 3175603.165722736623138 ], [ 730392.796725704800338, 3175368.951712555717677 ], [ 730188.959718079771847, 3175416.104621412232518 ], [ 730026.514380598207936, 3175066.904764093458652 ], [ 729437.789334469707683, 3174960.134474100079387 ], [ 729149.657737624831498, 3174779.357390647288412 ], [ 727907.118625737493858, 3174840.230562209617347 ], [ 727715.635165362735279, 3175133.6233621975407 ], [ 727380.001143667846918, 3175322.059387746732682 ], [ 727409.546370449126698, 3176063.461697741877288 ], [ 726741.724139094469137, 3176918.58440607925877 ], [ 726627.289775484474376, 3177356.664335173554718 ], [ 726789.291561025660485, 3178267.713986010756344 ], [ 726957.239353268174455, 3178719.119819790590554 ], [ 726336.349741235258989, 3178856.550394701305777 ], [ 725266.416434088489041, 3178885.706795115955174 ], [ 724803.274835429969244, 3178772.493977257981896 ], [ 724241.633832385530695, 3178352.449461108539253 ], [ 723986.198392274440266, 3177985.058047282975167 ], [ 723193.991588219068944, 3178268.030642434954643 ], [ 723058.627194625791162, 3178988.690001178067178 ], [ 723122.657256548060104, 3179538.490750553552061 ], [ 722745.986454431549646, 3180206.523090201430023 ], [ 722362.546426463173702, 3180684.740215425379574 ], [ 721793.317165011307225, 3181094.077140195295215 ], [ 721327.449761297670193, 3181206.167170788627118 ], [ 720699.382540617720224, 3181065.867189217824489 ], [ 720329.677161608706228, 3181258.066891708411276 ], [ 719898.395162385655567, 3181868.676909390371293 ], [ 720012.029053270467557, 3182679.080652835778892 ], [ 719540.098152359598316, 3183195.670153455808759 ], [ 719285.635200751712546, 3183170.987679298967123 ], [ 718513.500780467409641, 3183363.687669128645211 ], [ 717612.028861722559668, 3184812.267679112963378 ], [ 716806.526538639329374, 3185402.855186048895121 ], [ 716426.968266586074606, 3185814.908314073458314 ], [ 716907.672110902843997, 3186052.267140925861895 ], [ 717154.384653764893301, 3186487.857446246314794 ], [ 716528.652981378487311, 3186476.168337550014257 ], [ 716021.580563935800456, 3186334.975096252281219 ], [ 715570.848445066832937, 3186409.703405515290797 ], [ 715003.877906441106461, 3186645.33703187899664 ], [ 714428.711040803580545, 3187285.593791975174099 ], [ 714172.287626819801517, 3188058.21193272061646 ], [ 714161.920343205565587, 3189507.207902745809406 ], [ 716023.835407506092452, 3189335.14196716947481 ], [ 716337.734050195198506, 3191755.784975486341864 ], [ 717090.274279514676891, 3191543.586517983581871 ], [ 717139.835066896863282, 3191204.255635723471642 ], [ 717353.741716640419327, 3191038.664753842633218 ], [ 718013.497170220362023, 3190812.727257174439728 ], [ 718964.064330073771998, 3190967.261289529968053 ], [ 719335.841470004641451, 3191160.390748763922602 ], [ 719607.84891754866112, 3191547.045986491721123 ], [ 719750.210974137298763, 3191974.179037498310208 ], [ 720403.568679221323691, 3192006.68196562724188 ], [ 721072.756317318882793, 3192185.444422410335392 ], [ 722153.506699429708533, 3192264.067115859594196 ], [ 722577.172721869661473, 3192078.060828692279756 ], [ 723012.775572149665095, 3191698.370074212085456 ], [ 723297.946042549912818, 3191318.119829840026796 ], [ 723564.633768835570663, 3189695.484972118400037 ], [ 723992.293687224853784, 3189463.072241829242557 ], [ 723903.87611871259287, 3188717.370468558277935 ], [ 723942.143181772786193, 3188240.371462440583855 ], [ 724221.771062512416393, 3187612.595113290008157 ], [ 725237.301791305304505, 3187772.266057754401118 ], [ 725906.280932686524466, 3188048.782134748995304 ], [ 726187.665946415509097, 3188483.368529529776424 ], [ 726641.856848945957609, 3188690.819516370072961 ], [ 727933.563965922337957, 3188099.644244743045419 ], [ 728308.40435905312188, 3188363.127595907077193 ], [ 728704.8042522885371, 3189157.253597182221711 ], [ 729649.87887751031667, 3188878.574218078050762 ], [ 729844.834510981454514, 3187726.003418105654418 ], [ 730302.846132543752901, 3187101.66847807308659 ], [ 731724.971926976460963, 3186679.918202937114984 ], [ 734035.535060710157268, 3186188.437973494641483 ], [ 734488.574424509541132, 3186784.274059623945504 ], [ 734488.603681193548255, 3187815.53874022886157 ], [ 733717.724399354192428, 3189200.519076495897025 ], [ 733696.0155828834977, 3189870.951385053806007 ], [ 734160.773887484916486, 3190137.51072472287342 ], [ 734134.356218739412725, 3190781.412770095746964 ], [ 732965.116270702332258, 3191908.605615078937262 ], [ 734117.728985867346637, 3192562.742400430142879 ], [ 734839.689290189417079, 3192775.956957210320979 ], [ 735022.167103427113034, 3193657.809383208863437 ], [ 734042.191951602697372, 3194199.065378174651414 ], [ 733916.998484766343608, 3197112.057976533193141 ], [ 735365.985357761499472, 3197698.983124637510628 ], [ 735621.015237840940244, 3198374.220344728324562 ], [ 736081.155014482908882, 3198993.165265169460326 ], [ 736410.938070000731386, 3199831.545067561324686 ], [ 736368.010859491187148, 3200328.549327501561493 ], [ 736867.800214573158883, 3200895.472848576493561 ], [ 736966.349598325556144, 3201534.128927147481591 ], [ 737312.78036700701341, 3201844.969594606664032 ], [ 737221.784372689668089, 3202361.079731192905456 ], [ 737491.035593250999227, 3202731.679681462235749 ], [ 738256.039185457164422, 3202881.33560756733641 ], [ 738749.682619940722361, 3202836.124137245118618 ], [ 739060.926120294141583, 3201823.513166511896998 ], [ 739123.933541257865727, 3201369.014424891676754 ], [ 738987.164323990466073, 3200604.325114475563169 ], [ 739717.043554239440709, 3200444.322559006512165 ], [ 740175.859367243712768, 3200432.704301844350994 ], [ 741993.736930566607043, 3200009.341215380933136 ], [ 742553.11731504870113, 3199606.293426367919892 ], [ 743538.168826111941598, 3200168.500126513652503 ], [ 744553.335517158848234, 3199479.883421594742686 ], [ 745741.646351844305173, 3199163.49386123334989 ], [ 746234.89788288960699, 3198832.600455139297992 ], [ 747521.758345468901098, 3199066.327838427387178 ], [ 747885.782230184995569, 3199521.080947078298777 ], [ 748418.839672761270776, 3199730.940929205156863 ], [ 748949.555163820507005, 3199323.122220407240093 ], [ 749656.674909714376554, 3198954.670901115052402 ], [ 750660.273688261280768, 3198926.476705743465573 ], [ 751210.26487748126965, 3199453.070641112048179 ], [ 751616.997358424589038, 3199273.44834869261831 ], [ 751953.113090164260939, 3197893.345590816810727 ], [ 752267.027271211962216, 3197465.496331371366978 ], [ 754356.219135134248063, 3197962.682557270862162 ], [ 754870.196933584404178, 3197990.502913055475801 ], [ 757924.333658312796615, 3198054.859399136155844 ], [ 758339.17330577026587, 3197720.368562838993967 ], [ 758299.728432868607342, 3197352.463683638721704 ], [ 758431.844333224114962, 3196939.526067354250699 ], [ 758888.20141569012776, 3196915.463489662390202 ], [ 759883.92976742668543, 3197250.458330210763961 ], [ 760430.762242532800883, 3197739.583005036227405 ], [ 761007.874973661266267, 3197941.08494338998571 ], [ 761620.654825124423951, 3197717.580836292821914 ], [ 761970.314986424404196, 3197011.314676216803491 ], [ 762084.466414807713591, 3196443.992560414131731 ], [ 762346.110217096749693, 3195844.051498307380825 ], [ 762734.628918713307939, 3195431.675609642174095 ], [ 763047.239913821686059, 3194787.631514047272503 ], [ 762804.173434283933602, 3194501.385664687026292 ], [ 763133.474308629985899, 3193517.339717636350542 ], [ 763054.482454407727346, 3192993.233067899942398 ], [ 762708.638320280238986, 3192045.902460135053843 ], [ 764010.004185681696981, 3190951.946850455366075 ], [ 764232.091264814604074, 3190461.136257937178016 ], [ 764236.50562198809348, 3189449.821112289093435 ], [ 764132.663374203722924, 3188576.721904629841447 ], [ 764229.370427249930799, 3188421.532072303816676 ], [ 764197.684947901987471, 3188078.102095562499017 ], [ 763509.0809745331062, 3187513.267224453855306 ], [ 762733.141285584075376, 3186687.148477482609451 ], [ 762115.447777651017532, 3186673.185348799452186 ], [ 761910.538886586437002, 3186206.126015945337713 ], [ 761808.499785012099892, 3185507.424034723546356 ], [ 761582.689621988683939, 3185271.542722502257675 ] ] ] ] } },
{ "type": "Feature", "properties": { "ID_0": 105, "ISO": "IND", "NAME_0": "India", "ID_1": 34, "NAME_1": "Uttar Pradesh", "ID_2": 593, "NAME_2": "Hapur", "HASC_2": null, "CCN_2": 0, "CCA_2": null, "TYPE_2": "District", "ENGTYPE_2": "District", "NL_NAME_2": null, "VARNAME_2": null }, "geometry": { "type": "MultiPolygon", "coordinates": [ [ [ [ 784064.972169456304982, 3196227.250348966103047 ], [ 784490.690213605063036, 3196033.528305094223469 ], [ 784775.443191664526239, 3195452.739232965745032 ], [ 784692.196832635207102, 3195202.074176906608045 ], [ 784929.407405375735834, 3195070.378784385509789 ], [ 785004.55167748616077, 3194832.921512803994119 ], [ 784752.872480310732499, 3194704.429016171954572 ], [ 784769.145905938232318, 3194315.506248027551919 ], [ 785357.550161179853603, 3194024.882166906725615 ], [ 786389.739967391826212, 3194985.602774444967508 ], [ 786870.001920437440276, 3195150.477735845372081 ], [ 787517.134410377591848, 3195046.562030056025833 ], [ 787913.251990371150896, 3194669.401885859202594 ], [ 788591.571137672406621, 3194870.593148401472718 ], [ 788997.929129931959324, 3195875.661515063606203 ], [ 789358.699439663439989, 3196317.184504992794245 ], [ 790134.771512947510928, 3196300.014914133120328 ], [ 790399.957063737558201, 3196451.191448284313083 ], [ 791147.257186837494373, 3195800.890849099494517 ], [ 791611.029485037084669, 3195611.758701954036951 ], [ 792131.885007897857577, 3195700.649901818949729 ], [ 791975.453729523811489, 3196230.153426626697183 ], [ 792760.795252959243953, 3196849.053412250708789 ], [ 793264.431893776054494, 3196733.155291460920125 ], [ 793707.606920140096918, 3197032.819883873686194 ], [ 794378.089256141684018, 3196890.101382133550942 ], [ 794952.067272531683557, 3197230.813973786775023 ], [ 795763.728508891537786, 3197016.442684155423194 ], [ 797269.631798931048252, 3196260.861710676457733 ], [ 798251.916928944876418, 3196312.594554817769676 ], [ 799240.39786099200137, 3196067.24862117273733 ], [ 800309.038909952156246, 3196037.375150925945491 ], [ 800621.771435854374431, 3196505.982729087118059 ], [ 801251.742622914258391, 3196637.704325273633003 ], [ 802163.751372238621116, 3196698.101445644162595 ], [ 802904.939048373606056, 3196679.816394867841154 ], [ 803252.200279971701093, 3195200.972674129530787 ], [ 802839.175906935590319, 3194551.052060695365071 ], [ 802796.546217829803936, 3194100.658322110306472 ], [ 802630.94363223167602, 3193592.452347899321467 ], [ 803082.089383276412264, 3193300.356931753456593 ], [ 803043.953274603700265, 3192706.598838205449283 ], [ 803357.673191046458669, 3192483.079991782084107 ], [ 803317.677220092155039, 3191533.319166134577245 ], [ 803578.342168611939996, 3190176.856250632088631 ], [ 803388.155640490353107, 3189124.339616192504764 ], [ 803510.627806921955198, 3188461.773988273926079 ], [ 803950.898525988101028, 3187824.033758466131985 ], [ 804897.71187682740856, 3187296.31130662932992 ], [ 804893.835353110684082, 3186591.917249490041286 ], [ 805038.749214479816146, 3185731.653016802389175 ], [ 805681.522182584740222, 3184123.042380110360682 ], [ 805652.107927546952851, 3183596.164560493081808 ], [ 805768.012656391598284, 3182734.928784435614944 ], [ 805787.846213780809194, 3181753.503181600943208 ], [ 806347.18463912489824, 3180744.155167579650879 ], [ 806920.791237101075239, 3180187.66156827006489 ], [ 809118.43597350269556, 3178591.487386151682585 ], [ 810075.436147544300184, 3177044.698249041568488 ], [ 810998.833999734371901, 3176262.550274001900107 ], [ 811394.656569978920743, 3174887.324974601622671 ], [ 811380.806585412356071, 3174315.327384427189827 ], [ 812771.545734389917925, 3170202.951550115365535 ], [ 810034.550913926912472, 3170181.004561086650938 ], [ 809522.046556497458369, 3170325.92677678540349 ], [ 808804.76355470623821, 3170334.879987996071577 ], [ 806805.514049716177396, 3171662.422478700987995 ], [ 806296.616412031464279, 3171503.676526364404708 ], [ 805650.743215799564496, 3171698.587406444828957 ], [ 804814.910808540415019, 3170789.200184820685536 ], [ 804050.934583560330793, 3171217.497602655552328 ], [ 801289.456699743168429, 3171961.488060311414301 ], [ 800861.784727395279333, 3172300.890481003560126 ], [ 800667.433133909478784, 3172569.709992085583508 ], [ 800557.163130817934871, 3173719.94811520120129 ], [ 800179.447757812566124, 3174065.09781629126519 ], [ 799393.15051562525332, 3174535.405495945829898 ], [ 799085.325079409405589, 3174370.070025362540036 ], [ 798632.583754912833683, 3173799.187007284723222 ], [ 797463.129755467991345, 3174219.822484734468162 ], [ 795637.770525048486888, 3175339.352611091453582 ], [ 794792.708660593954846, 3175872.565672125201672 ], [ 794047.388480494963005, 3176715.803686346393079 ], [ 793403.008191904751584, 3177229.83159396937117 ], [ 793191.816605679690838, 3178414.974651284515858 ], [ 793011.409984877682291, 3178793.006289874203503 ], [ 792048.513635358307511, 3179070.767230931203812 ], [ 791087.908294569235295, 3178871.088046476710588 ], [ 790789.655735612846911, 3178891.566656189505011 ], [ 789954.201417724834755, 3179898.02052557002753 ], [ 789478.386479520704597, 3180219.013266807422042 ], [ 788837.471413665916771, 3180489.585030528251082 ], [ 788198.873803661903366, 3180216.035094467923045 ], [ 787781.784639883320779, 3179794.172318063210696 ], [ 787456.320210693636909, 3179316.826167054940015 ], [ 787139.792177689261734, 3179141.648872659541667 ], [ 786676.111094875494018, 3179184.600694491527975 ], [ 785922.949415987823159, 3179105.143485366366804 ], [ 785463.694340821006335, 3178511.38148793997243 ], [ 784283.881326192291453, 3176557.758624039590359 ], [ 783916.03667915891856, 3176064.05929963896051 ], [ 783797.431997569510713, 3175908.198154306039214 ], [ 783630.853985167690553, 3175760.692391704302281 ], [ 784085.78919419250451, 3175254.031149211805314 ], [ 783762.086238993098959, 3174845.838784299325198 ], [ 783414.3766726590693, 3174871.658938982058316 ], [ 783005.937468165764585, 3175062.52779178135097 ], [ 782714.235296399565414, 3174718.195963894482702 ], [ 782555.533770914655179, 3174275.114201560616493 ], [ 782691.80681032105349, 3173918.945267049130052 ], [ 782938.025244728545658, 3173646.689069388899952 ], [ 783612.48249030765146, 3173262.545464081689715 ], [ 783363.892146788770333, 3172678.472421817015857 ], [ 782732.321325373020954, 3171907.612302002962679 ], [ 782717.768641762551852, 3171151.929447742644697 ], [ 781846.794845215859823, 3171353.875782361254096 ], [ 781017.50167450029403, 3171779.885814354289323 ], [ 780439.691119383322075, 3171964.447252614889294 ], [ 780016.414971981896088, 3172492.314842010848224 ], [ 779671.018520590732805, 3172450.816655043978244 ], [ 778317.299051590962335, 3173275.736723705660552 ], [ 777914.066486163530499, 3172811.464561306405813 ], [ 777442.798775572795421, 3171659.056538133881986 ], [ 776649.91150246723555, 3170841.369758163578808 ], [ 776152.646863505477086, 3170810.771550520788878 ], [ 775829.112440397962928, 3170536.97839223081246 ], [ 774764.051652197027579, 3170172.318008607719094 ], [ 774366.860164140118286, 3170139.710497365798801 ], [ 773799.778855428099632, 3169901.30531407520175 ], [ 772835.284656168078072, 3169158.597224648110569 ], [ 771947.60067896777764, 3167387.914779072161764 ], [ 771569.725484624272212, 3166262.123587374109775 ], [ 771245.946095953695476, 3165827.907421505078673 ], [ 770769.953517424641177, 3165579.519743101671338 ], [ 769898.714399813208729, 3165692.245766758918762 ], [ 769246.867932996130548, 3165262.378125559072942 ], [ 768794.102120587485842, 3165073.422361311968416 ], [ 768561.484163788147271, 3164469.187872442416847 ], [ 768702.562991100479849, 3163366.660719567444175 ], [ 768249.79178602504544, 3162848.143555589020252 ], [ 767823.868869118741713, 3162591.310462862253189 ], [ 766746.080183751881123, 3162384.79003817634657 ], [ 766321.190104005392641, 3162113.443534841760993 ], [ 766077.158368687145412, 3161772.814475492108613 ], [ 765609.604550834512338, 3161338.487717504613101 ], [ 765318.56138856348116, 3161422.646607035771012 ], [ 765147.452950890175998, 3161390.427472060080618 ], [ 764750.552955426974222, 3162026.653896878473461 ], [ 764387.024591476190835, 3162112.792094772215933 ], [ 763544.466721137054265, 3162007.28983333799988 ], [ 762771.525723261293024, 3162161.697697243653238 ], [ 762018.378002542536706, 3161899.870993869844824 ], [ 761524.993216729490086, 3162282.515187382232398 ], [ 761265.354399409028701, 3162602.69726357748732 ], [ 761032.610611071344465, 3163124.441142179537565 ], [ 760733.382062170188874, 3164552.82487732777372 ], [ 760171.627097051823512, 3165329.980819944757968 ], [ 759467.331761431181803, 3166106.110268883872777 ], [ 758904.169639809755608, 3166515.216254469938576 ], [ 758678.221358026261441, 3166602.233329550828785 ], [ 757584.207516146474518, 3165756.507700473535806 ], [ 757121.151429980644025, 3165147.061664959881455 ], [ 756630.680859918822534, 3164763.795467616058886 ], [ 755761.558173851110041, 3164378.830998372286558 ], [ 755509.178283242159523, 3164957.764561321120709 ], [ 754248.318287577596493, 3166377.550214954651892 ], [ 754131.691338200704195, 3166590.13543999241665 ], [ 754036.353532619541511, 3167300.89940393390134 ], [ 753620.986585805774666, 3168206.086382896173745 ], [ 752927.246310663642362, 3168868.560662698931992 ], [ 751147.358121402096003, 3169881.425518748816103 ], [ 750842.920822160202079, 3169910.419431471731514 ], [ 750550.472036426188424, 3169658.992879496421665 ], [ 749938.384966819430701, 3168785.216802649665624 ], [ 749686.451550184981897, 3168766.717246090993285 ], [ 748956.189166369731538, 3169264.486302750650793 ], [ 748335.630588805070147, 3169942.088176975492388 ], [ 748483.805070048896596, 3170310.314786090049893 ], [ 748218.984929417259991, 3170548.560488366056234 ], [ 748787.062388480873778, 3171211.483626544475555 ], [ 748658.175957517581992, 3171585.871118522249162 ], [ 748357.371486736810766, 3171867.763608058914542 ], [ 748292.608501569135115, 3172631.649716880172491 ], [ 749095.652441521524452, 3172384.790635384619236 ], [ 749300.508559075416997, 3172472.29128189990297 ], [ 749783.391876008827239, 3172191.990741749759763 ], [ 750233.273212380241603, 3172059.698334706015885 ], [ 750312.146584207890555, 3172314.366404340602458 ], [ 750619.419386805500835, 3172463.101981736253947 ], [ 750286.394157659960911, 3172749.543581088073552 ], [ 750115.259717999491841, 3173282.709469731431454 ], [ 749733.980218970449641, 3173593.934562542010099 ], [ 749299.954678965965286, 3173895.159080188255757 ], [ 748590.319069918943569, 3174035.054935228079557 ], [ 748675.413129383698106, 3174663.593904887791723 ], [ 748631.072474713786505, 3175098.373641805257648 ], [ 748313.732713666977361, 3175354.737153861206025 ], [ 748368.262439077720046, 3175981.988934981171042 ], [ 748570.470457350136712, 3176435.562900305725634 ], [ 749514.666331221349537, 3176344.694739239290357 ], [ 750516.342595286667347, 3178091.985622787848115 ], [ 751052.612126247724518, 3178025.905328454915434 ], [ 751694.814733702456579, 3178236.060697010252625 ], [ 752959.47123840812128, 3178257.963838509749621 ], [ 753971.182418223354034, 3178488.550636003259569 ], [ 753669.121388665400445, 3178726.068245553877205 ], [ 753862.335773757193238, 3179101.509827924426645 ], [ 754125.960035373456776, 3179360.248912376817316 ], [ 755118.378785077598877, 3179887.513203183654696 ], [ 755150.582032596808858, 3180493.829295160248876 ], [ 757297.130082914722152, 3181706.227428599260747 ], [ 760479.340509109199047, 3183804.251410810276866 ], [ 761582.689622004749253, 3185271.542722502257675 ], [ 761705.836762911407277, 3184736.363182300701737 ], [ 762147.410910327685997, 3184067.687466759700328 ], [ 762403.968625918845646, 3183140.570452206768095 ], [ 762598.398511551320553, 3182885.396792934276164 ], [ 762990.549870763905346, 3182659.235541214235127 ], [ 763498.488620704272762, 3182688.506061255000532 ], [ 764007.388206293573603, 3182839.671420705504715 ], [ 765413.623450409621, 3182425.957479483447969 ], [ 765823.925229391781613, 3182453.312076343689114 ], [ 766296.758888554759324, 3183071.704158277716488 ], [ 767191.756124234409072, 3183781.266429170034826 ], [ 767676.32017430360429, 3183949.601005663629621 ], [ 768171.264668804476969, 3183796.845967358909547 ], [ 768650.398364443797618, 3183812.566039819736034 ], [ 769038.836786749772727, 3184428.08217054605484 ], [ 769248.776306486688554, 3184764.665495092514902 ], [ 770247.795654818997718, 3185092.717088437173516 ], [ 770615.893764534383081, 3185327.654725112486631 ], [ 770951.14486810262315, 3185691.525352559518069 ], [ 771142.819807603722438, 3186008.684709508903325 ], [ 771094.385136613040231, 3186294.852610094472766 ], [ 770811.283928660792299, 3186700.999373463448137 ], [ 770716.532168666599318, 3186991.588127158582211 ], [ 771221.147719496395439, 3187762.024548925459385 ], [ 771551.454953631269746, 3188078.205859873443842 ], [ 772021.922586779925041, 3188202.200036519672722 ], [ 772664.054945628391579, 3187904.581051567103714 ], [ 773227.707905382034369, 3188091.956666321959347 ], [ 773433.185497817350551, 3188894.39790232013911 ], [ 774619.110862649744377, 3189023.119273342657834 ], [ 775058.434593219426461, 3189420.699016835540533 ], [ 776480.363743118243292, 3189622.073867646977305 ], [ 776738.769461515010335, 3190038.686698909848928 ], [ 777527.544924914138392, 3189938.846337655093521 ], [ 778903.098689131555147, 3189214.197087606880814 ], [ 779222.10987239703536, 3189804.342179412022233 ], [ 778978.433705405681394, 3190792.462402934674174 ], [ 779032.701582511421293, 3191665.252628559246659 ], [ 778822.173735810094513, 3192299.357770277652889 ], [ 779114.499082183465362, 3193003.120507715735584 ], [ 778661.449257021653466, 3193187.285393920727074 ], [ 778118.263976383255795, 3193556.969100154004991 ], [ 778132.372993855038658, 3193900.272230490110815 ], [ 778367.050439125276171, 3194274.054602248128504 ], [ 778360.274697811575606, 3195082.536973948124796 ], [ 778158.869944107951596, 3195712.212071446236223 ], [ 778388.225891560548916, 3196212.394905845634639 ], [ 778753.703458075644448, 3196689.417201783042401 ], [ 779169.951412906870246, 3196882.683344664983451 ], [ 779760.873951765242964, 3196660.415604515466839 ], [ 780254.825557366944849, 3196136.650977184996009 ], [ 780785.069624667521566, 3196114.808630760759115 ], [ 780675.122225687140599, 3196623.744587944354862 ], [ 780929.569126569200307, 3197005.902867136988789 ], [ 781534.320004858309403, 3197227.113717180676758 ], [ 782889.466427711886354, 3196585.64831911586225 ], [ 784064.972169456304982, 3196227.250348966103047 ] ] ] ] } },
{ "type": "Feature", "properties": { "ID_0": 105, "ISO": "IND", "NAME_0": "India", "ID_1": 34, "NAME_1": "Uttar Pradesh", "ID_2": 613, "NAME_2": "Meerut", "HASC_2": "IN.UP.ME", "CCN_2": 0, "CCA_2": null, "TYPE_2": "District", "ENGTYPE_2": "District", "NL_NAME_2": null, "VARNAME_2": null }, "geometry": { "type": "MultiPolygon", "coordinates": [ [ [ [ 797440.207050620345399, 3241557.60465512983501 ], [ 798413.061868743621744, 3241453.138771606609225 ], [ 799491.481128754443489, 3240948.79340231930837 ], [ 800299.784861615858972, 3240866.817142855841666 ], [ 800658.736667067511007, 3240738.731615490280092 ], [ 801068.683649809332564, 3240451.161607334855944 ], [ 801555.706616478506476, 3240785.743604623712599 ], [ 802044.530925632920116, 3240827.701228599995375 ], [ 803744.993392187170684, 3240752.958991608116776 ], [ 803312.242448183824308, 3239469.878312363754958 ], [ 803246.365603407262824, 3239044.207563361618668 ], [ 803068.795270280214027, 3238769.851008984725922 ], [ 803142.085330876638182, 3238136.246354618575424 ], [ 802906.537212133174762, 3237388.608019725885242 ], [ 802974.744076649658382, 3237197.194625294301659 ], [ 802771.888632311834954, 3236754.980643815826625 ], [ 802918.922011501854286, 3236168.203190114814788 ], [ 802911.043829631991684, 3235402.496680974494666 ], [ 804238.504543737974018, 3233888.835246983915567 ], [ 804453.369765800656751, 3233213.293830997310579 ], [ 804507.531431537820026, 3232631.032869656570256 ], [ 804383.437594120507129, 3232102.854556788690388 ], [ 804075.850432700710371, 3231545.664880109485239 ], [ 803896.214583111461252, 3230981.308970800135285 ], [ 803632.767720246920362, 3230718.008401109836996 ], [ 802860.202865111175925, 3230572.21017077146098 ], [ 802295.534308832138777, 3230291.016155586577952 ], [ 801602.652208264567889, 3229010.942309968639165 ], [ 801385.206832280498929, 3228126.506060055922717 ], [ 801558.645922790281475, 3226029.563780539669096 ], [ 801667.106658161734231, 3225665.239797552116215 ], [ 802298.868033010978252, 3224907.330307607073337 ], [ 802335.920102862874046, 3224461.338344800285995 ], [ 802177.812158051412553, 3223381.856299473438412 ], [ 801230.502579152118415, 3221832.103960817679763 ], [ 799948.781019966932945, 3221229.631104079075158 ], [ 799781.172345352708362, 3220587.190437767654657 ], [ 799449.817768572364002, 3220376.428418569266796 ], [ 799322.624001138610765, 3220206.769341268576682 ], [ 799213.10547361522913, 3220072.068287955597043 ], [ 799317.270393896382302, 3219614.076931680552661 ], [ 799558.086888854624704, 3219078.177387975156307 ], [ 800618.033678581239656, 3218334.518899154383689 ], [ 800603.875447876052931, 3218079.982773061841726 ], [ 800360.075677305925637, 3217619.023827526252717 ], [ 800372.47098664753139, 3217145.303145607933402 ], [ 800597.676228824071586, 3217066.969858422409743 ], [ 800628.720076318597421, 3216733.622718643862754 ], [ 800567.695085198618472, 3216393.632929054554552 ], [ 800951.030967516475357, 3215419.602779291570187 ], [ 800426.438562389928848, 3212576.852387940976769 ], [ 800666.36731248057913, 3210770.970099929720163 ], [ 800365.157212651101872, 3209964.220183806493878 ], [ 799457.570951348403469, 3209145.083628673572093 ], [ 798891.64355486095883, 3208780.780769198201597 ], [ 797690.003181751235388, 3207551.258664612658322 ], [ 797190.671468342188746, 3206302.734145163558424 ], [ 797076.23461358086206, 3205485.271458379924297 ], [ 798341.25909273896832, 3203038.187184579670429 ], [ 797532.191825923859142, 3201402.243492700625211 ], [ 797487.34126339876093, 3201003.673189042601734 ], [ 797691.479861014522612, 3200568.348298978526145 ], [ 798715.966750075574964, 3199780.490348997991532 ], [ 799588.343956293072551, 3199290.534024785738438 ], [ 800389.716189874452539, 3199041.730936502572149 ], [ 801181.924152792431414, 3199089.012411659117788 ], [ 801693.851152076385915, 3199028.084290171973407 ], [ 802170.282145771896467, 3198501.310757833067328 ], [ 802601.001103237038478, 3197701.417520564049482 ], [ 802904.939048373606056, 3196679.816394867841154 ], [ 802163.751372238621116, 3196698.101445644162595 ], [ 801251.742622914258391, 3196637.704325273633003 ], [ 800621.771435854374431, 3196505.982729087118059 ], [ 800309.038909952156246, 3196037.375150925945491 ], [ 799240.39786099200137, 3196067.24862117273733 ], [ 798251.916928944876418, 3196312.594554817769676 ], [ 797269.631798931048252, 3196260.861710676457733 ], [ 795763.728508891537786, 3197016.442684155423194 ], [ 794952.067272531683557, 3197230.813973786775023 ], [ 794378.089256141684018, 3196890.101382133550942 ], [ 793707.606920140096918, 3197032.819883873686194 ], [ 793264.431893776054494, 3196733.155291460920125 ], [ 792760.795252959243953, 3196849.053412250708789 ], [ 791975.453729523811489, 3196230.153426626697183 ], [ 792131.885007897857577, 3195700.649901818949729 ], [ 791611.029485037084669, 3195611.758701954036951 ], [ 791147.257186837494373, 3195800.890849099494517 ], [ 790399.957063737558201, 3196451.191448284313083 ], [ 790134.771512947510928, 3196300.014914133120328 ], [ 789358.699439663439989, 3196317.184504992794245 ], [ 788997.929129931959324, 3195875.661515063606203 ], [ 788591.571137672406621, 3194870.593148401472718 ], [ 787913.251990371150896, 3194669.401885859202594 ], [ 787517.134410377591848, 3195046.562030056025833 ], [ 786870.001920437440276, 3195150.477735845372081 ], [ 786389.739967391826212, 3194985.602774444967508 ], [ 785357.550161179853603, 3194024.882166906725615 ], [ 784769.145905938232318, 3194315.506248027551919 ], [ 784752.872480310732499, 3194704.429016171954572 ], [ 785004.55167748616077, 3194832.921512803994119 ], [ 784929.407405375735834, 3195070.378784385509789 ], [ 784692.196832635207102, 3195202.074176906608045 ], [ 784775.443191664526239, 3195452.739232965745032 ], [ 784490.690213605063036, 3196033.528305094223469 ], [ 784064.972169456304982, 3196227.250348966103047 ], [ 782889.466427711886354, 3196585.64831911586225 ], [ 781534.320004858309403, 3197227.113717180676758 ], [ 780929.569126569200307, 3197005.902867136988789 ], [ 780675.122225687140599, 3196623.744587944354862 ], [ 780785.069624667521566, 3196114.808630760759115 ], [ 780254.825557366944849, 3196136.650977184996009 ], [ 779760.873951765242964, 3196660.415604515466839 ], [ 779169.951412906870246, 3196882.683344664983451 ], [ 778753.703458075644448, 3196689.417201783042401 ], [ 778388.225891560548916, 3196212.394905845634639 ], [ 778158.869944107951596, 3195712.212071446236223 ], [ 778360.274697811575606, 3195082.536973948124796 ], [ 778367.050439125276171, 3194274.054602248128504 ], [ 778132.372993855038658, 3193900.272230490110815 ], [ 778118.263976383255795, 3193556.969100154004991 ], [ 778661.449257021653466, 3193187.285393920727074 ], [ 779114.499082183465362, 3193003.120507715735584 ], [ 778822.173735810094513, 3192299.357770277652889 ], [ 779032.701582511421293, 3191665.252628559246659 ], [ 778978.433705405681394, 3190792.462402934674174 ], [ 779222.10987239703536, 3189804.342179412022233 ], [ 778903.098689131555147, 3189214.197087606880814 ], [ 777527.544924914138392, 3189938.846337655093521 ], [ 776738.769461515010335, 3190038.686698909848928 ], [ 776480.363743118243292, 3189622.073867646977305 ], [ 775058.434593219426461, 3189420.699016835540533 ], [ 774619.110862649744377, 3189023.119273342657834 ], [ 773433.185497817350551, 3188894.39790232013911 ], [ 773227.707905382034369, 3188091.956666321959347 ], [ 772664.054945628391579, 3187904.581051567103714 ], [ 772021.922586779925041, 3188202.200036519672722 ], [ 771551.454953631269746, 3188078.205859873443842 ], [ 771221.147719496395439, 3187762.024548925459385 ], [ 770716.532168666599318, 3186991.588127158582211 ], [ 770811.283928660792299, 3186700.999373463448137 ], [ 771094.385136613040231, 3186294.852610094472766 ], [ 771142.819807603722438, 3186008.684709508903325 ], [ 770951.14486810262315, 3185691.525352559518069 ], [ 770615.893764534383081, 3185327.654725112486631 ], [ 770247.795654818997718, 3185092.717088437173516 ], [ 769248.776306486688554, 3184764.665495092514902 ], [ 769038.836786749772727, 3184428.08217054605484 ], [ 768650.398364443797618, 3183812.566039819736034 ], [ 768171.264668804476969, 3183796.845967358909547 ], [ 767676.32017430360429, 3183949.601005663629621 ], [ 767191.756124234409072, 3183781.266429170034826 ], [ 766296.758888554759324, 3183071.704158277716488 ], [ 765823.925229391781613, 3182453.312076343689114 ], [ 765413.623450409621, 3182425.957479483447969 ], [ 764007.388206293573603, 3182839.671420705504715 ], [ 763498.488620704272762, 3182688.506061255000532 ], [ 762990.549870763905346, 3182659.235541214235127 ], [ 762598.398511551320553, 3182885.396792934276164 ], [ 762403.968625918845646, 3183140.570452206768095 ], [ 762147.410910327685997, 3184067.687466759700328 ], [ 761705.836762911407277, 3184736.363182300701737 ], [ 761582.689622004749253, 3185271.542722502257675 ], [ 761808.499785012099892, 3185507.424034723546356 ], [ 761910.538886585971341, 3186206.126015963964164 ], [ 762115.44777765055187, 3186673.185348818544298 ], [ 762733.14128558372613, 3186687.148477501701564 ], [ 763509.0809745331062, 3187513.267224453855306 ], [ 764197.684947901521809, 3188078.102095581591129 ], [ 764229.370427265763283, 3188421.53207232337445 ], [ 764132.663374220719561, 3188576.721904649864882 ], [ 764236.505622005672194, 3189449.821112289093435 ], [ 764232.091264830902219, 3190461.136257938109338 ], [ 764010.004185681696981, 3190951.946850455366075 ], [ 762708.638320297235623, 3192045.902460155077279 ], [ 763054.482454423326999, 3192993.233067920431495 ], [ 763133.474308629985899, 3193517.339717636350542 ], [ 762804.173434283933602, 3194501.385664687026292 ], [ 763047.239913821686059, 3194787.631514047272503 ], [ 762734.628918713307939, 3195431.675609642174095 ], [ 762346.110217096749693, 3195844.051498307380825 ], [ 762084.46641482389532, 3196443.992560414597392 ], [ 761970.31498642405495, 3197011.314676235895604 ], [ 761620.654825124423951, 3197717.580836292821914 ], [ 761007.874973678728566, 3197941.084943390917033 ], [ 760430.762242532335222, 3197739.583005055319518 ], [ 759883.929767426219769, 3197250.458330229390413 ], [ 758888.20141568989493, 3196915.463489681482315 ], [ 758431.844333241460845, 3196939.526067354716361 ], [ 758299.728432885487564, 3197352.463683657813817 ], [ 758339.173305787611753, 3197720.368562839459628 ], [ 757924.333658330258913, 3198054.859399137087166 ], [ 754870.196933600120246, 3197990.502913075499237 ], [ 754356.219135134248063, 3197962.682557270862162 ], [ 752267.027271211962216, 3197465.496331371366978 ], [ 751953.113090163795277, 3197893.34559083590284 ], [ 751616.997358440654352, 3199273.44834869261831 ], [ 751210.264877496985719, 3199453.070641132071614 ], [ 750660.273688276880421, 3198926.476705762557685 ], [ 749656.674909730209038, 3198954.670901134144515 ], [ 748949.555163820041344, 3199323.122220426332206 ], [ 748418.839672777452506, 3199730.940929205156863 ], [ 747885.782230200711638, 3199521.080947097856551 ], [ 747521.758345468901098, 3199066.327838427387178 ], [ 746234.897882907069288, 3198832.600455139297992 ], [ 745741.646351860486902, 3199163.49386123334989 ], [ 744553.335517158498988, 3199479.883421613834798 ], [ 743538.168826127890497, 3200168.500126514583826 ], [ 742553.11731504870113, 3199606.293426367919892 ], [ 741993.73693058360368, 3200009.341215400025249 ], [ 740175.859367243712768, 3200432.704301844350994 ], [ 739717.043554256903008, 3200444.322559006512165 ], [ 738987.164324007695541, 3200604.32511447602883 ], [ 739123.933541257400066, 3201369.014424910768867 ], [ 739060.926120311487466, 3201823.513166511896998 ], [ 738749.682619956904091, 3202836.124137245584279 ], [ 739216.087813437683508, 3203099.808504107873887 ], [ 739647.010367910843343, 3205499.467316998168826 ], [ 740583.831539049278945, 3206747.876859867479652 ], [ 740736.065589718287811, 3207474.012510188855231 ], [ 740484.965344843221828, 3208062.064296189229935 ], [ 740868.74714249256067, 3209880.019766313489527 ], [ 740537.669889750890434, 3210096.877806408796459 ], [ 739957.183097612229176, 3211181.459342276677489 ], [ 739884.121174189494923, 3211439.463393243495375 ], [ 738954.670614020666108, 3212968.179425564128906 ], [ 738981.05451955483295, 3213237.138336108066142 ], [ 739007.015888117719442, 3213919.597765161190182 ], [ 737947.72632221726235, 3214336.71274227462709 ], [ 737968.525241707684472, 3215091.396041564643383 ], [ 738280.328719705925323, 3216618.216270576231182 ], [ 738032.685769307077862, 3217984.741229415405542 ], [ 738099.508151655434631, 3218274.843656132929027 ], [ 737661.497192131006159, 3219218.204473165795207 ], [ 737553.833977603819221, 3220038.336762805934995 ], [ 737451.179921346018091, 3220652.982582870870829 ], [ 737438.411666015279479, 3221269.279447285458446 ], [ 737417.110206770012155, 3222297.217035296838731 ], [ 737389.429178782855161, 3223632.56509377155453 ], [ 737722.598089149338193, 3224975.617000927682966 ], [ 738590.469124783412553, 3226638.643718052189797 ], [ 739097.312954942230135, 3228293.781589084304869 ], [ 740389.258021208690479, 3231199.256991975475103 ], [ 740933.799838504404761, 3232942.681520357728004 ], [ 741364.708287771674804, 3233171.984425425063819 ], [ 741713.078763509402052, 3233091.788401536643505 ], [ 742727.58015471091494, 3232232.743755807168782 ], [ 743080.682912223506719, 3232141.475822494830936 ], [ 743422.330321664223447, 3233074.821485849563032 ], [ 743773.707885648705997, 3233480.418249701615423 ], [ 744088.915904839173891, 3233632.477903721854091 ], [ 744476.773318564053625, 3233580.92074809409678 ], [ 745114.511079701711424, 3233646.641952998936176 ], [ 745158.53809758333955, 3234257.641044488642365 ], [ 745526.071492156595923, 3234770.26016525644809 ], [ 746146.198503516148776, 3234926.625175875611603 ], [ 746392.438332891790196, 3235175.840575130656362 ], [ 746600.914692862890661, 3235626.25952006271109 ], [ 746849.084142421372235, 3235922.277967661153525 ], [ 747475.361094711581245, 3235860.340506324078888 ], [ 747944.100805653142743, 3236387.51997568551451 ], [ 748851.301905552158132, 3236919.425423185806721 ], [ 748930.598065665690228, 3237196.36787661164999 ], [ 748720.067158590303734, 3237729.497618640772998 ], [ 748834.494049254455604, 3237960.668912953697145 ], [ 749359.641099973930977, 3238446.423675368074328 ], [ 749435.347889510681853, 3238852.12099011708051 ], [ 750499.992462510010228, 3239702.830735258292407 ], [ 750653.329122542520054, 3240320.734135495033115 ], [ 751071.058887520106509, 3240185.459397780243307 ], [ 751487.934921097243205, 3239719.961879509035498 ], [ 752111.776323557132855, 3239359.118367223069072 ], [ 752797.550113275879994, 3239318.901549691334367 ], [ 753364.488760512322187, 3239184.05768758803606 ], [ 754054.545654985820875, 3238819.920383493416011 ], [ 754300.397427235729992, 3237646.456425721757114 ], [ 754590.775992816081271, 3237006.453927473630756 ], [ 754928.462428939295933, 3236442.825449262280017 ], [ 755562.217869034735486, 3236149.63948235148564 ], [ 756654.471398963127285, 3236098.870809049811214 ], [ 757156.748601592960767, 3238443.819859722629189 ], [ 757894.037693555117585, 3239213.835014063864946 ], [ 758487.617778682615608, 3239217.141856212168932 ], [ 759335.923519752337597, 3239016.626883052755147 ], [ 759844.113313998910598, 3238795.289046271704137 ], [ 759786.048116928664967, 3238185.103605907410383 ], [ 760844.650121077196673, 3237491.692817258648574 ], [ 760912.737218826077878, 3237014.072157446295023 ], [ 760751.674928301014006, 3236332.765085151884705 ], [ 761456.86756485607475, 3236234.467383591458201 ], [ 762279.409995005233213, 3236004.993963334243745 ], [ 762626.247570120263845, 3236158.322406259831041 ], [ 763290.713489899528213, 3236250.23768809158355 ], [ 764906.024857862154022, 3235481.39214432798326 ], [ 765167.622461415012367, 3235532.96008977573365 ], [ 765661.883532037492841, 3235284.66330225719139 ], [ 766038.955627831513993, 3235509.888423514086753 ], [ 766285.712214542552829, 3235465.719239369034767 ], [ 768083.00337701337412, 3234266.342896542977542 ], [ 769626.110501698451117, 3233439.074233687948436 ], [ 769639.920077989110723, 3233137.48602845473215 ], [ 769418.22825207025744, 3232494.359004615806043 ], [ 769383.314952430664562, 3232054.311233298387378 ], [ 769449.444108819356188, 3231769.614864653442055 ], [ 769781.801993340486661, 3231784.234084726776928 ], [ 770282.180451813619584, 3231947.979085650295019 ], [ 771062.894311763695441, 3231845.680332778021693 ], [ 771570.521842133137397, 3231828.969916000496596 ], [ 772304.277534524328075, 3233509.236241148784757 ], [ 772734.745503335259855, 3233580.241143138147891 ], [ 773345.388901490485296, 3233414.165508587379009 ], [ 774472.458528605289757, 3233636.51214590575546 ], [ 775193.274700490292162, 3233676.0920370509848 ], [ 775523.487663885811344, 3233501.04166765557602 ], [ 776010.927409161464311, 3233856.648259957786649 ], [ 776242.710750337340869, 3233852.313841457013041 ], [ 776702.730264977784827, 3234540.961660852190107 ], [ 776767.268003338947892, 3234971.836933230515569 ], [ 776952.018733851378784, 3235160.614735688548535 ], [ 777229.655526287271641, 3236048.201493088155985 ], [ 777498.990332087501884, 3236481.952267719898373 ], [ 777758.026537181343883, 3236636.797740770038217 ], [ 778060.766511724097654, 3236551.926967677194625 ], [ 778521.019746778765693, 3236249.588155600242317 ], [ 779139.892987028928474, 3235716.493474013637751 ], [ 780034.639088108786382, 3235532.13279081787914 ], [ 781025.019082182785496, 3234873.260876711923629 ], [ 781230.254422364989296, 3234921.485574307385832 ], [ 781620.465322102885693, 3235357.057888839393854 ], [ 781957.756769119529054, 3235589.474536470603198 ], [ 782623.530760883819312, 3235329.823288185987622 ], [ 783078.604115240043029, 3235423.212322781328112 ], [ 783416.361193564953282, 3235247.511183784343302 ], [ 783682.534347259439528, 3235382.782855296973139 ], [ 783757.772250274661928, 3235552.030800178647041 ], [ 783865.128137042047456, 3235952.089021959342062 ], [ 783896.202501844032668, 3236522.915388525929302 ], [ 784154.337425672914833, 3237038.67287672823295 ], [ 784563.002891605254263, 3237411.768863853998482 ], [ 785062.369836911093444, 3237719.226941718254238 ], [ 785632.035648930934258, 3237827.447801087517291 ], [ 786121.202152901096269, 3237829.98924670740962 ], [ 786915.535371776204556, 3237477.115437963977456 ], [ 787097.793351999251172, 3237639.354104205034673 ], [ 787190.714860633714125, 3237929.059367282316089 ], [ 787675.083875229815021, 3238033.542237763293087 ], [ 788348.282645595958456, 3238596.517297127749771 ], [ 788967.524423618568107, 3238357.855221103411168 ], [ 789612.535907124518417, 3238245.577067215926945 ], [ 790005.223829179652967, 3238946.69805541401729 ], [ 790219.435255118878558, 3239716.717503284104168 ], [ 790333.651689852005802, 3239866.067067612893879 ], [ 790431.216683877632022, 3239911.513607886154205 ], [ 792623.757035169168375, 3239861.64240621868521 ], [ 792848.908023757394403, 3240083.495821178425103 ], [ 793109.820707237464376, 3240328.707318974193186 ], [ 794005.676988605875522, 3241423.679680947680026 ], [ 797106.248957687756047, 3241442.006099995225668 ], [ 797440.207050620345399, 3241557.60465512983501 ] ] ] ] } },
{ "type": "Feature", "properties": { "ID_0": 105, "ISO": "IND", "NAME_0": "India", "ID_1": 34, "NAME_1": "Uttar Pradesh", "ID_2": 616, "NAME_2": "Muzaffarnagar", "HASC_2": "IN.UP.MU", "CCN_2": 0, "CCA_2": null, "TYPE_2": "District", "ENGTYPE_2": "District", "NL_NAME_2": null, "VARNAME_2": null }, "geometry": { "type": "MultiPolygon", "coordinates": [ [ [ [ 784507.23572956235148, 3290782.559128045104444 ], [ 784671.472690207185224, 3290542.744000673294067 ], [ 785360.568689063889906, 3290034.652685902547091 ], [ 785613.719221243867651, 3289786.749565580394119 ], [ 785060.67503957846202, 3289595.080756429582834 ], [ 784685.253141997847706, 3289392.515136063098907 ], [ 784580.08961064950563, 3289169.117805372457951 ], [ 784826.513793756370433, 3288808.020598432049155 ], [ 785090.074356974102557, 3288674.009992401115596 ], [ 784804.958963796962053, 3288464.646868394222111 ], [ 784790.095184693462215, 3288235.718674728646874 ], [ 784969.251825502607971, 3288223.987740844953805 ], [ 784864.85600782034453, 3287999.126930692698807 ], [ 784954.428137255134061, 3287993.578782070428133 ], [ 785027.656941334484145, 3287759.276478749234229 ], [ 785209.814066505525261, 3287746.143691120203584 ], [ 785648.835386246908456, 3287602.016696547623724 ], [ 785888.634461549576372, 3287126.703234957996756 ], [ 786144.065877037122846, 3286879.075068031437695 ], [ 786307.680421461351216, 3286637.990126816090196 ], [ 786634.929321787552908, 3286155.825974717270583 ], [ 786710.444740685168654, 3285920.5308618536219 ], [ 786799.297023002873175, 3285914.977177256252617 ], [ 787369.573912107851356, 3286334.653315966948867 ], [ 787564.305585106369108, 3286552.550020840018988 ], [ 787653.919947638874874, 3286545.965027103200555 ], [ 787646.513257374055684, 3286431.497120107524097 ], [ 787719.806066228542477, 3286197.207658821251243 ], [ 787614.667157648596913, 3285973.568878853227943 ], [ 787510.202603669138625, 3285752.27679304452613 ], [ 787406.553698856616393, 3285527.832766491454095 ], [ 787390.253310726489872, 3285298.860191225539893 ], [ 787375.402154296403751, 3285070.983110761269927 ], [ 787277.62433792068623, 3284963.085211580153555 ], [ 787172.456840659491718, 3284739.664036370813847 ], [ 787052.429311143932864, 3284288.15693988557905 ], [ 787276.799682715558447, 3283582.85529073048383 ], [ 787694.551133814034984, 3283093.931665346957743 ], [ 787963.412126238457859, 3283076.713251368142664 ], [ 788053.054538303869776, 3283070.129257794935256 ], [ 788218.230305210570805, 3282829.315234345849603 ], [ 788006.348165954928845, 3282384.323448004201055 ], [ 787870.031795841176063, 3281702.989645863883197 ], [ 787922.609975036233664, 3281124.278968597296625 ], [ 788072.222878984408453, 3280655.14227092359215 ], [ 788130.718463649740443, 3280191.918888860847801 ], [ 788280.374797414522618, 3279721.726432580500841 ], [ 788076.625021695159376, 3279389.322445026598871 ], [ 787643.936655710916966, 3279647.828253967221826 ], [ 787269.021935252822004, 3279441.836501989047974 ], [ 786893.322653326322325, 3279237.108402521815151 ], [ 786640.683324054349214, 3279484.596142864320427 ], [ 786475.498659982345998, 3279725.645030374638736 ], [ 786223.585849983850494, 3279974.428482718300074 ], [ 785855.393130395677872, 3279881.661448877770454 ], [ 785653.743529134080745, 3279551.478112463839352 ], [ 785727.791001529432833, 3279315.927401792723686 ], [ 785795.906019678222947, 3278964.893564233090729 ], [ 785943.247942352667451, 3278494.832185338716954 ], [ 786026.218353676842526, 3278373.995712238829583 ], [ 785814.173631537239999, 3277928.00399939250201 ], [ 785613.278880891622975, 3277595.517616437748075 ], [ 785597.648873046506196, 3277366.572616001125425 ], [ 785582.017623636173084, 3277137.627755530644208 ], [ 785484.112975935684517, 3277031.02229833137244 ], [ 785575.283660460729152, 3277024.240986657794565 ], [ 785736.804450605297461, 3276782.238117630127817 ], [ 785909.478098848368973, 3276654.583082342986017 ], [ 786073.97377914073877, 3276412.44799109781161 ], [ 786343.87697355938144, 3276389.275828226935118 ], [ 786715.983886311063543, 3276594.093580903485417 ], [ 786897.61285103962291, 3276579.897660510614514 ], [ 787061.365752138197422, 3276338.813792034517974 ], [ 787344.842281709075905, 3276421.61097788112238 ], [ 787442.707876403117552, 3276558.282997673843056 ], [ 787656.41757611988578, 3276504.923741286154836 ], [ 787966.103525512036867, 3276286.635448470711708 ], [ 787995.882381446310319, 3276308.349541500210762 ], [ 788387.794786663958803, 3276317.346957782283425 ], [ 788553.529101462103426, 3276547.828856695443392 ], [ 788759.514073839876801, 3276824.001517003867775 ], [ 788883.264705802663229, 3276960.295825022738427 ], [ 789025.003614657558501, 3276857.495845902711153 ], [ 789114.101260399678722, 3276471.669752449262887 ], [ 789076.471132481005043, 3275950.105195921380073 ], [ 788790.147041868884116, 3274711.092065813019872 ], [ 788602.541974077932537, 3274639.611767794936895 ], [ 788415.157482751645148, 3274155.688362431712449 ], [ 788461.039578228490427, 3273521.152093453332782 ], [ 788646.912749273236841, 3273084.26600459869951 ], [ 789558.806321334792301, 3272190.106971613131464 ], [ 789294.26024856697768, 3272086.8003243310377 ], [ 789172.165506926947273, 3271912.669725031591952 ], [ 789061.586698170518503, 3270338.953230852261186 ], [ 789067.967570499517024, 3268590.695425252430141 ], [ 789072.594537938944995, 3266967.253835299517959 ], [ 789257.076928369700909, 3266097.778642019256949 ], [ 789380.437729887897149, 3265706.058548842091113 ], [ 789755.716905021923594, 3265022.210194589104503 ], [ 790143.029698955593631, 3264851.229552217293531 ], [ 790514.093837300781161, 3264305.057651717681438 ], [ 790651.469764477340505, 3264234.104518090374768 ], [ 791479.192786905914545, 3264478.511597038712353 ], [ 791622.77998947026208, 3264396.725759466644377 ], [ 791795.669860954047181, 3264127.140838731080294 ], [ 791797.85166621604003, 3263870.918574996292591 ], [ 791437.280785690294579, 3263577.599433686118573 ], [ 792665.695018208352849, 3262568.608426640741527 ], [ 792971.308901211363263, 3262039.636571370530874 ], [ 793195.069243064033799, 3260611.879401355050504 ], [ 793555.416383130243048, 3260060.846244777552783 ], [ 794217.584782325080596, 3259531.218616128433496 ], [ 794720.977668163715862, 3258897.381773632019758 ], [ 795179.21976147138048, 3258121.437124919611961 ], [ 795443.267909191199578, 3258028.654732603114098 ], [ 796015.158356936182827, 3258039.378044381737709 ], [ 796184.584775245166384, 3257739.486955140251666 ], [ 796337.437311963178217, 3257252.080134293530136 ], [ 796312.139058775734156, 3257029.414968541823328 ], [ 795013.428204592783004, 3255952.772776269819587 ], [ 794760.971572576090693, 3255541.983336771838367 ], [ 794965.908069310360588, 3254874.765067148022354 ], [ 795001.994590271846391, 3254257.960512856487185 ], [ 796056.818601706763729, 3253527.639315201900899 ], [ 796441.123579634237103, 3252526.939421656075865 ], [ 796722.341211848892272, 3252293.463178882841021 ], [ 797862.396959526347928, 3252310.039045492187142 ], [ 798203.212817078689113, 3252180.381758145522326 ], [ 798378.034069111919962, 3251962.13169690174982 ], [ 798726.563577550230548, 3250330.08080393075943 ], [ 799055.962068606168032, 3249932.845332834403962 ], [ 799387.139258280280046, 3249778.199102293234318 ], [ 799941.337839528219774, 3249324.487185064703226 ], [ 800415.883267971104942, 3248799.059586616232991 ], [ 800872.525569922290742, 3248474.864471447188407 ], [ 801098.079702869290486, 3247886.140642802231014 ], [ 801229.592611345462501, 3247039.686960686929524 ], [ 801836.635935996775515, 3245749.777024283539504 ], [ 802110.70810548576992, 3244595.369343605823815 ], [ 802732.641250471118838, 3243840.698997682426125 ], [ 803479.067965303082019, 3242122.806278723757714 ], [ 803708.109103274531662, 3241522.987062534783036 ], [ 803744.993392187170684, 3240752.958991608116776 ], [ 802044.530925632920116, 3240827.701228599995375 ], [ 801555.706616478506476, 3240785.743604623712599 ], [ 801068.683649809332564, 3240451.161607334855944 ], [ 800658.736667067511007, 3240738.731615490280092 ], [ 800299.784861615858972, 3240866.817142855841666 ], [ 799491.481128754443489, 3240948.79340231930837 ], [ 798413.061868743621744, 3241453.138771606609225 ], [ 797440.207050620345399, 3241557.60465512983501 ], [ 797106.248957687756047, 3241442.006099995225668 ], [ 794005.676988605875522, 3241423.679680947680026 ], [ 793109.820707237464376, 3240328.707318974193186 ], [ 792848.908023757394403, 3240083.495821178425103 ], [ 792623.757035169168375, 3239861.64240621868521 ], [ 790431.216683877632022, 3239911.513607886154205 ], [ 790333.651689852005802, 3239866.067067612893879 ], [ 790219.435255118878558, 3239716.717503284104168 ], [ 790005.223829179652967, 3238946.69805541401729 ], [ 789612.535907124518417, 3238245.577067215926945 ], [ 788967.524423618568107, 3238357.855221103411168 ], [ 788348.282645595958456, 3238596.517297127749771 ], [ 787675.083875229815021, 3238033.542237763293087 ], [ 787190.714860633714125, 3237929.059367282316089 ], [ 787097.793351999251172, 3237639.354104205034673 ], [ 786915.535371776204556, 3237477.115437963977456 ], [ 786121.202152901096269, 3237829.98924670740962 ], [ 785632.035648930934258, 3237827.447801087517291 ], [ 785062.369836911093444, 3237719.226941718254238 ], [ 784563.002891605254263, 3237411.768863853998482 ], [ 784154.337425672914833, 3237038.67287672823295 ], [ 783896.202501844032668, 3236522.915388525929302 ], [ 783865.128137042047456, 3235952.089021959342062 ], [ 783757.772250274661928, 3235552.030800178647041 ], [ 783682.534347259439528, 3235382.782855296973139 ], [ 783416.361193564953282, 3235247.511183784343302 ], [ 783078.604115240043029, 3235423.212322781328112 ], [ 782623.530760883819312, 3235329.823288185987622 ], [ 781957.756769119529054, 3235589.474536470603198 ], [ 781620.465322102885693, 3235357.057888839393854 ], [ 781230.254422364989296, 3234921.485574307385832 ], [ 781025.019082182785496, 3234873.260876711923629 ], [ 780034.639088108786382, 3235532.13279081787914 ], [ 779139.892987028928474, 3235716.493474013637751 ], [ 778521.019746778765693, 3236249.588155600242317 ], [ 778060.766511724097654, 3236551.926967677194625 ], [ 777758.026537181343883, 3236636.797740770038217 ], [ 777498.990332087501884, 3236481.952267719898373 ], [ 777229.655526287271641, 3236048.201493088155985 ], [ 776952.018733851378784, 3235160.614735688548535 ], [ 776767.268003338947892, 3234971.836933230515569 ], [ 776702.730264977784827, 3234540.961660852190107 ], [ 776242.710750337340869, 3233852.313841457013041 ], [ 776010.927409161464311, 3233856.648259957786649 ], [ 775523.487663885811344, 3233501.04166765557602 ], [ 775193.274700490292162, 3233676.0920370509848 ], [ 774472.458528605289757, 3233636.51214590575546 ], [ 773345.388901490485296, 3233414.165508587379009 ], [ 772734.745503335259855, 3233580.241143138147891 ], [ 772304.277534524328075, 3233509.236241148784757 ], [ 771570.521842133137397, 3231828.969916000496596 ], [ 771062.894311763695441, 3231845.680332778021693 ], [ 770282.180451813619584, 3231947.979085650295019 ], [ 769781.801993340486661, 3231784.234084726776928 ], [ 769449.444108819356188, 3231769.614864653442055 ], [ 769383.314952430664562, 3232054.311233298387378 ], [ 769418.22825207025744, 3232494.359004615806043 ], [ 769639.920077989110723, 3233137.48602845473215 ], [ 769626.110501698451117, 3233439.074233687948436 ], [ 768083.00337701337412, 3234266.342896542977542 ], [ 766285.712214542552829, 3235465.719239369034767 ], [ 766038.955627831513993, 3235509.888423514086753 ], [ 765661.883532037492841, 3235284.66330225719139 ], [ 765167.622461415012367, 3235532.96008977573365 ], [ 764906.024857862154022, 3235481.39214432798326 ], [ 763290.713489899528213, 3236250.23768809158355 ], [ 762626.247570120263845, 3236158.322406259831041 ], [ 762279.409995005233213, 3236004.993963334243745 ], [ 761456.86756485607475, 3236234.467383591458201 ], [ 760751.674928301014006, 3236332.765085151884705 ], [ 760912.737218826077878, 3237014.072157446295023 ], [ 760844.650121077196673, 3237491.692817258648574 ], [ 759786.048116928664967, 3238185.103605907410383 ], [ 759844.113313998910598, 3238795.289046271704137 ], [ 759335.923519752337597, 3239016.626883052755147 ], [ 758487.617778682615608, 3239217.141856212168932 ], [ 757894.037693555117585, 3239213.835014063864946 ], [ 757156.748601592960767, 3238443.819859722629189 ], [ 756654.471398963127285, 3236098.870809049811214 ], [ 755562.217869034735486, 3236149.63948235148564 ], [ 754928.462428939295933, 3236442.825449262280017 ], [ 754590.775992816081271, 3237006.453927473630756 ], [ 754300.397427235729992, 3237646.456425721757114 ], [ 754054.545654985820875, 3238819.920383493416011 ], [ 753364.488760512322187, 3239184.05768758803606 ], [ 752797.550113275879994, 3239318.901549691334367 ], [ 752111.776323557132855, 3239359.118367223069072 ], [ 751487.934921097243205, 3239719.961879509035498 ], [ 751071.058887520106509, 3240185.459397780243307 ], [ 750653.329122542520054, 3240320.734135495033115 ], [ 750499.992462510010228, 3239702.830735258292407 ], [ 749435.347889510681853, 3238852.12099011708051 ], [ 749359.641099973930977, 3238446.423675368074328 ], [ 748834.494049254455604, 3237960.668912953697145 ], [ 748720.067158590303734, 3237729.497618640772998 ], [ 748930.598065665690228, 3237196.36787661164999 ], [ 748851.301905552158132, 3236919.425423185806721 ], [ 747944.100805653142743, 3236387.51997568551451 ], [ 747475.361094711581245, 3235860.340506324078888 ], [ 746849.084142421372235, 3235922.277967661153525 ], [ 746600.914692862890661, 3235626.25952006271109 ], [ 746392.438332891790196, 3235175.840575130656362 ], [ 746146.198503516148776, 3234926.625175875611603 ], [ 745526.071492156595923, 3234770.26016525644809 ], [ 745158.53809758333955, 3234257.641044488642365 ], [ 745114.511079701711424, 3233646.641952998936176 ], [ 744476.773318564053625, 3233580.92074809409678 ], [ 744088.915904839173891, 3233632.477903721854091 ], [ 743773.707885648705997, 3233480.418249701615423 ], [ 743422.330321664223447, 3233074.821485849563032 ], [ 743080.682912223506719, 3232141.475822494830936 ], [ 742727.58015471091494, 3232232.743755807168782 ], [ 741713.078763509402052, 3233091.788401536643505 ], [ 741364.708287771674804, 3233171.984425425063819 ], [ 740933.799838504404761, 3232942.681520357728004 ], [ 740770.096736286650412, 3232855.46314360992983 ], [ 740581.181358493980952, 3233259.716609737370163 ], [ 740292.541747551760636, 3233606.240879746153951 ], [ 739553.176814029808156, 3234067.458782795350999 ], [ 739378.299541727639735, 3234548.381178559269756 ], [ 738374.670640168595128, 3235406.85509059811011 ], [ 738179.73758912505582, 3235856.277863065712154 ], [ 738225.081955102388747, 3236065.783604252617806 ], [ 738066.847678643651307, 3236251.152395691722631 ], [ 737721.699790063663386, 3236076.424857763107866 ], [ 737059.24176271725446, 3235992.825776191893965 ], [ 736387.747735967393965, 3236094.155412748921663 ], [ 735719.208746486459859, 3236591.54156626900658 ], [ 734994.579852884518914, 3236645.31682010460645 ], [ 734431.692120600724593, 3237277.99251800775528 ], [ 733186.53196674992796, 3238114.347506491933018 ], [ 732477.107271871878766, 3238192.696807458531111 ], [ 731784.621596720651723, 3238423.721196358092129 ], [ 731313.851858472451568, 3238406.322493471205235 ], [ 731087.480238741962239, 3238264.245625464711338 ], [ 730809.094643049873412, 3237759.652024313807487 ], [ 730612.291833329829387, 3237182.268241639714688 ], [ 730469.699420493561774, 3237041.902850206475705 ], [ 729395.938277907436714, 3237340.662967184558511 ], [ 728708.669023802038282, 3237424.347455963026732 ], [ 727815.927402361296117, 3237357.812345961574465 ], [ 725564.637053681304678, 3238303.25396676082164 ], [ 724821.794387298286892, 3238915.023786804638803 ], [ 724629.916472774697468, 3239127.38810263061896 ], [ 723917.967935586930253, 3239493.846555285621434 ], [ 723319.487989679328166, 3239674.973919617477804 ], [ 723013.615791869233362, 3239612.295283052604645 ], [ 722258.093409945722669, 3239251.93307830253616 ], [ 721686.721341015771031, 3239527.789328964892775 ], [ 721038.177749094786122, 3240073.942384977824986 ], [ 720668.301120671676472, 3240252.03197561390698 ], [ 719510.892259343178011, 3239998.908258422277868 ], [ 719057.171435195719823, 3240179.872550439555198 ], [ 718455.47038423421327, 3240226.887933906633407 ], [ 718137.631217627553269, 3240401.613906814716756 ], [ 718039.194526349543594, 3240700.253598113078624 ], [ 718025.203355654724874, 3241275.448481020517647 ], [ 720260.124688388546929, 3242178.649584544822574 ], [ 721969.05608368315734, 3242317.417793102562428 ], [ 722812.196011330815963, 3241753.349323690403253 ], [ 723702.126176894758828, 3241190.468425083439797 ], [ 724450.376788418972865, 3240783.055695245508105 ], [ 725084.825850179186091, 3241481.485648162197322 ], [ 725349.563995527802035, 3242119.961413378361613 ], [ 725280.603359780390747, 3243279.524263443890959 ], [ 725347.415479451650754, 3244547.319882581476122 ], [ 726290.002614415367134, 3245990.953868830110878 ], [ 727455.638253632932901, 3245539.202092815656215 ], [ 728527.982620956376195, 3245085.896437800023705 ], [ 729208.945949743269011, 3245732.871999708469957 ], [ 729841.006724071456119, 3246484.448510132730007 ], [ 730242.518320590257645, 3247231.388845817185938 ], [ 731625.775146123021841, 3247417.956235314253718 ], [ 732895.801297080353834, 3248604.951015974394977 ], [ 733881.595202881610021, 3250155.554891424253583 ], [ 734651.987658735131845, 3254040.997211396694183 ], [ 735022.458798985462636, 3255289.670441186521202 ], [ 735425.476460224250332, 3255396.827770671341568 ], [ 735484.922348268679343, 3256811.873600797262043 ], [ 735586.089434356545098, 3257573.767043748404831 ], [ 735742.461206256179139, 3258102.659206063486636 ], [ 736415.665936804143712, 3258849.647045692894608 ], [ 737671.374354837695137, 3259538.060184164904058 ], [ 738214.533562949858606, 3260542.194921862799674 ], [ 738255.84477014222648, 3260865.645480500534177 ], [ 738044.945777578977868, 3261245.119946533814073 ], [ 737672.603998145204969, 3261485.609078716021031 ], [ 737485.388698214082979, 3261233.337919824756682 ], [ 736794.294007366988808, 3261667.892572654876858 ], [ 735313.726369441719726, 3262860.175171263050288 ], [ 736494.002935998374596, 3263948.608510387595743 ], [ 737021.844829784240574, 3264969.726024326402694 ], [ 737405.594056554604322, 3266185.409273665864021 ], [ 737655.591902197455056, 3266474.548419248312712 ], [ 738494.798531434033066, 3266689.844533318188041 ], [ 738629.991671670228243, 3267086.152128105051816 ], [ 738744.96816553780809, 3267527.936059176921844 ], [ 738639.992665244964883, 3267801.97042238805443 ], [ 737542.293649490457028, 3268337.628348796628416 ], [ 736917.445283638546243, 3268808.019253784324974 ], [ 737687.40208975749556, 3269806.798086454160511 ], [ 737505.061899325577542, 3270102.474588275887072 ], [ 738112.60096434771549, 3270553.390053413808346 ], [ 738769.002258105669171, 3270407.803323581349105 ], [ 739177.688258038950153, 3270464.922282258048654 ], [ 739436.429908209014684, 3271135.905593642964959 ], [ 739522.285786983789876, 3271655.565477887634188 ], [ 739359.428871655487455, 3271938.302781336009502 ], [ 739245.874043053714558, 3272581.484634432010353 ], [ 739292.483027682523243, 3273206.921686504036188 ], [ 740126.915374764823355, 3273447.670381578151137 ], [ 740551.134491740493104, 3273395.817734534852207 ], [ 740980.498755364445969, 3273656.318060975987464 ], [ 741093.638978862552904, 3274002.702050684019923 ], [ 739897.117888542707078, 3275029.906767123378813 ], [ 740329.707603916642256, 3275621.085968687199056 ], [ 740660.00538019859232, 3276393.70731253316626 ], [ 741471.76781517569907, 3277435.611361452378333 ], [ 740684.21793372288812, 3277885.771049805451185 ], [ 740494.583921407698654, 3278143.376779823098332 ], [ 740303.959479820448905, 3278689.288029091432691 ], [ 740457.58675652788952, 3279524.553959702141583 ], [ 740248.19711972377263, 3279739.430719512980431 ], [ 739792.803024747758172, 3279842.856994100380689 ], [ 739646.155904125305824, 3280201.44884277228266 ], [ 739845.791170947020873, 3280683.577457426581532 ], [ 739806.569070020574145, 3281203.964211954735219 ], [ 740332.032912071561441, 3280794.892946959473193 ], [ 741000.309585985029116, 3280450.046185878571123 ], [ 741734.771538544213399, 3280294.932227319572121 ], [ 742124.650461789919063, 3280384.36357354465872 ], [ 742432.42458122340031, 3280715.09373578382656 ], [ 742932.842245946638286, 3280205.53335143532604 ], [ 743486.486888075130992, 3279902.554394946899265 ], [ 744150.942391515010968, 3279944.711732590105385 ], [ 744030.137649365118705, 3280943.528368216473609 ], [ 744632.463926869444549, 3281424.803395832423121 ], [ 745347.731921058730222, 3281302.93179090321064 ], [ 746083.942796876654029, 3280766.720552377868444 ], [ 747516.479136519134045, 3280707.288015150465071 ], [ 749796.283447069348767, 3280150.056282968726009 ], [ 750626.710685292258859, 3280341.635735381860286 ], [ 752124.597778095165268, 3279650.842393072787672 ], [ 753031.270415256149136, 3279347.574583983514458 ], [ 753257.084984442219138, 3278548.324645261280239 ], [ 753519.705917120212689, 3278150.600662806071341 ], [ 753890.733752887463197, 3277995.875815852545202 ], [ 755561.116141931386665, 3276703.907028355635703 ], [ 755548.821628919569775, 3275716.480478732381016 ], [ 755675.233247264288366, 3275037.070801008958369 ], [ 755914.541123803355731, 3274338.229597226250917 ], [ 756344.354574881843291, 3273721.377302029635757 ], [ 756730.833089829888195, 3273675.825456439051777 ], [ 757156.092114329338074, 3275136.45075801666826 ], [ 757655.957731456146576, 3275660.524988232180476 ], [ 758948.611913763568737, 3277567.066647405270487 ], [ 759984.775220579933375, 3279672.868338298052549 ], [ 762155.071174025069922, 3279071.097000190988183 ], [ 762471.714966858271509, 3279381.263923812191933 ], [ 762538.262432436924428, 3279981.790644584689289 ], [ 762929.545527496607974, 3280039.83061420917511 ], [ 763233.666618816787377, 3279526.697574847843498 ], [ 763722.053874458419159, 3279323.840801145415753 ], [ 764596.801864552311599, 3278605.816715510562062 ], [ 764947.988502275547944, 3278985.847802034113556 ], [ 765977.001675794832408, 3279595.851153934840113 ], [ 766574.213884940836579, 3280572.940346668474376 ], [ 767370.201962916878983, 3280930.2145986831747 ], [ 767756.097009235993028, 3281459.92318390449509 ], [ 768253.274254477699287, 3281848.644737975671887 ], [ 769060.67051382176578, 3281478.675723174121231 ], [ 769514.175050004152581, 3282390.514736146200448 ], [ 771192.627567024435848, 3284552.856198844034225 ], [ 772064.132360983174294, 3285801.034072063863277 ], [ 773062.712458396796137, 3285437.283750593662262 ], [ 773804.952318615862168, 3285493.078750463668257 ], [ 774310.695154095534235, 3285788.580249106511474 ], [ 774704.871178896399215, 3286201.768577998038381 ], [ 774909.37019411160145, 3286632.741792530287057 ], [ 775124.935176147380844, 3286853.449798515066504 ], [ 775526.374919382040389, 3286788.844773988705128 ], [ 775668.095687051769346, 3287186.338515664450824 ], [ 776180.314389654202387, 3287723.536374798510224 ], [ 776613.97959755314514, 3287640.089251659344882 ], [ 777345.994082649587654, 3288251.769650060217828 ], [ 777701.071048012585379, 3288327.026036942377687 ], [ 777699.751907166093588, 3288856.22084323130548 ], [ 778063.168464669724926, 3289219.272329485043883 ], [ 778391.736950123449787, 3289052.027079338207841 ], [ 778872.843062594183721, 3289021.061352272517979 ], [ 779320.667978686513379, 3289109.6903100986965 ], [ 780597.456555024487898, 3288822.13024981925264 ], [ 781588.414251544047147, 3288971.049989968072623 ], [ 781058.409539628308266, 3289358.720145683735609 ], [ 781200.319595675799064, 3289533.907566615846008 ], [ 781400.19389409199357, 3289402.446752734016627 ], [ 781510.474574107443914, 3289512.935029504820704 ], [ 781360.944236696697772, 3289669.996597257908434 ], [ 781511.535212961141951, 3289793.562009081244469 ], [ 781620.333103499142453, 3289698.748684169258922 ], [ 782135.538685501087457, 3290395.259691959246993 ], [ 782509.646454095956869, 3290649.763424952048808 ], [ 782973.796311491401866, 3290528.401675531174988 ], [ 783191.407859162194654, 3290747.013801080174744 ], [ 783512.49177531269379, 3290585.650482499971986 ], [ 784105.993626207346097, 3290695.954324889928102 ], [ 784326.606355409836397, 3290795.737051192671061 ], [ 784507.23572956235148, 3290782.559128045104444 ] ] ] ] } },
{ "type": "Feature", "properties": { "ID_0": 105, "ISO": "IND", "NAME_0": "India", "ID_1": 34, "NAME_1": "Uttar Pradesh", "ID_2": 621, "NAME_2": "Saharanpur", "HASC_2": "IN.UP.SA", "CCN_2": 0, "CCA_2": null, "TYPE_2": "District", "ENGTYPE_2": "District", "NL_NAME_2": null, "VARNAME_2": null }, "geometry": { "type": "MultiPolygon", "coordinates": [ [ [ [ 748299.619678454357199, 3366919.028495279606432 ], [ 748465.803011053125374, 3366837.348962857853621 ], [ 748523.598141488386318, 3366844.171606460120529 ], [ 748598.094461670028977, 3366890.51880435552448 ], [ 748913.333258481929079, 3366962.901612683199346 ], [ 749045.650496721966192, 3367014.808337473776191 ], [ 749558.979355312767439, 3366957.82147736242041 ], [ 749672.519051815150306, 3366964.872774671763182 ], [ 750035.976403717068024, 3366918.006765136960894 ], [ 750167.086629514815286, 3366958.474319847300649 ], [ 750344.115460198838264, 3367043.587316283490509 ], [ 750449.306922356248833, 3367062.726301687303931 ], [ 750558.581892991205677, 3367127.450821339618415 ], [ 750648.205152192851529, 3367153.638267905917019 ], [ 750854.156664281152189, 3366843.55486237257719 ], [ 751173.913534583640285, 3366656.706717937253416 ], [ 751409.164374667452648, 3366603.325834624934942 ], [ 751528.573973834747449, 3366610.532023210078478 ], [ 751903.216452069347724, 3366557.003068995662034 ], [ 752043.715751245152205, 3366603.847004287876189 ], [ 752229.412224715109915, 3366821.010304702445865 ], [ 752700.620799771742895, 3367252.168312407098711 ], [ 752925.653549629729241, 3367291.046534856315702 ], [ 753054.715937578468584, 3367261.467135476879776 ], [ 753198.906840328127146, 3367180.825937348883599 ], [ 753290.001782410545275, 3367080.752139748074114 ], [ 753563.77894132991787, 3366854.178643340244889 ], [ 753609.581962305586785, 3366777.594586670864373 ], [ 753757.447256440180354, 3366665.730541417375207 ], [ 753916.474038406973705, 3366578.673284151591361 ], [ 754065.276333919493482, 3366364.214206781703979 ], [ 754180.450611518230289, 3366301.737564303446561 ], [ 754376.12916067824699, 3365871.499212200753391 ], [ 754797.106629435089417, 3365596.134662859141827 ], [ 755122.362619178253226, 3365523.780888118315488 ], [ 755389.817187840817496, 3365444.78881489764899 ], [ 755546.932530624093488, 3365440.439923520199955 ], [ 755610.508581440197304, 3365420.140442322473973 ], [ 755699.837855612975545, 3365365.534328524954617 ], [ 755727.748917322140187, 3365301.866931749042124 ], [ 755816.837022141320631, 3365195.204442416783422 ], [ 755874.702252314076759, 3365074.689130277372897 ], [ 755948.665133114205673, 3364737.882999352645129 ], [ 755933.197180561721325, 3364522.118746839929372 ], [ 755909.005174399120733, 3364427.602892037946731 ], [ 755997.50409216596745, 3364346.318335791584104 ], [ 756163.195203481242061, 3364290.12707751384005 ], [ 756264.557456400711089, 3364317.05930849770084 ], [ 756449.708617251482792, 3364307.034671381115913 ], [ 756740.516936606261879, 3364359.598856751341373 ], [ 756876.851016360335052, 3364552.40521065890789 ], [ 756933.872810203349218, 3364437.164157233200967 ], [ 757245.252711110282689, 3364023.029166739434004 ], [ 757298.772294886526652, 3363838.938707756344229 ], [ 757525.124261779244989, 3363452.845267944037914 ], [ 757575.373733959626406, 3363314.170972071588039 ], [ 757821.497676087543368, 3362992.663173135835677 ], [ 757938.421201679389924, 3362796.958116705995053 ], [ 757984.01483225391712, 3362638.284847203176469 ], [ 758143.616340075735934, 3362500.088907687924802 ], [ 758256.031638407264836, 3362247.360419984906912 ], [ 758612.093721300829202, 3361717.937909668777138 ], [ 758676.170165299554355, 3361554.20399842876941 ], [ 758824.052866884041578, 3361446.842132296878844 ], [ 758889.02317887917161, 3361276.570872439537197 ], [ 758970.639376904116943, 3361239.789505732245743 ], [ 759256.978904058574699, 3360835.894350847229362 ], [ 759315.51057627168484, 3360689.805146361235529 ], [ 759648.01943919446785, 3360382.658987591974437 ], [ 760026.581982419476844, 3359992.193109556566924 ], [ 760304.06407783087343, 3359716.124773011077195 ], [ 760519.848150463192724, 3359564.699512183200568 ], [ 760603.607349757221527, 3359439.10868875682354 ], [ 760828.124615864362568, 3359352.646713409107178 ], [ 761051.042346684727818, 3359241.182024666573852 ], [ 761273.239892939804122, 3359159.962919147219509 ], [ 761584.670354125555605, 3359092.950691297184676 ], [ 761758.305454674875364, 3358955.347652499098331 ], [ 762038.241197071271017, 3358824.534166049677879 ], [ 762445.643899881048128, 3358675.423941845074296 ], [ 762705.926543171750382, 3358507.757470675744116 ], [ 763037.170001185731962, 3358442.531216845847666 ], [ 763222.722631076117977, 3358329.570739181246608 ], [ 763458.63375891384203, 3358350.928307881113142 ], [ 763691.730168758425862, 3358276.154959307517856 ], [ 764246.643383990391158, 3358041.379708456806839 ], [ 764538.450716471299529, 3357968.469643852673471 ], [ 765102.450893789762631, 3357572.923069447744638 ], [ 765259.67581523465924, 3357478.984596159309149 ], [ 765457.427188224159181, 3357379.474788342602551 ], [ 765649.990799880237319, 3357312.217694342136383 ], [ 765872.457907853997312, 3357193.214179302565753 ], [ 766658.384947407990694, 3356735.437020128127187 ], [ 767075.139834402594715, 3356390.764781859703362 ], [ 767194.862414088100195, 3356330.21370028052479 ], [ 767657.025441786739975, 3356022.011733496561646 ], [ 767765.982213129871525, 3355921.631013512145728 ], [ 768215.778135483735241, 3355729.532217112369835 ], [ 769230.534834765247069, 3355085.614726902917027 ], [ 769474.325266518862918, 3354909.855544758029282 ], [ 770017.439554524375126, 3354660.241486371960491 ], [ 770182.898172425455414, 3354504.355094756465405 ], [ 770509.831229666946456, 3354353.951970193535089 ], [ 771112.462279779836535, 3354194.740900926757604 ], [ 771642.948137206141837, 3353894.945464781019837 ], [ 772093.958652846165933, 3353719.739822832867503 ], [ 772489.22596661769785, 3353629.923848768696189 ], [ 772831.814469155389816, 3353472.991769835818559 ], [ 773220.254473894834518, 3353363.13791471766308 ], [ 773431.213684154907241, 3353270.649141607806087 ], [ 773925.2694873791188, 3353109.92350728623569 ], [ 774348.400136939482763, 3352877.813567772042006 ], [ 774739.045148620731197, 3352594.323478098958731 ], [ 774937.26480540423654, 3352425.356538145802915 ], [ 775242.635579078923911, 3352319.827337234746665 ], [ 775679.763478110777214, 3352234.348061601165682 ], [ 775831.494534949888475, 3352306.955507503822446 ], [ 776000.517506795469671, 3352422.115399054717273 ], [ 776239.997603065683506, 3352685.50427156733349 ], [ 776480.121521143475547, 3352661.739805439952761 ], [ 777053.21691658673808, 3352429.925875383894891 ], [ 777283.48749561351724, 3352273.661452797241509 ], [ 778060.054895891575143, 3352046.003829068504274 ], [ 778200.615036357892677, 3351950.962687267456204 ], [ 778658.951164677040651, 3351813.865878801327199 ], [ 779041.668631296837702, 3351645.862620771396905 ], [ 779367.481142840348184, 3351462.237547896336764 ], [ 779788.65648153622169, 3351256.935864889062941 ], [ 780018.875204604817554, 3351105.377343240194023 ], [ 780343.906188788707368, 3350924.932623004540801 ], [ 780657.922801837790757, 3350773.207460146863014 ], [ 780964.341663987142965, 3350545.741949952673167 ], [ 781156.004010567325167, 3350294.380479174200445 ], [ 781351.727633720031008, 3350085.452914960682392 ], [ 781502.496017484460026, 3349967.220182209741324 ], [ 781778.460369066800922, 3349867.87546014552936 ], [ 782092.878006758051924, 3349788.152964825741947 ], [ 781987.409905727719888, 3349346.289546637795866 ], [ 781943.073770275223069, 3349212.874603080563247 ], [ 781904.936771603999659, 3349009.991823723074049 ], [ 781704.319888336118311, 3348608.643722940701991 ], [ 781336.258522060001269, 3348086.384376717265695 ], [ 781212.213534362846985, 3347850.399211497511715 ], [ 780864.020592070184648, 3347296.715276365634054 ], [ 780533.820526951225474, 3346957.46699248906225 ], [ 780239.02177072991617, 3346612.999690645840019 ], [ 779881.140554759418592, 3346405.970714608207345 ], [ 779575.405780430650339, 3346200.497755921911448 ], [ 779459.520805034320801, 3345959.245050081051886 ], [ 779388.769341516541317, 3345591.321608738508075 ], [ 779217.067323573864996, 3345145.27419594489038 ], [ 779175.04304002772551, 3344947.812007574830204 ], [ 779108.98215166432783, 3343933.065587777644396 ], [ 779056.117085937294178, 3343641.154535054694861 ], [ 778946.255593882291578, 3343190.342836976516992 ], [ 778848.077242786530405, 3342973.678369667846709 ], [ 778548.943667144048959, 3342648.422443495132029 ], [ 778298.825850115390494, 3342303.681213016156107 ], [ 778093.210695522255264, 3342117.524996619671583 ], [ 777294.723025836283341, 3341091.034893270581961 ], [ 777162.49908794905059, 3340967.914729807525873 ], [ 777037.722741160541773, 3340782.767454885877669 ], [ 776727.175453959382139, 3340438.874234442599118 ], [ 776606.197449957951903, 3340335.938357857521623 ], [ 776296.77255817502737, 3339858.767181614413857 ], [ 775996.212689898209646, 3339437.486765621230006 ], [ 775957.446349037927575, 3339106.807903863955289 ], [ 775909.800885169534013, 3338865.844899465329945 ], [ 775625.497426449903287, 3338205.435027689207345 ], [ 775495.673500506440178, 3337925.803071993868798 ], [ 775420.733742757234722, 3337804.358926016837358 ], [ 775317.066554616205394, 3337537.448388362303376 ], [ 775071.419981301529333, 3337034.415395624004304 ], [ 774795.791138447122648, 3336728.925795381888747 ], [ 774627.079352726927027, 3336472.672024112660438 ], [ 774405.398781914962456, 3336009.408081323374063 ], [ 774325.268570333719254, 3335888.479497765190899 ], [ 774090.600367709994316, 3335443.311154148541391 ], [ 773990.191961157601327, 3335308.9717523958534 ], [ 773910.591192526160739, 3335136.849677043035626 ], [ 773517.073199396254495, 3334626.796423686202615 ], [ 773417.893716254155152, 3334531.219705131836236 ], [ 773285.906080647371709, 3334363.93815372698009 ], [ 772979.414079547044821, 3334140.692054070997983 ], [ 772764.558797055273317, 3334050.081203941255808 ], [ 772559.49063640285749, 3333920.780859461054206 ], [ 772381.678145288140513, 3333849.718098391778767 ], [ 772263.222600563312881, 3333759.178082278929651 ], [ 772141.792874560924247, 3333372.310648792888969 ], [ 771949.748747411184013, 3333102.413366845808923 ], [ 771952.101979893399402, 3332888.110205055214465 ], [ 771778.744166255462915, 3332516.683260031510144 ], [ 771585.771380256162956, 3332283.380516393575817 ], [ 771327.748851339099929, 3332120.636772563681006 ], [ 771125.457757814438082, 3332055.766094042919576 ], [ 770896.904139196965843, 3332041.038844189606607 ], [ 770640.575481874402612, 3332108.160303283948451 ], [ 770386.432794490712695, 3332296.16882927948609 ], [ 770251.66122660995461, 3332479.072427899576724 ], [ 770118.954971307655796, 3332578.02008036384359 ], [ 769944.636476557003334, 3332753.184516359586269 ], [ 769720.12949475296773, 3332934.315314180683345 ], [ 769618.114062358858064, 3333042.696374827995896 ], [ 769355.919835468754172, 3333230.527761577628553 ], [ 769247.238187089329585, 3333280.768570861779153 ], [ 769046.576776398345828, 3333360.501102672889829 ], [ 768826.053082160884514, 3333319.560132933780551 ], [ 768528.711310534039512, 3333139.205670277588069 ], [ 768484.700303440331481, 3333042.698114582337439 ], [ 768411.56143210362643, 3332782.545296862721443 ], [ 768192.318252224475145, 3332386.579431501217186 ], [ 768100.967057569883764, 3332118.156913025770336 ], [ 767942.246112138265744, 3331925.96512937406078 ], [ 767820.615822696126997, 3331509.957130707334727 ], [ 767694.921514682820998, 3331169.817861857358366 ], [ 767568.683363004471175, 3330639.6496526543051 ], [ 767511.962860781583004, 3330489.72739891288802 ], [ 767339.783341897884384, 3330213.638768830802292 ], [ 767200.736892602406442, 3330058.335034294519573 ], [ 767007.98635501624085, 3329597.662113016471267 ], [ 766938.106419553747401, 3329564.863265651743859 ], [ 766833.799256770405918, 3329433.683457305654883 ], [ 766591.837775948224589, 3328997.432551140896976 ], [ 766511.59572412353009, 3328753.633740719873458 ], [ 766242.87249867443461, 3328143.870759560726583 ], [ 765952.184507935075089, 3327588.603126472327858 ], [ 765884.664946209755726, 3327335.173617852851748 ], [ 765950.265293301898055, 3327149.280800388194621 ], [ 766110.593827296514064, 3326974.349619147367775 ], [ 766326.49111029249616, 3326785.527326144278049 ], [ 766510.243357846047729, 3326677.820111830718815 ], [ 766691.395483154570684, 3326403.736406812444329 ], [ 767122.044498132308945, 3326105.859409641940147 ], [ 767368.317051835590973, 3325759.090498784556985 ], [ 767438.546203121659346, 3325687.367966563440859 ], [ 767501.423486048239283, 3325584.785576768219471 ], [ 767474.369853655691259, 3325303.337058083154261 ], [ 767360.989053277182393, 3324937.061415943317115 ], [ 767095.203263188828714, 3324659.355009601451457 ], [ 766938.642063906183466, 3324554.845890214666724 ], [ 766468.097092856653035, 3324398.317992385942489 ], [ 766168.033901687478647, 3324257.771004441194236 ], [ 765959.935616599628702, 3324151.822832972276956 ], [ 765549.786394574912265, 3323902.420926748309284 ], [ 765160.218002402572893, 3323531.440346444025636 ], [ 764907.6962649745401, 3323219.201189670711756 ], [ 764739.970696410862729, 3322933.546919028740376 ], [ 764613.533397778170183, 3322615.242102723103017 ], [ 764410.840418176027015, 3321296.819695191923529 ], [ 764029.603941376204602, 3320910.646031690761447 ], [ 763393.219829081790522, 3320532.792382770217955 ], [ 763490.566351826302707, 3320188.950937442015857 ], [ 764790.983272907556966, 3318836.636600029654801 ], [ 764881.837172517669387, 3318366.115023470018059 ], [ 764749.094001347315498, 3317939.117880540434271 ], [ 764440.160387044539675, 3317390.477755432017148 ], [ 763730.894710862427019, 3316938.731267318129539 ], [ 763427.50129384896718, 3316587.46069264691323 ], [ 763397.610126968240365, 3315892.314408669713885 ], [ 763059.122454404947348, 3315651.307100268080831 ], [ 762612.718052984913811, 3315142.632682541850954 ], [ 762334.639535462483764, 3314683.66906580934301 ], [ 762461.748495253385045, 3314452.454262379556894 ], [ 762973.764095453429036, 3314155.258430059067905 ], [ 763424.918858311721124, 3314000.516322535462677 ], [ 763513.787180027924478, 3313363.633358073420823 ], [ 763872.171678231214173, 3312338.340251040644944 ], [ 763694.45891931746155, 3312091.207896307110786 ], [ 763323.080987105844542, 3311832.918371148407459 ], [ 763101.423832477303222, 3311479.17221943475306 ], [ 762651.946323798154481, 3311123.419027215335518 ], [ 762424.990468847681768, 3310212.883881086017936 ], [ 761998.146748523693532, 3309863.624510720837861 ], [ 761817.018690861528739, 3309476.381712630391121 ], [ 761036.601572194485925, 3309639.743649706244469 ], [ 760997.802798220538534, 3309188.583748168312013 ], [ 761080.100312279770151, 3308386.295577983837575 ], [ 760986.912141823908314, 3307644.202519541606307 ], [ 761117.791344222263433, 3307191.320800350978971 ], [ 761395.658164356020279, 3306761.998579166829586 ], [ 761749.615468642441556, 3306297.658829140476882 ], [ 762121.685628186212853, 3305973.611632427666336 ], [ 763745.35364044085145, 3305634.991960758343339 ], [ 763858.834470688947476, 3304397.580463556107134 ], [ 763702.117294239578769, 3303912.29322738526389 ], [ 763985.111736779334024, 3303585.12637002998963 ], [ 764665.301600919803604, 3303126.49401987483725 ], [ 765007.651354723842815, 3302509.194007208105177 ], [ 765189.034641791484319, 3301586.975015345960855 ], [ 764940.749516248935834, 3301041.726190263405442 ], [ 765029.11454297346063, 3300833.3011165545322 ], [ 765736.921557998750359, 3300277.619620400015265 ], [ 766106.405984020791948, 3299518.80209322180599 ], [ 767273.691773348604329, 3298217.757823081221431 ], [ 766881.921506805578247, 3297744.774642961099744 ], [ 766906.270502897328697, 3297467.964445834048092 ], [ 767366.715756443096325, 3297140.669057657010853 ], [ 767200.192839266266674, 3296541.05155378067866 ], [ 767429.674153812928125, 3295808.740959239657968 ], [ 767057.417020634165965, 3294917.918228002730757 ], [ 766988.775452895672061, 3294576.887414671946317 ], [ 767110.50995785347186, 3293594.645993196871132 ], [ 767657.224608707707375, 3292941.027105033397675 ], [ 767849.444496422773227, 3292595.034177586436272 ], [ 767731.100555395707488, 3292139.606896472163498 ], [ 767339.873065852909349, 3291634.482696433085948 ], [ 766782.105773123912513, 3290491.695270099211484 ], [ 766904.645772531628609, 3290217.443243467714638 ], [ 767211.710613129660487, 3290043.663304961752146 ], [ 767968.360925612505525, 3289854.636599497869611 ], [ 769219.812765806214884, 3289707.189046467188746 ], [ 770424.594528408022597, 3288864.300883923657238 ], [ 770676.093884985544719, 3288578.600130182690918 ], [ 769906.786204249365255, 3287234.382353538181633 ], [ 770241.633057361817919, 3286803.201949626207352 ], [ 771414.035727528156713, 3286274.666689248289913 ], [ 772064.132360983174294, 3285801.034072063863277 ], [ 771192.627567024435848, 3284552.856198844034225 ], [ 769514.175050004152581, 3282390.514736146200448 ], [ 769060.67051382176578, 3281478.675723174121231 ], [ 768253.274254477699287, 3281848.644737975671887 ], [ 767756.097009235993028, 3281459.92318390449509 ], [ 767370.201962916878983, 3280930.2145986831747 ], [ 766574.213884940836579, 3280572.940346668474376 ], [ 765977.001675794832408, 3279595.851153934840113 ], [ 764947.988502275547944, 3278985.847802034113556 ], [ 764596.801864552311599, 3278605.816715510562062 ], [ 763722.053874458419159, 3279323.840801145415753 ], [ 763233.666618816787377, 3279526.697574847843498 ], [ 762929.545527496607974, 3280039.83061420917511 ], [ 762538.262432436924428, 3279981.790644584689289 ], [ 762471.714966858271509, 3279381.263923812191933 ], [ 762155.071174025069922, 3279071.097000190988183 ], [ 759984.775220579933375, 3279672.868338298052549 ], [ 758948.611913763568737, 3277567.066647405270487 ], [ 757655.957731456146576, 3275660.524988232180476 ], [ 757156.092114329338074, 3275136.45075801666826 ], [ 756730.833089829888195, 3273675.825456439051777 ], [ 756344.354574881843291, 3273721.377302029635757 ], [ 755914.541123803355731, 3274338.229597226250917 ], [ 755675.233247264288366, 3275037.070801008958369 ], [ 755548.821628919569775, 3275716.480478732381016 ], [ 755561.116141931386665, 3276703.907028355635703 ], [ 753890.733752887463197, 3277995.875815852545202 ], [ 753519.705917120212689, 3278150.600662806071341 ], [ 753257.084984442219138, 3278548.324645261280239 ], [ 753031.270415256149136, 3279347.574583983514458 ], [ 752124.597778095165268, 3279650.842393072787672 ], [ 750626.710685292258859, 3280341.635735381860286 ], [ 749796.283447069348767, 3280150.056282968726009 ], [ 747516.479136519134045, 3280707.288015150465071 ], [ 746083.942796876654029, 3280766.720552377868444 ], [ 745347.731921058730222, 3281302.93179090321064 ], [ 744632.463926869444549, 3281424.803395832423121 ], [ 744030.137649365118705, 3280943.528368216473609 ], [ 744150.942391515010968, 3279944.711732590105385 ], [ 743486.486888075130992, 3279902.554394946899265 ], [ 742932.842245946638286, 3280205.53335143532604 ], [ 742432.42458122340031, 3280715.09373578382656 ], [ 742124.650461789919063, 3280384.36357354465872 ], [ 741734.771538544213399, 3280294.932227319572121 ], [ 741000.309585985029116, 3280450.046185878571123 ], [ 740332.032912071561441, 3280794.892946959473193 ], [ 739806.569070020574145, 3281203.964211954735219 ], [ 739968.563369660405442, 3282268.923215430695564 ], [ 739510.669899328611791, 3282736.141274864785373 ], [ 739463.496833760407753, 3283006.745729404501617 ], [ 739616.127251508762129, 3283403.467918755952269 ], [ 739486.245746125467122, 3283740.206602127756923 ], [ 738551.868654975201935, 3283752.418389494996518 ], [ 738073.762171169160865, 3283889.895727593451738 ], [ 736853.827822940307669, 3285140.416084852069616 ], [ 736277.812356025446206, 3285404.714883016422391 ], [ 735597.708728763158433, 3285244.844961753580719 ], [ 735272.14197823300492, 3284985.218226911965758 ], [ 735093.018378908978775, 3284577.64425130886957 ], [ 735069.292537909699604, 3284018.284444477409124 ], [ 734811.254378086188808, 3283531.430292633362114 ], [ 734343.076455672737211, 3282984.97746553318575 ], [ 733845.849359357263893, 3283155.231281518470496 ], [ 732821.997199880657718, 3283810.363724031485617 ], [ 732471.539454689249396, 3283570.193790790159255 ], [ 732115.97360040480271, 3283183.555217801127583 ], [ 731655.784057024400681, 3283280.636637065559626 ], [ 731395.526960364193656, 3283465.83981017768383 ], [ 730679.058433327125385, 3282803.379061794374138 ], [ 730263.462866485468112, 3282528.735104979015887 ], [ 729598.955502316937782, 3282642.644737054593861 ], [ 729099.633734770468436, 3282883.073881581425667 ], [ 728663.482261529192328, 3283215.766136130783707 ], [ 727975.688717264216393, 3283351.501210873946548 ], [ 727722.005631179083139, 3282926.054943163413554 ], [ 727205.047258416423574, 3283091.751539146527648 ], [ 726938.653739994741045, 3282708.371548186056316 ], [ 726105.159679618082009, 3282886.747062356676906 ], [ 725539.207176593132317, 3282294.097519651986659 ], [ 725223.938786591286771, 3282353.113627585582435 ], [ 724743.785806504078209, 3282637.686629593372345 ], [ 724456.276665118872188, 3283008.626529824454337 ], [ 723970.991997948847711, 3283330.563735330011696 ], [ 722507.127656489843503, 3283890.230261624325067 ], [ 721926.535783175379038, 3284403.251335757784545 ], [ 721826.256552241975442, 3284840.356839464977384 ], [ 721438.010826739133336, 3285045.447609568946064 ], [ 720545.816683447104879, 3285143.527298990171403 ], [ 720249.965574945206754, 3285348.15103447297588 ], [ 720029.220659208949655, 3285378.073187645990402 ], [ 719734.466343029635027, 3284925.581517776940018 ], [ 719680.918820837046951, 3284378.845522156450897 ], [ 719405.742672150023282, 3284320.150214486289769 ], [ 718795.352992474217899, 3284514.633663571905345 ], [ 718512.517874085577205, 3284848.362180713564157 ], [ 718064.113769717514515, 3285149.25917499512434 ], [ 717506.39965707086958, 3285412.091867853421718 ], [ 717297.44048087275587, 3285216.200049458537251 ], [ 715087.125342981074937, 3286711.529131878167391 ], [ 714716.013312875293195, 3286842.931487621273845 ], [ 713939.227464204421267, 3287639.77713632537052 ], [ 713704.701706723426469, 3287273.842986637726426 ], [ 713286.95771349221468, 3286986.480798195116222 ], [ 712581.184287436190061, 3286579.239311447367072 ], [ 712254.164345409139059, 3286529.673157396260649 ], [ 712016.089436098467559, 3285840.126567820087075 ], [ 711015.000320717459545, 3286083.666544136125594 ], [ 710053.274071564897895, 3286161.164378834888339 ], [ 709232.535118734231219, 3286481.844685474410653 ], [ 708589.297240818035789, 3286832.326552780345082 ], [ 708014.228460956597701, 3286974.735627129208297 ], [ 707432.108670420944691, 3286542.428109440021217 ], [ 706708.209172396687791, 3286865.081886995583773 ], [ 706285.684266368160024, 3287388.325196053367108 ], [ 707028.359981554094702, 3287485.164218897931278 ], [ 707289.03805241920054, 3287646.283258644863963 ], [ 707350.271950623136945, 3288127.709417660720646 ], [ 707025.859276900300756, 3289374.766950755845755 ], [ 705279.491856484906748, 3291423.366960056591779 ], [ 705266.407944080652669, 3292175.174147461540997 ], [ 704545.477614589268342, 3292399.228972163517028 ], [ 704324.820407518651336, 3292798.702899819239974 ], [ 704435.761536920559593, 3293431.809349402785301 ], [ 704775.248971936875023, 3294118.810713090002537 ], [ 704867.882008750457317, 3294540.736587828490883 ], [ 704675.001487103174441, 3295277.823452665004879 ], [ 704785.792445820989087, 3295795.464046040549874 ], [ 705284.981535051600076, 3296059.487960615660995 ], [ 706104.495237359777093, 3296200.022702264599502 ], [ 706623.872861939715222, 3296566.844975009094924 ], [ 707076.090694131329656, 3297170.585136710200459 ], [ 708046.105443484499119, 3297821.650969441048801 ], [ 708194.083587251370773, 3298313.387474338989705 ], [ 707960.840568097541109, 3298950.065541827585548 ], [ 707989.041789222043008, 3299415.242746620904654 ], [ 708157.047880999278277, 3300097.065385127905756 ], [ 708313.052054364350624, 3300433.50976921338588 ], [ 709226.931662595947273, 3301304.459023512899876 ], [ 709580.575669671408832, 3301875.598112805280834 ], [ 709357.900966607383452, 3303438.16939785471186 ], [ 709405.388148013968021, 3303736.216457014437765 ], [ 710388.942934018443339, 3305503.45569083141163 ], [ 710562.97765282751061, 3306280.839268875773996 ], [ 710785.710174043197185, 3306744.018202809151262 ], [ 710752.74585366784595, 3307664.896781709976494 ], [ 710992.316591253969818, 3308636.215829398948699 ], [ 710971.582721765036695, 3309145.114990186877549 ], [ 710444.692019297042862, 3309952.13313003629446 ], [ 710495.34382142033428, 3310390.265353374183178 ], [ 711035.723472180776298, 3311158.978912478778511 ], [ 711121.414566361694597, 3311651.717038256581873 ], [ 711327.630097096087411, 3312161.559428182896227 ], [ 711938.308265254832804, 3312752.950790473259985 ], [ 712605.691898500313982, 3313189.167676621116698 ], [ 713411.633161489851773, 3314271.498133045621216 ], [ 714598.986323010060005, 3315851.352500755805522 ], [ 714702.670012469985522, 3316279.129599800799042 ], [ 715146.957107311114669, 3316655.149696617852896 ], [ 715366.441349283792078, 3317149.487300852779299 ], [ 715462.586721406551078, 3317961.865532057359815 ], [ 715675.274432575562969, 3318802.323766943067312 ], [ 717106.180501276161522, 3319637.462719242554158 ], [ 717509.656006910139695, 3320167.622804624959826 ], [ 717538.861184965469874, 3320479.757708428893238 ], [ 718300.496628741617315, 3321180.088146481662989 ], [ 718136.846054510795511, 3321561.601480098441243 ], [ 718169.18878926942125, 3321750.911936798598617 ], [ 718390.677891110652126, 3322391.740373868495226 ], [ 718485.76238806406036, 3322944.832394035998732 ], [ 718684.353074768325314, 3323401.198433766607195 ], [ 718874.960431876243092, 3323999.339296818710864 ], [ 719193.128591529210098, 3324734.332937017548829 ], [ 719047.74751127557829, 3325382.497064707335085 ], [ 718856.497587303048931, 3325857.576519743073732 ], [ 718898.222789401886985, 3326314.225586412940174 ], [ 719457.122764852247201, 3326561.601826433558017 ], [ 719854.334386799135245, 3326795.841305106878281 ], [ 720392.165011287084781, 3327358.648512727580965 ], [ 720943.191891627153382, 3327480.729062099941075 ], [ 721493.100132652325556, 3327694.616285805124789 ], [ 722005.292172132059932, 3327733.900755549781024 ], [ 722969.875239554559812, 3327748.720452439505607 ], [ 724113.973558407044038, 3327911.957775759510696 ], [ 724776.721103088813834, 3328219.267692363355309 ], [ 725291.19003602839075, 3328650.081516462378204 ], [ 726357.730782003607601, 3329609.868513060268015 ], [ 727165.275166045408696, 3330452.950715166050941 ], [ 728258.894916514051147, 3331297.166917159687728 ], [ 728730.646686382358894, 3331468.99596897745505 ], [ 729396.931379779358394, 3331485.189982826821506 ], [ 730561.671947163995355, 3331661.623921915888786 ], [ 730971.12831225222908, 3331819.767363443505019 ], [ 732096.669160678400658, 3332596.743776977062225 ], [ 732649.992588089546189, 3333116.130607317201793 ], [ 732617.862795000197366, 3333556.938511170912534 ], [ 732222.297779670916498, 3333546.252009885851294 ], [ 731831.318968392442912, 3333562.330534141045064 ], [ 731303.943776751402766, 3333767.6312932879664 ], [ 731039.738735113176517, 3334367.926026444882154 ], [ 731541.628497969359159, 3334637.621063962113112 ], [ 732055.714203591458499, 3334886.021369772497565 ], [ 732426.739710249006748, 3335393.945209946483374 ], [ 732694.004421034129336, 3336041.632181409280747 ], [ 732898.706877386081032, 3336898.064805476460606 ], [ 732610.289817853481509, 3337146.862593666184694 ], [ 732212.121303387219086, 3337404.557578143198043 ], [ 732260.522439654450864, 3337828.242911257315427 ], [ 732619.693898092838936, 3338612.209472503513098 ], [ 733384.235724688158371, 3339935.995396456681192 ], [ 734069.620352268335409, 3339723.182798007503152 ], [ 734500.752210407867096, 3340123.749265377409756 ], [ 735000.067357765394263, 3340051.294248035177588 ], [ 735628.379085730062798, 3339998.343077590689063 ], [ 736068.382538327248767, 3340564.599208639934659 ], [ 736479.297776193125173, 3341386.649316352326423 ], [ 736879.627444842248224, 3341708.807932402938604 ], [ 738125.335310895112343, 3342268.480197808239609 ], [ 738447.852957921219058, 3342987.581488726194948 ], [ 738738.441923161037266, 3343786.815031174104661 ], [ 739097.638275352190249, 3344673.238314702641219 ], [ 739522.560095729539171, 3345642.989545538090169 ], [ 740000.845806005178019, 3346621.762699929997325 ], [ 740204.001981452573091, 3347309.552990609314293 ], [ 741099.567986915120855, 3348284.230055104009807 ], [ 742434.784288160968572, 3350298.199812691193074 ], [ 742676.841805089032277, 3350976.555401891004294 ], [ 742857.060708828619681, 3352287.392778221517801 ], [ 743048.261047299252823, 3352772.109610982704908 ], [ 743556.765471587190405, 3353287.599361885339022 ], [ 744339.356468827463686, 3353761.221873344387859 ], [ 744802.728804486105219, 3354123.22851902898401 ], [ 745787.284566476591863, 3355080.492553809657693 ], [ 746527.125501872389577, 3355486.684506167192012 ], [ 747168.129501383285969, 3356072.221924384124577 ], [ 747487.133103016065434, 3356931.462894204538316 ], [ 747579.184475741232745, 3357727.802852004766464 ], [ 747092.856283307308331, 3358324.622032023966312 ], [ 747059.072048069559969, 3358940.594557388685644 ], [ 747489.919918278697878, 3360041.886167239863425 ], [ 748245.138345267158002, 3361333.396709624677896 ], [ 749101.211958586238325, 3362730.959586691576988 ], [ 748903.086562789743766, 3363436.273108440451324 ], [ 748346.320446069468744, 3363878.443217411637306 ], [ 747420.171984790009446, 3364207.710522282868624 ], [ 747528.354816246195696, 3364805.972050685901195 ], [ 747209.365418339380994, 3365153.741344142705202 ], [ 746708.204332415247336, 3365771.162087104748935 ], [ 746232.606730059953406, 3366395.950941618066281 ], [ 746621.050824197940528, 3366443.688091640360653 ], [ 746758.2826474114554, 3366667.47682420630008 ], [ 746850.901249189628288, 3366788.274518496356905 ], [ 746997.137046668794937, 3366873.689007656183094 ], [ 747157.100068800151348, 3367064.994796958286315 ], [ 747358.092614578781649, 3367225.924020812381059 ], [ 747604.083554619923234, 3367311.080146669410169 ], [ 747814.388558789156377, 3367256.209704997483641 ], [ 748266.520772342919372, 3367051.355373466853052 ], [ 748299.619678454357199, 3366919.028495279606432 ] ] ] ] } },
{ "type": "Feature", "properties": { "ID_0": 105, "ISO": "IND", "NAME_0": "India", "ID_1": 34, "NAME_1": "Uttar Pradesh", "ID_2": 626, "NAME_2": "Shamli", "HASC_2": null, "CCN_2": 0, "CCA_2": null, "TYPE_2": "District", "ENGTYPE_2": "District", "NL_NAME_2": null, "VARNAME_2": null }, "geometry": { "type": "MultiPolygon", "coordinates": [ [ [ [ 715087.125342981074937, 3286711.529131878167391 ], [ 717297.44048087275587, 3285216.200049458537251 ], [ 717506.39965707086958, 3285412.091867853421718 ], [ 718064.113769717514515, 3285149.25917499512434 ], [ 718512.517874085577205, 3284848.362180713564157 ], [ 718795.352992474217899, 3284514.633663571905345 ], [ 719405.742672150023282, 3284320.150214486289769 ], [ 719680.918820837046951, 3284378.845522156450897 ], [ 719734.466343029635027, 3284925.581517776940018 ], [ 720029.220659208949655, 3285378.073187645990402 ], [ 720249.965574945206754, 3285348.15103447297588 ], [ 720545.816683447104879, 3285143.527298990171403 ], [ 721438.010826739133336, 3285045.447609568946064 ], [ 721826.256552241975442, 3284840.356839464977384 ], [ 721926.535783175379038, 3284403.251335757784545 ], [ 722507.127656489843503, 3283890.230261624325067 ], [ 723970.991997948847711, 3283330.563735330011696 ], [ 724456.276665118872188, 3283008.626529824454337 ], [ 724743.785806504078209, 3282637.686629593372345 ], [ 725223.938786591286771, 3282353.113627585582435 ], [ 725539.207176593132317, 3282294.097519651986659 ], [ 726105.159679618082009, 3282886.747062356676906 ], [ 726938.653739994741045, 3282708.371548186056316 ], [ 727205.047258416423574, 3283091.751539146527648 ], [ 727722.005631179083139, 3282926.054943163413554 ], [ 727975.688717264216393, 3283351.501210873946548 ], [ 728663.482261529192328, 3283215.766136130783707 ], [ 729099.633734770468436, 3282883.073881581425667 ], [ 729598.955502316937782, 3282642.644737054593861 ], [ 730263.462866485468112, 3282528.735104979015887 ], [ 730679.058433327125385, 3282803.379061794374138 ], [ 731395.526960364193656, 3283465.83981017768383 ], [ 731655.784057024400681, 3283280.636637065559626 ], [ 732115.97360040480271, 3283183.555217801127583 ], [ 732471.539454689249396, 3283570.193790790159255 ], [ 732821.997199880657718, 3283810.363724031485617 ], [ 733845.849359357263893, 3283155.231281518470496 ], [ 734343.076455672737211, 3282984.97746553318575 ], [ 734811.254378086188808, 3283531.430292633362114 ], [ 735069.292537909699604, 3284018.284444477409124 ], [ 735093.018378908978775, 3284577.64425130886957 ], [ 735272.14197823300492, 3284985.218226911965758 ], [ 735597.708728763158433, 3285244.844961753580719 ], [ 736277.812356025446206, 3285404.714883016422391 ], [ 736853.827822940307669, 3285140.416084852069616 ], [ 738073.762171169160865, 3283889.895727593451738 ], [ 738551.868654975201935, 3283752.418389494996518 ], [ 739486.245746125467122, 3283740.206602127756923 ], [ 739616.127251508762129, 3283403.467918755952269 ], [ 739463.496833760407753, 3283006.745729404501617 ], [ 739510.669899328611791, 3282736.141274864785373 ], [ 739968.563369660405442, 3282268.923215430695564 ], [ 739806.569070020574145, 3281203.964211954735219 ], [ 739845.791170947020873, 3280683.577457426581532 ], [ 739646.155904125305824, 3280201.44884277228266 ], [ 739792.803024747758172, 3279842.856994100380689 ], [ 740248.19711972377263, 3279739.430719512980431 ], [ 740457.58675652788952, 3279524.553959702141583 ], [ 740303.959479820448905, 3278689.288029091432691 ], [ 740494.583921407698654, 3278143.376779823098332 ], [ 740684.21793372288812, 3277885.771049805451185 ], [ 741471.76781517569907, 3277435.611361452378333 ], [ 740660.00538019859232, 3276393.70731253316626 ], [ 740329.707603916642256, 3275621.085968687199056 ], [ 739897.117888542707078, 3275029.906767123378813 ], [ 741093.638978862552904, 3274002.702050684019923 ], [ 740980.498755364445969, 3273656.318060975987464 ], [ 740551.134491740493104, 3273395.817734534852207 ], [ 740126.915374764823355, 3273447.670381578151137 ], [ 739292.483027682523243, 3273206.921686504036188 ], [ 739245.874043053714558, 3272581.484634432010353 ], [ 739359.428871655487455, 3271938.302781336009502 ], [ 739522.285786983789876, 3271655.565477887634188 ], [ 739436.429908209014684, 3271135.905593642964959 ], [ 739177.688258038950153, 3270464.922282258048654 ], [ 738769.002258105669171, 3270407.803323581349105 ], [ 738112.60096434771549, 3270553.390053413808346 ], [ 737505.061899325577542, 3270102.474588275887072 ], [ 737687.40208975749556, 3269806.798086454160511 ], [ 736917.445283638546243, 3268808.019253784324974 ], [ 737542.293649490457028, 3268337.628348796628416 ], [ 738639.992665244964883, 3267801.97042238805443 ], [ 738744.96816553780809, 3267527.936059176921844 ], [ 738629.991671670228243, 3267086.152128105051816 ], [ 738494.798531434033066, 3266689.844533318188041 ], [ 737655.591902197455056, 3266474.548419248312712 ], [ 737405.594056554604322, 3266185.409273665864021 ], [ 737021.844829784240574, 3264969.726024326402694 ], [ 736494.002935998374596, 3263948.608510387595743 ], [ 735313.726369441719726, 3262860.175171263050288 ], [ 736794.294007366988808, 3261667.892572654876858 ], [ 737485.388698214082979, 3261233.337919824756682 ], [ 737672.603998145204969, 3261485.609078716021031 ], [ 738044.945777578977868, 3261245.119946533814073 ], [ 738255.84477014222648, 3260865.645480500534177 ], [ 738214.533562949858606, 3260542.194921862799674 ], [ 737671.374354837695137, 3259538.060184164904058 ], [ 736415.665936804143712, 3258849.647045692894608 ], [ 735742.461206256179139, 3258102.659206063486636 ], [ 735586.089434356545098, 3257573.767043748404831 ], [ 735484.922348268679343, 3256811.873600797262043 ], [ 735425.476460224250332, 3255396.827770671341568 ], [ 735022.458798985462636, 3255289.670441186521202 ], [ 734651.987658735131845, 3254040.997211396694183 ], [ 733881.595202881610021, 3250155.554891424253583 ], [ 732895.801297080353834, 3248604.951015974394977 ], [ 731625.775146123021841, 3247417.956235314253718 ], [ 730242.518320590257645, 3247231.388845817185938 ], [ 729841.006724071456119, 3246484.448510132730007 ], [ 729208.945949743269011, 3245732.871999708469957 ], [ 728527.982620956376195, 3245085.896437800023705 ], [ 727455.638253632932901, 3245539.202092815656215 ], [ 726290.002614415367134, 3245990.953868830110878 ], [ 725347.415479451650754, 3244547.319882581476122 ], [ 725280.603359780390747, 3243279.524263443890959 ], [ 725349.563995527802035, 3242119.961413378361613 ], [ 725084.825850179186091, 3241481.485648162197322 ], [ 724450.376788418972865, 3240783.055695245508105 ], [ 723702.126176894758828, 3241190.468425083439797 ], [ 722812.196011330815963, 3241753.349323690403253 ], [ 721969.05608368315734, 3242317.417793102562428 ], [ 720260.124688388546929, 3242178.649584544822574 ], [ 718025.203355654724874, 3241275.448481020517647 ], [ 717907.965340820141137, 3241510.704563969280571 ], [ 717147.270810922374949, 3241654.560455750674009 ], [ 716507.277335943304934, 3241653.356112528126687 ], [ 714998.411320664919913, 3241244.481222125701606 ], [ 713335.492373909102753, 3240938.243196982424706 ], [ 712589.197082647820935, 3241068.290881391614676 ], [ 711403.375701008597389, 3241545.07209190633148 ], [ 711435.229738087393343, 3241945.784607463981956 ], [ 711328.930535613093525, 3242358.521059681195766 ], [ 710911.923143760068342, 3242692.528783892281353 ], [ 708775.196149865747429, 3243039.878379852045327 ], [ 708077.97592562995851, 3243295.66794577986002 ], [ 709202.812063303310424, 3245024.844810385257006 ], [ 709132.627736020949669, 3245615.479042466729879 ], [ 708877.726618599495851, 3245972.202999484259635 ], [ 708765.10662027890794, 3246654.473632856272161 ], [ 709138.981175917317159, 3247081.351788580417633 ], [ 708928.921770325163379, 3247500.016568646766245 ], [ 708391.112149738124572, 3248129.847563008777797 ], [ 706560.344120995257981, 3248016.43042246857658 ], [ 706181.178564882604405, 3248081.646550070494413 ], [ 705816.639488881803118, 3248607.30812702793628 ], [ 705558.112736703129485, 3249418.698461885098368 ], [ 705676.603316549910232, 3249953.973870934452862 ], [ 705447.113114246865734, 3251127.302052936516702 ], [ 705462.573777014855295, 3251582.252733118832111 ], [ 705800.548700799001381, 3251820.163070360198617 ], [ 706823.915535185253248, 3252052.812561600934714 ], [ 707555.069614495383576, 3252421.889980098232627 ], [ 708334.091348317102529, 3253086.066222528461367 ], [ 708248.585338304983452, 3253385.005384433083236 ], [ 707670.848883454920724, 3253622.67068317020312 ], [ 707022.011253119562753, 3254023.1698940070346 ], [ 706589.50853812112473, 3254464.446353390347213 ], [ 706260.564838765072636, 3255362.087858341168612 ], [ 706141.022582712583244, 3256638.287879036273807 ], [ 707177.802920215646736, 3257771.514543916098773 ], [ 707428.191108389524743, 3258290.846917171031237 ], [ 707508.579649474937469, 3258873.045841659419239 ], [ 707340.307643708423711, 3259367.780343906022608 ], [ 706772.839111120905727, 3259789.855553223285824 ], [ 706007.038338232203387, 3260047.613832698203623 ], [ 705388.620043600792997, 3260426.527821528725326 ], [ 705034.35786240408197, 3261018.782109880354255 ], [ 704990.749236274976283, 3261952.7191127166152 ], [ 705118.827721845824271, 3262521.805535174440593 ], [ 705588.902481480268762, 3263046.78933760849759 ], [ 705860.890217234613374, 3263717.061098443809897 ], [ 705505.931312236003578, 3264960.005161312874407 ], [ 704972.640309825073928, 3265596.575472646858543 ], [ 703882.790217900183052, 3266284.413093407638371 ], [ 703315.685299646575004, 3266548.241089138668031 ], [ 702204.921826331992634, 3268329.810915359295905 ], [ 702041.236900180694647, 3268917.73474737862125 ], [ 702157.410206407192163, 3269574.971393024548888 ], [ 702456.154969793744385, 3270155.978891970124096 ], [ 703020.338433061493561, 3270494.143761579412967 ], [ 703902.878143452922814, 3270649.88881508493796 ], [ 704407.067199170589447, 3271111.391010294668376 ], [ 704093.296101584448479, 3272588.162571179680526 ], [ 703609.15096494089812, 3273759.013764150906354 ], [ 702794.092507012886927, 3274876.319297228008509 ], [ 702411.447557639679871, 3275226.604450958315283 ], [ 702100.070511814556085, 3275890.535500498954207 ], [ 701976.146849706536159, 3276368.359858535695821 ], [ 702596.695242295274511, 3277252.311622531153262 ], [ 702752.875169554376043, 3277731.805270147975534 ], [ 702805.331921179546043, 3278264.834771684836596 ], [ 703372.622690285556018, 3278774.407406497746706 ], [ 703475.912992295227014, 3279069.815226043108851 ], [ 703407.790043182438239, 3279973.293346544727683 ], [ 703773.627180504961871, 3280256.975902199279517 ], [ 704048.471705659059808, 3280747.959358457010239 ], [ 704215.501728663570248, 3281558.016806390602142 ], [ 705374.257220582221635, 3282277.723692409694195 ], [ 706101.121755326283164, 3282851.084010677877814 ], [ 706274.574913497781381, 3283342.174194685649127 ], [ 706252.208043057005852, 3283714.188722649589181 ], [ 705143.457650125026703, 3285236.178713162429631 ], [ 705053.847254780586809, 3285853.340823440346867 ], [ 705229.032597411191091, 3286490.796606691554189 ], [ 705646.379803400486708, 3287091.679012943990529 ], [ 706285.684266368160024, 3287388.325196053367108 ], [ 706708.209172396687791, 3286865.081886995583773 ], [ 707432.108670420944691, 3286542.428109440021217 ], [ 708014.228460956597701, 3286974.735627129208297 ], [ 708589.297240818035789, 3286832.326552780345082 ], [ 709232.535118734231219, 3286481.844685474410653 ], [ 710053.274071564897895, 3286161.164378834888339 ], [ 711015.000320717459545, 3286083.666544136125594 ], [ 712016.089436098467559, 3285840.126567820087075 ], [ 712254.164345409139059, 3286529.673157396260649 ], [ 712581.184287436190061, 3286579.239311447367072 ], [ 713286.95771349221468, 3286986.480798195116222 ], [ 713704.701706723426469, 3287273.842986637726426 ], [ 713939.227464204421267, 3287639.77713632537052 ], [ 714716.013312875293195, 3286842.931487621273845 ], [ 715087.125342981074937, 3286711.529131878167391 ] ] ] ] } },
{ "type": "Feature", "properties": { "ID_0": 105, "ISO": "IND", "NAME_0": "India", "ID_1": 35, "NAME_1": "Uttarakhand", "ID_2": 640, "NAME_2": "Hardwar", "HASC_2": "IN.UT.HA", "CCN_2": 0, "CCA_2": null, "TYPE_2": "District", "ENGTYPE_2": "District", "NL_NAME_2": null, "VARNAME_2": "Hardwar" }, "geometry": { "type": "MultiPolygon", "coordinates": [ [ [ [ 793513.767731279367581, 3333014.047984085977077 ], [ 794456.531026371289045, 3332172.512506574392319 ], [ 794862.846406086580828, 3331626.525851482991129 ], [ 794960.05064803280402, 3330719.013301810249686 ], [ 794827.432931788731366, 3329070.907949742395431 ], [ 794910.245887753204443, 3328480.704279349651188 ], [ 795146.290200573857874, 3328109.643252357840538 ], [ 795737.097633627010509, 3327693.913361416198313 ], [ 797451.522918730508536, 3326750.109978483989835 ], [ 797629.293042576406151, 3326386.408072543796152 ], [ 797622.816598642151803, 3326244.210245223715901 ], [ 797584.605152106960304, 3326076.815540975891054 ], [ 797269.019886070047505, 3325649.858619564212859 ], [ 797292.073299683863297, 3325286.428327983245254 ], [ 798048.730733793228865, 3324821.929824839811772 ], [ 799128.603614702238701, 3324776.853999750223011 ], [ 799496.694386029965244, 3324489.451809900347143 ], [ 799856.256704719271511, 3324028.476494079921395 ], [ 801121.329208521172404, 3323546.025822158437222 ], [ 802131.856102350284345, 3321112.158579638693482 ], [ 802572.181837175739929, 3320131.910288068000227 ], [ 803024.32759212446399, 3319180.14814988989383 ], [ 803805.619291812879965, 3318406.978414207696915 ], [ 804583.29055958846584, 3317956.761926709674299 ], [ 805012.851439032237977, 3318929.584653284866363 ], [ 805994.83169174566865, 3321433.721079478040338 ], [ 806171.887246504193172, 3321747.247777175623924 ], [ 806357.483731601270847, 3321619.460252840537578 ], [ 806559.171967368689366, 3321150.900454421062022 ], [ 806672.122512943809852, 3320081.896499246358871 ], [ 806187.968630915042013, 3319277.237843174953014 ], [ 805891.564544566208497, 3318425.727771238423884 ], [ 805733.700826946413144, 3317254.834648390766233 ], [ 806126.959474151721224, 3317245.808728034608066 ], [ 807043.52361360215582, 3317510.605624478776008 ], [ 807724.704262260114774, 3317250.114066345151514 ], [ 810542.595307330018841, 3316054.710081968456507 ], [ 812342.208519170526415, 3315186.402740065939724 ], [ 812742.886782097397372, 3314840.170698361936957 ], [ 813214.657836084836163, 3314771.789327282458544 ], [ 814924.876925760763697, 3314729.040620992425829 ], [ 815089.404047461226583, 3314416.393331460189074 ], [ 814715.326200206996873, 3313069.357266771607101 ], [ 814646.300322580034845, 3312096.375071307644248 ], [ 814802.919724015519023, 3311751.1083889240399 ], [ 815504.172441833419725, 3311661.381411014590412 ], [ 816076.398446441278793, 3310610.956485409289598 ], [ 818256.107243400299922, 3309042.781858468893915 ], [ 818880.28216697415337, 3308432.586817404255271 ], [ 819354.19045860087499, 3308122.096701756585389 ], [ 819650.78108555264771, 3307664.680073391646147 ], [ 820019.347788014798425, 3305221.270839538890868 ], [ 820263.430279569933191, 3304129.155859895516187 ], [ 820650.08540858514607, 3303241.207513692323118 ], [ 820960.064473996404558, 3302094.685725823976099 ], [ 821194.800043694907799, 3301560.986233210656792 ], [ 821636.18921522074379, 3301135.297926789149642 ], [ 822085.88632260740269, 3300857.631929541938007 ], [ 819421.979682369856164, 3296497.861438302788883 ], [ 817438.465065084863454, 3294748.546887632459402 ], [ 815825.231011355761439, 3292977.104625514708459 ], [ 812666.435563566861674, 3290368.805747917853296 ], [ 811642.961680934531614, 3291842.06128241121769 ], [ 808981.699040045379661, 3290928.643711747601628 ], [ 808873.420387892052531, 3290540.833814691752195 ], [ 807943.698265427490696, 3288846.175436848774552 ], [ 806403.127450711093843, 3287469.737520796712488 ], [ 803817.437497252132744, 3287018.658280992414802 ], [ 803374.573835062328726, 3285054.742562071420252 ], [ 801556.811591952922754, 3283524.284560458734632 ], [ 801031.459463863982819, 3282571.272527152206749 ], [ 800832.77836073958315, 3282175.442790428176522 ], [ 799922.691613615024835, 3281884.800476318225265 ], [ 799857.449017141363584, 3281862.948529045563191 ], [ 799613.767921926337294, 3281571.343685685191303 ], [ 799273.072662591934204, 3281200.539684424642473 ], [ 799118.512334254221059, 3279923.575482885818928 ], [ 798511.496327654225752, 3278632.460044880397618 ], [ 798173.659297863952816, 3278371.835341745987535 ], [ 797654.311472974251956, 3278398.897870884276927 ], [ 797175.262036154861562, 3278552.765984689351171 ], [ 796301.562241827137768, 3278551.676783842965961 ], [ 795482.456124803517014, 3278135.16569669963792 ], [ 794841.917727826163173, 3277565.739999770652503 ], [ 794452.290636575082317, 3276990.659630491398275 ], [ 794157.985252211568877, 3276192.914308535866439 ], [ 794243.867052212241106, 3275852.103811597451568 ], [ 794585.221754327649251, 3275589.521467759739608 ], [ 794778.529506089631468, 3275216.398766206111759 ], [ 794272.078451340086758, 3274463.885952880140394 ], [ 794384.46408301696647, 3274043.983381313271821 ], [ 794276.164126109099016, 3273063.610956978984177 ], [ 793860.212493965635076, 3272949.669096691999584 ], [ 792564.954413007828407, 3273176.628056885674596 ], [ 792305.9175903868163, 3273233.169128818437457 ], [ 791031.760883368435316, 3273363.073963799513876 ], [ 790127.086687742383219, 3273229.86190940393135 ], [ 789558.806321334792301, 3272190.106971613131464 ], [ 788646.912749273236841, 3273084.26600459869951 ], [ 788461.039578228490427, 3273521.152093453332782 ], [ 788415.157482751645148, 3274155.688362431712449 ], [ 788602.541974077932537, 3274639.611767794936895 ], [ 788790.147041868884116, 3274711.092065813019872 ], [ 789076.471132481005043, 3275950.105195921380073 ], [ 789114.101260399678722, 3276471.669752449262887 ], [ 789025.003614657558501, 3276857.495845902711153 ], [ 788883.264705802663229, 3276960.295825022738427 ], [ 788759.514073839876801, 3276824.001517003867775 ], [ 788553.529101462103426, 3276547.828856695443392 ], [ 788387.794786663958803, 3276317.346957782283425 ], [ 787995.882381446310319, 3276308.349541500210762 ], [ 787966.103525512036867, 3276286.635448470711708 ], [ 787656.41757611988578, 3276504.923741286154836 ], [ 787442.707876403117552, 3276558.282997673843056 ], [ 787344.842281709075905, 3276421.61097788112238 ], [ 787061.365752138197422, 3276338.813792034517974 ], [ 786897.61285103962291, 3276579.897660510614514 ], [ 786715.983886311063543, 3276594.093580903485417 ], [ 786343.87697355938144, 3276389.275828226935118 ], [ 786073.97377914073877, 3276412.44799109781161 ], [ 785909.478098848368973, 3276654.583082342986017 ], [ 785736.804450605297461, 3276782.238117630127817 ], [ 785575.283660460729152, 3277024.240986657794565 ], [ 785484.112975935684517, 3277031.02229833137244 ], [ 785582.017623636173084, 3277137.627755530644208 ], [ 785597.648873046506196, 3277366.572616001125425 ], [ 785613.278880891622975, 3277595.517616437748075 ], [ 785814.173631537239999, 3277928.00399939250201 ], [ 786026.218353676842526, 3278373.995712238829583 ], [ 785943.247942352667451, 3278494.832185338716954 ], [ 785795.906019678222947, 3278964.893564233090729 ], [ 785727.791001529432833, 3279315.927401792723686 ], [ 785653.743529134080745, 3279551.478112463839352 ], [ 785855.393130395677872, 3279881.661448877770454 ], [ 786223.585849983850494, 3279974.428482718300074 ], [ 786475.498659982345998, 3279725.645030374638736 ], [ 786640.683324054349214, 3279484.596142864320427 ], [ 786893.322653326322325, 3279237.108402521815151 ], [ 787269.021935252822004, 3279441.836501989047974 ], [ 787643.936655710916966, 3279647.828253967221826 ], [ 788076.625021695159376, 3279389.322445026598871 ], [ 788280.374797414522618, 3279721.726432580500841 ], [ 788130.718463649740443, 3280191.918888860847801 ], [ 788072.222878984408453, 3280655.14227092359215 ], [ 787922.609975036233664, 3281124.278968597296625 ], [ 787870.031795841176063, 3281702.989645863883197 ], [ 788006.348165954928845, 3282384.323448004201055 ], [ 788218.230305210570805, 3282829.315234345849603 ], [ 788053.054538303869776, 3283070.129257794935256 ], [ 787963.412126238457859, 3283076.713251368142664 ], [ 787694.551133814034984, 3283093.931665346957743 ], [ 787276.799682715558447, 3283582.85529073048383 ], [ 787052.429311143932864, 3284288.15693988557905 ], [ 787172.456840659491718, 3284739.664036370813847 ], [ 787277.62433792068623, 3284963.085211580153555 ], [ 787375.402154296403751, 3285070.983110761269927 ], [ 787390.253310726489872, 3285298.860191225539893 ], [ 787406.553698856616393, 3285527.832766491454095 ], [ 787510.202603669138625, 3285752.27679304452613 ], [ 787614.667157648596913, 3285973.568878853227943 ], [ 787719.806066228542477, 3286197.207658821251243 ], [ 787646.513257374055684, 3286431.497120107524097 ], [ 787653.919947638874874, 3286545.965027103200555 ], [ 787564.305585106369108, 3286552.550020840018988 ], [ 787369.573912107851356, 3286334.653315966948867 ], [ 786799.297023002873175, 3285914.977177256252617 ], [ 786710.444740685168654, 3285920.5308618536219 ], [ 786634.929321787552908, 3286155.825974717270583 ], [ 786307.680421461351216, 3286637.990126816090196 ], [ 786144.065877037122846, 3286879.075068031437695 ], [ 785888.634461549576372, 3287126.703234957996756 ], [ 785648.835386246908456, 3287602.016696547623724 ], [ 785209.814066505525261, 3287746.143691120203584 ], [ 785027.656941334484145, 3287759.276478749234229 ], [ 784954.428137255134061, 3287993.578782070428133 ], [ 784864.85600782034453, 3287999.126930692698807 ], [ 784969.251825502607971, 3288223.987740844953805 ], [ 784790.095184693462215, 3288235.718674728646874 ], [ 784804.958963796962053, 3288464.646868394222111 ], [ 785090.074356974102557, 3288674.009992401115596 ], [ 784826.513793756370433, 3288808.020598432049155 ], [ 784580.08961064950563, 3289169.117805372457951 ], [ 784685.253141997847706, 3289392.515136063098907 ], [ 785060.67503957846202, 3289595.080756429582834 ], [ 785613.719221243867651, 3289786.749565580394119 ], [ 785360.568689063889906, 3290034.652685902547091 ], [ 784671.472690207185224, 3290542.744000673294067 ], [ 784507.23572956235148, 3290782.559128045104444 ], [ 784326.606355409836397, 3290795.737051192671061 ], [ 784105.993626207346097, 3290695.954324889928102 ], [ 783512.49177531269379, 3290585.650482499971986 ], [ 783191.407859162194654, 3290747.013801080174744 ], [ 782973.796311491401866, 3290528.401675531174988 ], [ 782509.646454095956869, 3290649.763424952048808 ], [ 782135.538685501087457, 3290395.259691959246993 ], [ 781620.333103499142453, 3289698.748684169258922 ], [ 781511.535212961141951, 3289793.562009081244469 ], [ 781360.944236696697772, 3289669.996597257908434 ], [ 781510.474574107443914, 3289512.935029504820704 ], [ 781400.19389409199357, 3289402.446752734016627 ], [ 781200.319595675799064, 3289533.907566615846008 ], [ 781058.409539628308266, 3289358.720145683735609 ], [ 781588.414251544047147, 3288971.049989968072623 ], [ 780597.456555024487898, 3288822.13024981925264 ], [ 779320.667978686513379, 3289109.6903100986965 ], [ 778872.843062594183721, 3289021.061352272517979 ], [ 778391.736950123449787, 3289052.027079338207841 ], [ 778063.168464669724926, 3289219.272329485043883 ], [ 777699.751907166093588, 3288856.22084323130548 ], [ 777701.071048012585379, 3288327.026036942377687 ], [ 777345.994082649587654, 3288251.769650060217828 ], [ 776613.97959755314514, 3287640.089251659344882 ], [ 776180.314389654202387, 3287723.536374798510224 ], [ 775668.095687051769346, 3287186.338515664450824 ], [ 775526.374919382040389, 3286788.844773988705128 ], [ 775124.935176147380844, 3286853.449798515066504 ], [ 774909.37019411160145, 3286632.741792530287057 ], [ 774704.871178896399215, 3286201.768577998038381 ], [ 774310.695154095534235, 3285788.580249106511474 ], [ 773804.952318615862168, 3285493.078750463668257 ], [ 773062.712458396796137, 3285437.283750593662262 ], [ 772064.132360983174294, 3285801.034072063863277 ], [ 771414.035727528156713, 3286274.666689248289913 ], [ 770241.633057361817919, 3286803.201949626207352 ], [ 769906.786204249365255, 3287234.382353538181633 ], [ 770676.093884985544719, 3288578.600130182690918 ], [ 770424.594528408022597, 3288864.300883923657238 ], [ 769219.812765806214884, 3289707.189046467188746 ], [ 767968.360925612505525, 3289854.636599497869611 ], [ 767211.710613129660487, 3290043.663304961752146 ], [ 766904.645772531628609, 3290217.443243467714638 ], [ 766782.105773123912513, 3290491.695270099211484 ], [ 767339.873065852909349, 3291634.482696433085948 ], [ 767731.100555395707488, 3292139.606896472163498 ], [ 767849.444496422773227, 3292595.034177586436272 ], [ 767657.224608707707375, 3292941.027105033397675 ], [ 767110.50995785347186, 3293594.645993196871132 ], [ 766988.775452895672061, 3294576.887414671946317 ], [ 767057.417020634165965, 3294917.918228002730757 ], [ 767429.674153812928125, 3295808.740959239657968 ], [ 767200.192839266266674, 3296541.05155378067866 ], [ 767366.715756443096325, 3297140.669057657010853 ], [ 766906.270502897328697, 3297467.964445834048092 ], [ 766881.921506805578247, 3297744.774642961099744 ], [ 767273.691773348604329, 3298217.757823081221431 ], [ 766106.405984020791948, 3299518.80209322180599 ], [ 765736.921557998750359, 3300277.619620400015265 ], [ 765029.11454297346063, 3300833.3011165545322 ], [ 764940.749516248935834, 3301041.726190263405442 ], [ 765189.034641791484319, 3301586.975015345960855 ], [ 765007.651354723842815, 3302509.194007208105177 ], [ 764665.301600919803604, 3303126.49401987483725 ], [ 763985.111736779334024, 3303585.12637002998963 ], [ 763702.117294239578769, 3303912.29322738526389 ], [ 763858.834470688947476, 3304397.580463556107134 ], [ 763745.35364044085145, 3305634.991960758343339 ], [ 762121.685628186212853, 3305973.611632427666336 ], [ 761749.615468642441556, 3306297.658829140476882 ], [ 761395.658164356020279, 3306761.998579166829586 ], [ 761117.791344222263433, 3307191.320800350978971 ], [ 760986.912141823908314, 3307644.202519541606307 ], [ 761080.100312279770151, 3308386.295577983837575 ], [ 760997.802798220538534, 3309188.583748168312013 ], [ 761036.601572194485925, 3309639.743649706244469 ], [ 761817.018690861528739, 3309476.381712630391121 ], [ 761998.146748523693532, 3309863.624510720837861 ], [ 762424.990468847681768, 3310212.883881086017936 ], [ 762651.946323798154481, 3311123.419027215335518 ], [ 763101.423832477303222, 3311479.17221943475306 ], [ 763323.080987105844542, 3311832.918371148407459 ], [ 763694.45891931746155, 3312091.207896307110786 ], [ 763872.171678231214173, 3312338.340251040644944 ], [ 763513.787180027924478, 3313363.633358073420823 ], [ 763424.918858311721124, 3314000.516322535462677 ], [ 762973.764095453429036, 3314155.258430059067905 ], [ 762461.748495253385045, 3314452.454262379556894 ], [ 762334.639535462483764, 3314683.66906580934301 ], [ 762612.718052984913811, 3315142.632682541850954 ], [ 763059.122454404947348, 3315651.307100268080831 ], [ 763397.610126968240365, 3315892.314408669713885 ], [ 763427.50129384896718, 3316587.46069264691323 ], [ 763730.894710862427019, 3316938.731267318129539 ], [ 764440.160387044539675, 3317390.477755432017148 ], [ 764749.094001347315498, 3317939.117880540434271 ], [ 764881.837172517669387, 3318366.115023470018059 ], [ 764790.983272907556966, 3318836.636600029654801 ], [ 763490.566351826302707, 3320188.950937442015857 ], [ 763393.219829081790522, 3320532.792382770217955 ], [ 764029.603941376204602, 3320910.646031690761447 ], [ 764410.840418176027015, 3321296.819695191923529 ], [ 764613.533397778170183, 3322615.242102723103017 ], [ 764739.970696410862729, 3322933.546919028740376 ], [ 764907.6962649745401, 3323219.201189670711756 ], [ 765160.218002402572893, 3323531.440346444025636 ], [ 765549.786394574912265, 3323902.420926748309284 ], [ 765959.935616599628702, 3324151.822832972276956 ], [ 766168.033901687478647, 3324257.771004441194236 ], [ 766468.097092856653035, 3324398.317992385942489 ], [ 766938.642063906183466, 3324554.845890214666724 ], [ 767095.203263188828714, 3324659.355009601451457 ], [ 767360.989053277182393, 3324937.061415943317115 ], [ 767474.369853655691259, 3325303.337058083154261 ], [ 767501.423486048239283, 3325584.785576768219471 ], [ 767438.546203121659346, 3325687.367966563440859 ], [ 767368.317051835590973, 3325759.090498784556985 ], [ 767122.044498132308945, 3326105.859409641940147 ], [ 766691.395483154570684, 3326403.736406812444329 ], [ 766510.243357846047729, 3326677.820111830718815 ], [ 766326.49111029249616, 3326785.527326144278049 ], [ 766110.593827296514064, 3326974.349619147367775 ], [ 765950.265293301898055, 3327149.280800388194621 ], [ 765884.664946209755726, 3327335.173617852851748 ], [ 765952.184507935075089, 3327588.603126472327858 ], [ 766242.87249867443461, 3328143.870759560726583 ], [ 766511.59572412353009, 3328753.633740719873458 ], [ 766591.837775948224589, 3328997.432551140896976 ], [ 766833.799256770405918, 3329433.683457305654883 ], [ 766938.106419553747401, 3329564.863265651743859 ], [ 767007.98635501624085, 3329597.662113016471267 ], [ 767200.736892602406442, 3330058.335034294519573 ], [ 767339.783341897884384, 3330213.638768830802292 ], [ 767511.962860781583004, 3330489.72739891288802 ], [ 767568.683363004471175, 3330639.6496526543051 ], [ 767694.921514682820998, 3331169.817861857358366 ], [ 767820.615822696126997, 3331509.957130707334727 ], [ 767942.246112138265744, 3331925.96512937406078 ], [ 768100.967057569883764, 3332118.156913025770336 ], [ 768192.318252224475145, 3332386.579431501217186 ], [ 768411.56143210362643, 3332782.545296862721443 ], [ 768484.700303440331481, 3333042.698114582337439 ], [ 768528.711310534039512, 3333139.205670277588069 ], [ 768826.053082160884514, 3333319.560132933780551 ], [ 769046.576776398345828, 3333360.501102672889829 ], [ 769247.238187089329585, 3333280.768570861779153 ], [ 769355.919835468754172, 3333230.527761577628553 ], [ 769618.114062358858064, 3333042.696374827995896 ], [ 769720.12949475296773, 3332934.315314180683345 ], [ 769944.636476557003334, 3332753.184516359586269 ], [ 770118.954971307655796, 3332578.02008036384359 ], [ 770251.66122660995461, 3332479.072427899576724 ], [ 770386.432794490712695, 3332296.16882927948609 ], [ 770640.575481874402612, 3332108.160303283948451 ], [ 770896.904139196965843, 3332041.038844189606607 ], [ 771125.457757814438082, 3332055.766094042919576 ], [ 771327.748851339099929, 3332120.636772563681006 ], [ 771585.771380256162956, 3332283.380516393575817 ], [ 771778.744166255462915, 3332516.683260031510144 ], [ 771952.101979893399402, 3332888.110205055214465 ], [ 771949.748747411184013, 3333102.413366845808923 ], [ 772141.792874560924247, 3333372.310648792888969 ], [ 772263.222600563312881, 3333759.178082278929651 ], [ 772381.678145288140513, 3333849.718098391778767 ], [ 772559.49063640285749, 3333920.780859461054206 ], [ 772764.558797055273317, 3334050.081203941255808 ], [ 772979.414079547044821, 3334140.692054070997983 ], [ 773285.906080647371709, 3334363.93815372698009 ], [ 773417.893716254155152, 3334531.219705131836236 ], [ 773517.073199396254495, 3334626.796423686202615 ], [ 773910.591192526160739, 3335136.849677043035626 ], [ 773990.191961157601327, 3335308.9717523958534 ], [ 774090.600367709994316, 3335443.311154148541391 ], [ 774325.268570333719254, 3335888.479497765190899 ], [ 774405.398781914962456, 3336009.408081323374063 ], [ 774627.079352726927027, 3336472.672024112660438 ], [ 774795.791138447122648, 3336728.925795381888747 ], [ 775071.419981301529333, 3337034.415395624004304 ], [ 775317.066554616205394, 3337537.448388362303376 ], [ 775420.733742757234722, 3337804.358926016837358 ], [ 775495.673500506440178, 3337925.803071993868798 ], [ 775625.497426449903287, 3338205.435027689207345 ], [ 775909.800885169534013, 3338865.844899465329945 ], [ 775957.446349037927575, 3339106.807903863955289 ], [ 775996.212689898209646, 3339437.486765621230006 ], [ 776296.77255817502737, 3339858.767181614413857 ], [ 776606.197449957951903, 3340335.938357857521623 ], [ 776727.175453959382139, 3340438.874234442599118 ], [ 777037.722741160541773, 3340782.767454885877669 ], [ 777162.49908794905059, 3340967.914729807525873 ], [ 777294.723025836283341, 3341091.034893270581961 ], [ 778093.210695522255264, 3342117.524996619671583 ], [ 778298.825850115390494, 3342303.681213016156107 ], [ 778548.943667144048959, 3342648.422443495132029 ], [ 778848.077242786530405, 3342973.678369667846709 ], [ 778946.255593882291578, 3343190.342836976516992 ], [ 779056.117085937294178, 3343641.154535054694861 ], [ 779108.98215166432783, 3343933.065587777644396 ], [ 779175.04304002772551, 3344947.812007574830204 ], [ 779217.067323573864996, 3345145.27419594489038 ], [ 779388.769341516541317, 3345591.321608738508075 ], [ 779459.520805034320801, 3345959.245050081051886 ], [ 779575.405780430650339, 3346200.497755921911448 ], [ 779881.140554759418592, 3346405.970714608207345 ], [ 780239.02177072991617, 3346612.999690645840019 ], [ 780533.820526951225474, 3346957.46699248906225 ], [ 780864.020592070184648, 3347296.715276365634054 ], [ 781212.213534362846985, 3347850.399211497511715 ], [ 781336.258522060001269, 3348086.384376717265695 ], [ 781704.319888336118311, 3348608.643722940701991 ], [ 781904.936771603999659, 3349009.991823723074049 ], [ 781943.073770275223069, 3349212.874603080563247 ], [ 781987.409905727719888, 3349346.289546637795866 ], [ 782092.878006758051924, 3349788.152964825741947 ], [ 782203.471073713502847, 3349974.071356061380357 ], [ 782252.127321684034541, 3350082.203340398613364 ], [ 782338.076208381680772, 3350140.717491852119565 ], [ 782544.772824260173365, 3350219.282878551166505 ], [ 782717.769882851047441, 3350208.305130591616035 ], [ 783020.753686317126267, 3350116.038861589506269 ], [ 783303.330473741167225, 3349903.88785230461508 ], [ 783533.751386345131323, 3349804.463865320663899 ], [ 783505.124161796178669, 3349576.210434156935662 ], [ 783419.596329760504887, 3349217.80675758048892 ], [ 783313.132966904202476, 3348645.743182417005301 ], [ 783383.841300103347749, 3348526.729337238240987 ], [ 783689.027254677610472, 3348294.852216959930956 ], [ 784114.392433627741411, 3347879.859705936629325 ], [ 784714.623239438049495, 3347441.703208643943071 ], [ 784760.87343133520335, 3347387.668348422273993 ], [ 784824.698357924236916, 3347251.551294421311468 ], [ 784884.028806437272578, 3347062.195816920138896 ], [ 784951.435705631738529, 3346675.590394729748368 ], [ 785009.932855493621901, 3346574.890810729935765 ], [ 785868.990057344431989, 3345858.445500037632883 ], [ 785990.38048673258163, 3345714.946985645219684 ], [ 786190.518843149300665, 3345456.257097395602614 ], [ 786350.925851257285103, 3345170.710918506607413 ], [ 786543.733270947472192, 3344911.83416844625026 ], [ 786615.487996442010626, 3344754.979055607225746 ], [ 786680.451393780414946, 3344661.016132251359522 ], [ 786815.721769148949534, 3344521.908934584353119 ], [ 787002.314984881784767, 3344220.335199759807438 ], [ 787093.4101743909996, 3344111.608573639299721 ], [ 787472.620910153025761, 3343532.543935526628047 ], [ 787606.048034585663117, 3343380.48558235168457 ], [ 788341.479877031291835, 3342234.697469343431294 ], [ 788844.772517796722241, 3341166.218719989527017 ], [ 789179.438939369982108, 3340190.667339708190411 ], [ 790267.412631021346897, 3338469.270762379746884 ], [ 790499.682669188827276, 3337449.130352860782295 ], [ 791252.136013284791261, 3335629.610395933035761 ], [ 791337.864082169020548, 3335421.926210623700172 ], [ 791997.659920915262774, 3334605.952787064947188 ], [ 792724.061300560366362, 3333918.561036067083478 ], [ 793513.767731279367581, 3333014.047984085977077 ] ] ] ] } }
]
}
