{
"type": "FeatureCollection",
"name": "Industry_v3",
"crs": { "type": "name", "properties": { "name": "urn:ogc:def:crs:OGC:1.3:CRS84" } },
"features": [
{ "type": "Feature", "properties": { "NAME OF THE INDUSTRY AND ADDRESS": "NAGAR NIGAM, PASHUBADHSHALA, SAHARANPUR", "Sub District": "Pashubadhshala", "District": "Saharanpur", "LATITUDE": "00?00'00\"N", "LONGITUDE": "00?00'00\"E", "PRODUCT AND PRODUCTION CAPACITY": "150 BUFFALOW/DAY", "QUANTITY OF EFFLUENT (KLD)": "150", "STATUS OF EFFLUENT TREATMENT PLANT (ETP)": "INSTALLED", "ADEQUACY": "NOT OPERATIONAL", "EFFLUENT DISPOSAL POINT APPROX": "DHAMOLA", "DISTANCE FROM RIVER": "04 KM", "REMARKS": "HINDON RIVER", "Discharge m3/day": 150.0, "remarks_Frank": "29.965798231145577, 77.54088217674374", "Y": 29.96579823, "X": 77.54088218 }, "geometry": { "type": "Point", "coordinates": [ 77.54088218, 29.96579823 ] } },
{ "type": "Feature", "properties": { "NAME OF THE INDUSTRY AND ADDRESS": "RAINBOW BOARD MILL,(UNIT KRAFT PAPER) SAHARANPUR", "Sub District": "?", "District": "Saharanpur", "LATITUDE": "00?00'00\"N", "LONGITUDE": "00?00'00\"E", "PRODUCT AND PRODUCTION CAPACITY": "CLOSED", "QUANTITY OF EFFLUENT (KLD)": "-", "STATUS OF EFFLUENT TREATMENT PLANT (ETP)": "CLOSED", "ADEQUACY": "NOT OPERATIONAL", "EFFLUENT DISPOSAL POINT APPROX": "-", "DISTANCE FROM RIVER": "CLOSED", "REMARKS": "HINDON RIVER", "Discharge m3/day": 0.0, "remarks_Frank": "nan and location 29.982366432978054, 77.64638798531493", "Y": 29.98236643, "X": 77.64638799 }, "geometry": { "type": "Point", "coordinates": [ 77.64638799, 29.98236643 ] } },
{ "type": "Feature", "properties": { "NAME OF THE INDUSTRY AND ADDRESS": "SAHARANPUR WOOLS LTD.DELHI ROAD,SAHARANPUR", "Sub District": "?", "District": "Saharanpur", "LATITUDE": "00?00'00\"N", "LONGITUDE": "00?00'00\"E", "PRODUCT AND PRODUCTION CAPACITY": "250 KG.WOOLEN AND YAND", "QUANTITY OF EFFLUENT (KLD)": "45", "STATUS OF EFFLUENT TREATMENT PLANT (ETP)": "INSTALLED", "ADEQUACY": "OPERATIONAL", "EFFLUENT DISPOSAL POINT APPROX": "DHAMOLA", "DISTANCE FROM RIVER": "03 KM", "REMARKS": "HINDON RIVER", "Discharge m3/day": 45.0, "remarks_Frank": "29.966978097694632, 77.54568032159516", "Y": 29.9669781, "X": 77.54568032 }, "geometry": { "type": "Point", "coordinates": [ 77.54568032, 29.9669781 ] } },
{ "type": "Feature", "properties": { "NAME OF THE INDUSTRY AND ADDRESS": "SHALIMAR COTTON DYEING,SAHARANPUR", "Sub District": "?", "District": "Saharanpur", "LATITUDE": "00?00'00\"N", "LONGITUDE": "00?00'00\"E", "PRODUCT AND PRODUCTION CAPACITY": "200-250 KG BLEECHING AND DYING", "QUANTITY OF EFFLUENT (KLD)": "20", "STATUS OF EFFLUENT TREATMENT PLANT (ETP)": "INSTALLED", "ADEQUACY": "OPERATIONAL", "EFFLUENT DISPOSAL POINT APPROX": "DHAMOLA", "DISTANCE FROM RIVER": "04 KM", "REMARKS": "HINDON RIVER", "Discharge m3/day": 20.0, "remarks_Frank": "29.973096971393886, 77.55272032987645", "Y": 29.97309697, "X": 77.55272033 }, "geometry": { "type": "Point", "coordinates": [ 77.55272033, 29.97309697 ] } },
{ "type": "Feature", "properties": { "NAME OF THE INDUSTRY AND ADDRESS": "M/S. SHAMLI DISTILLERY & CHEMICAL WORKS LTD,SHAMLI", "Sub District": "?", "District": "Shamli", "LATITUDE": "00?00'00\"N", "LONGITUDE": "00?00'00\"E", "PRODUCT AND PRODUCTION CAPACITY": "RECTIFIED SPIRIT 45 XLD", "QUANTITY OF EFFLUENT (KLD)": "ZERO LIQUID DISCHARGE", "STATUS OF EFFLUENT TREATMENT PLANT (ETP)": "INSTALLED", "ADEQUACY": "ADEQUATE", "EFFLUENT DISPOSAL POINT APPROX": "ZERO LIQUID DISCHARGE", "DISTANCE FROM RIVER": "25 KM", "REMARKS": "ZERO LIQUID DISCHARGE UNIT", "Discharge m3/day": 0.0, "remarks_Frank": "adjusted to 0, and location 29.441257005551424, 77.3147544039136", "Y": 29.44125701, "X": 77.3147544 }, "geometry": { "type": "Point", "coordinates": [ 77.3147544, 29.44125701 ] } },
{ "type": "Feature", "properties": { "NAME OF THE INDUSTRY AND ADDRESS": "GREATER NOIDA INDUSTRIAL DEVELOPMENT AUTHORITY", "Sub District": "-", "District": "Greater Noida", "LATITUDE": "00?00'00\"N", "LONGITUDE": "00?00'00\"E", "PRODUCT AND PRODUCTION CAPACITY": "360000", "QUANTITY OF EFFLUENT (KLD)": "70", "STATUS OF EFFLUENT TREATMENT PLANT (ETP)": "YES (137 MLD)", "ADEQUACY": "ECOTECH-3 STP-20 MLD,ECOTECH STP-15 MLD,TECHZONE IT CITY-12 MLD,RECREATIONAL GREEN-72 MLD,SEC-1 STP-1 ??. ECOTECH-4 STP-42 MLD,KNOWLEDGE PARK-5", "EFFLUENT DISPOSAL POINT APPROX": "KOT ESCAPE", "DISTANCE FROM RIVER": "HINDON", "REMARKS": null, "Discharge m3/day": 70.0, "remarks_Frank": "28.486067170837778, 77.53778046759344", "Y": 28.48606717, "X": 77.53778047 }, "geometry": { "type": "Point", "coordinates": [ 77.53778047, 28.48606717 ] } },
{ "type": "Feature", "properties": { "NAME OF THE INDUSTRY AND ADDRESS": "AL-AALI EXPORTS (P) LTD., B-37,SITE-4,IND. AREA,SAHIBABAD,GHAZIABAD", "Sub District": "Sahibabad", "District": "Ghaziabad", "LATITUDE": "28?37'46.8\"N", "LONGITUDE": "77?13'52.5\"E", "PRODUCT AND PRODUCTION CAPACITY": "FROZEN MEAT", "QUANTITY OF EFFLUENT (KLD)": "34", "STATUS OF EFFLUENT TREATMENT PLANT (ETP)": "INSTALLED", "ADEQUACY": "-", "EFFLUENT DISPOSAL POINT APPROX": "SBD DRAIN", "DISTANCE FROM RIVER": "APPROX 5 KM", "REMARKS": null, "Discharge m3/day": 34.0, "remarks_Frank": null, "Y": 28.629667, "X": 77.23125 }, "geometry": { "type": "Point", "coordinates": [ 77.23125, 28.629667 ] } },
{ "type": "Feature", "properties": { "NAME OF THE INDUSTRY AND ADDRESS": "RAMALA KISAN SAHKARI CHINI MILLS, RAMALA BAGHPAT", "Sub District": "Ramala", "District": "Bagpat", "LATITUDE": "28?56'53.2\"N", "LONGITUDE": "77?14'13.4\"E", "PRODUCT AND PRODUCTION CAPACITY": "SUGAR CANE-2750 TCD", "QUANTITY OF EFFLUENT (KLD)": "480 KLD", "STATUS OF EFFLUENT TREATMENT PLANT (ETP)": "INSTALLED", "ADEQUACY": "ADEQUATE", "EFFLUENT DISPOSAL POINT APPROX": "RAMALA DRAIN", "DISTANCE FROM RIVER": "5 KM", "REMARKS": "KRISHNI RIVER TO HINDON RIVER", "Discharge m3/day": 480.0, "remarks_Frank": null, "Y": 28.948111, "X": 77.237056 }, "geometry": { "type": "Point", "coordinates": [ 77.237056, 28.948111 ] } },
{ "type": "Feature", "properties": { "NAME OF THE INDUSTRY AND ADDRESS": "G.S. DAS APPARELS PVT LTD.,4/44,SITE-4,SAHIBABAD IND. AREA,GHAZIABAD", "Sub District": "Sahibabad", "District": "Ghaziabad", "LATITUDE": "28?39'09.7\"N", "LONGITUDE": "77?19'14.8\"E", "PRODUCT AND PRODUCTION CAPACITY": "GARMENT WASHING/DYEING-18000 PCS/MONTH", "QUANTITY OF EFFLUENT (KLD)": "70", "STATUS OF EFFLUENT TREATMENT PLANT (ETP)": "INSTALLED", "ADEQUACY": "ADEQUATE", "EFFLUENT DISPOSAL POINT APPROX": "SBD DRAIN", "DISTANCE FROM RIVER": "APPROX 5 KM", "REMARKS": null, "Discharge m3/day": 70.0, "remarks_Frank": null, "Y": 28.652694, "X": 77.320778 }, "geometry": { "type": "Point", "coordinates": [ 77.320778, 28.652694 ] } },
{ "type": "Feature", "properties": { "NAME OF THE INDUSTRY AND ADDRESS": "GUNGUN ENTERPRISES,38/2/24,SITE-4,SAHIBABAD IND. AREA,GHAZIABAD", "Sub District": "Sahibabad", "District": "Ghaziabad", "LATITUDE": "28?38'59.4\"N", "LONGITUDE": "77?19'17.5\"E", "PRODUCT AND PRODUCTION CAPACITY": "GARMENT DYEING/WASHING-1500 PCS/DAY", "QUANTITY OF EFFLUENT (KLD)": "45", "STATUS OF EFFLUENT TREATMENT PLANT (ETP)": "INSTALLED", "ADEQUACY": "ADEQUATE", "EFFLUENT DISPOSAL POINT APPROX": "SBD DRAIN", "DISTANCE FROM RIVER": "APPROX 5 KM", "REMARKS": null, "Discharge m3/day": 45.0, "remarks_Frank": null, "Y": 28.649833, "X": 77.321528 }, "geometry": { "type": "Point", "coordinates": [ 77.321528, 28.649833 ] } },
{ "type": "Feature", "properties": { "NAME OF THE INDUSTRY AND ADDRESS": "PAHARPUR-3 P,PLOT NO 19,SITE-4,SAHIBABAD IND. AREA,GHAZIABAD", "Sub District": "Sahibabad", "District": "Ghaziabad", "LATITUDE": "28?38'53.2\"N", "LONGITUDE": "77?19'21.2\"E", "PRODUCT AND PRODUCTION CAPACITY": "PRINTED LAMINATED SHEETS & POUCH 12000 MT/YEAR PRINTING CYLINDER-17 PCS/DAY", "QUANTITY OF EFFLUENT (KLD)": "4", "STATUS OF EFFLUENT TREATMENT PLANT (ETP)": "INSTALLED", "ADEQUACY": "ADEQUATE", "EFFLUENT DISPOSAL POINT APPROX": "SBD DRAIN", "DISTANCE FROM RIVER": "APPROX 5 KM", "REMARKS": null, "Discharge m3/day": 4.0, "remarks_Frank": null, "Y": 28.648111, "X": 77.322556 }, "geometry": { "type": "Point", "coordinates": [ 77.322556, 28.648111 ] } },
{ "type": "Feature", "properties": { "NAME OF THE INDUSTRY AND ADDRESS": "SINGLA ENGRAYOURS PVT LTD.,7/26,SITE-4,SAHIBABAD IND. AREA,GHAZIABAD", "Sub District": "Sahibabad", "District": "Ghaziabad", "LATITUDE": "28?39'17.2\"N", "LONGITUDE": "77?19'21.5\"E", "PRODUCT AND PRODUCTION CAPACITY": "COPPER PLATING AND ENGRAVING ON CYLINDER-2000 NOS/DAY", "QUANTITY OF EFFLUENT (KLD)": "3", "STATUS OF EFFLUENT TREATMENT PLANT (ETP)": "INSTALLED", "ADEQUACY": "ADEQUATE", "EFFLUENT DISPOSAL POINT APPROX": "SBD DRAIN", "DISTANCE FROM RIVER": "APPROX 5 KM", "REMARKS": null, "Discharge m3/day": 3.0, "remarks_Frank": null, "Y": 28.654778, "X": 77.322639 }, "geometry": { "type": "Point", "coordinates": [ 77.322639, 28.654778 ] } },
{ "type": "Feature", "properties": { "NAME OF THE INDUSTRY AND ADDRESS": "AJAY INDUSTRIAL CORPORATION,20/11,SITE-4,IND. AREA,SAHIBABAD,GHAZIABAD", "Sub District": "Sahibabad", "District": "Ghaziabad", "LATITUDE": "28?38'46.5\"N", "LONGITUDE": "77?19'37.5\"E", "PRODUCT AND PRODUCTION CAPACITY": "HAND PUMP (INDIA MARK)-1000 NOS/MONTH", "QUANTITY OF EFFLUENT (KLD)": "2", "STATUS OF EFFLUENT TREATMENT PLANT (ETP)": "INSTALLED", "ADEQUACY": "ADEQUATE", "EFFLUENT DISPOSAL POINT APPROX": "SBD DRAIN", "DISTANCE FROM RIVER": "APPROX 5 KM", "REMARKS": null, "Discharge m3/day": 2.0, "remarks_Frank": null, "Y": 28.64625, "X": 77.327083 }, "geometry": { "type": "Point", "coordinates": [ 77.327083, 28.64625 ] } },
{ "type": "Feature", "properties": { "NAME OF THE INDUSTRY AND ADDRESS": "K.K. DYEING,42/40,SITE-4,SAHIBABAD IND. AREA,GHAZIABAD", "Sub District": "Sahibabad", "District": "Ghaziabad", "LATITUDE": "28?39'14.8\"N", "LONGITUDE": "77?19'43.0\"E", "PRODUCT AND PRODUCTION CAPACITY": "GARMENT DYEING/WASHING-500 PCS/DAY", "QUANTITY OF EFFLUENT (KLD)": "15", "STATUS OF EFFLUENT TREATMENT PLANT (ETP)": "INSTALLED", "ADEQUACY": "ADEQUATE", "EFFLUENT DISPOSAL POINT APPROX": "SBD DRAIN", "DISTANCE FROM RIVER": "APPROX 5 KM", "REMARKS": null, "Discharge m3/day": 15.0, "remarks_Frank": null, "Y": 28.654111, "X": 77.328611 }, "geometry": { "type": "Point", "coordinates": [ 77.328611, 28.654111 ] } },
{ "type": "Feature", "properties": { "NAME OF THE INDUSTRY AND ADDRESS": "K.K. INDUSTRIES,7/5,SITE-4,SAHIBABAD IND. AREA,GHAZIABAD", "Sub District": "Sahibabad", "District": "Ghaziabad", "LATITUDE": "28?39'14.8\"N", "LONGITUDE": "77?19'43.0\"E", "PRODUCT AND PRODUCTION CAPACITY": "GARMENT DYEING/WASHING-800 PCS/DAY", "QUANTITY OF EFFLUENT (KLD)": "15", "STATUS OF EFFLUENT TREATMENT PLANT (ETP)": "INSTALLED", "ADEQUACY": "ADEQUATE", "EFFLUENT DISPOSAL POINT APPROX": "SBD DRAIN", "DISTANCE FROM RIVER": "APPROX 5 KM", "REMARKS": null, "Discharge m3/day": 15.0, "remarks_Frank": null, "Y": 28.654111, "X": 77.328611 }, "geometry": { "type": "Point", "coordinates": [ 77.328611, 28.654111 ] } },
{ "type": "Feature", "properties": { "NAME OF THE INDUSTRY AND ADDRESS": "ANNA ASSOCIATE PVT. LTD.,108,SITE-4 IND. AREA,SAHIBABAD,GHAZIABAD. (W/O RENDERING PLANT", "Sub District": "Sahibabad", "District": "Ghaziabad", "LATITUDE": "28?39'13.6\"N?", "LONGITUDE": "77?19'44.3\"E", "PRODUCT AND PRODUCTION CAPACITY": "FROZEN MEAT-10 TON/DAY", "QUANTITY OF EFFLUENT (KLD)": "20", "STATUS OF EFFLUENT TREATMENT PLANT (ETP)": "INSTALLED", "ADEQUACY": "ADEQUATE", "EFFLUENT DISPOSAL POINT APPROX": "SBD DRAIN", "DISTANCE FROM RIVER": "APPROX 5 KM", "REMARKS": null, "Discharge m3/day": 20.0, "remarks_Frank": null, "Y": 28.653778, "X": 77.328972 }, "geometry": { "type": "Point", "coordinates": [ 77.328972, 28.653778 ] } },
{ "type": "Feature", "properties": { "NAME OF THE INDUSTRY AND ADDRESS": "BHUSHAN STEEL LTD.,23,SITE-4,SBD. GZB.", "Sub District": "Sahibabad", "District": "Ghaziabad", "LATITUDE": "28?38'51.1\"N", "LONGITUDE": "77?19'58.2\"E", "PRODUCT AND PRODUCTION CAPACITY": "COLD ROLLED STRIPS & SHEETS-800 MT/DAY & G.I. PLAIN/CORRUGATED SHEET-800 MT/DAY", "QUANTITY OF EFFLUENT (KLD)": "480", "STATUS OF EFFLUENT TREATMENT PLANT (ETP)": "INSTALLED", "ADEQUACY": "ADEQUATE", "EFFLUENT DISPOSAL POINT APPROX": "SBD DRAIN", "DISTANCE FROM RIVER": "APPROX 5 KM", "REMARKS": null, "Discharge m3/day": 480.0, "remarks_Frank": null, "Y": 28.647528, "X": 77.332833 }, "geometry": { "type": "Point", "coordinates": [ 77.332833, 28.647528 ] } },
{ "type": "Feature", "properties": { "NAME OF THE INDUSTRY AND ADDRESS": "MAGNUM VENTURES LTD,18/41,SITE-4,SAHIBABAD", "Sub District": "Sahibabad", "District": "Ghaziabad", "LATITUDE": "28?39'58.0\"N", "LONGITUDE": "77?20'34.4\"E", "PRODUCT AND PRODUCTION CAPACITY": "WRITING/PRINTING PAPER & DUPLEX BOARD-220 MT/DAY", "QUANTITY OF EFFLUENT (KLD)": "2400", "STATUS OF EFFLUENT TREATMENT PLANT (ETP)": "INSTALLED", "ADEQUACY": "ADEQUATE", "EFFLUENT DISPOSAL POINT APPROX": "SBD DRAIN", "DISTANCE FROM RIVER": "APPROX 5 KM", "REMARKS": null, "Discharge m3/day": 2400.0, "remarks_Frank": null, "Y": 28.666111, "X": 77.342889 }, "geometry": { "type": "Point", "coordinates": [ 77.342889, 28.666111 ] } },
{ "type": "Feature", "properties": { "NAME OF THE INDUSTRY AND ADDRESS": "ATLAS CYCLE (HARYANA) LTD.,55,SITE-4,SAHIBABAD,GZB", "Sub District": "Sahibabad", "District": "Ghaziabad", "LATITUDE": "28?39'57.6\"N", "LONGITUDE": "77?20'43.3\"E", "PRODUCT AND PRODUCTION CAPACITY": "CYCLE-75000 PER MONTH", "QUANTITY OF EFFLUENT (KLD)": "370", "STATUS OF EFFLUENT TREATMENT PLANT (ETP)": "INSTALLED", "ADEQUACY": "ADEQUATE", "EFFLUENT DISPOSAL POINT APPROX": "SBD DRAIN", "DISTANCE FROM RIVER": "APPROX 5 KM", "REMARKS": null, "Discharge m3/day": 370.0, "remarks_Frank": null, "Y": 28.666, "X": 77.345361 }, "geometry": { "type": "Point", "coordinates": [ 77.345361, 28.666 ] } },
{ "type": "Feature", "properties": { "NAME OF THE INDUSTRY AND ADDRESS": "IPSA BUSINESS INDIA PVT LTD,57/1/17-18,SITE-4,SAHIBABAD IND. AREA,GHAZIABAD", "Sub District": "Sahibabad", "District": "Ghaziabad", "LATITUDE": "28?39'59.4\"N", "LONGITUDE": "77?20'53.9\"E", "PRODUCT AND PRODUCTION CAPACITY": "BATHROOM FITTING (POWDER COATED/NICKEL PLATED) 150 MT/DAY", "QUANTITY OF EFFLUENT (KLD)": "8", "STATUS OF EFFLUENT TREATMENT PLANT (ETP)": "INSTALLED", "ADEQUACY": "ADEQUATE", "EFFLUENT DISPOSAL POINT APPROX": "SBD DRAIN", "DISTANCE FROM RIVER": "APPROX 5 KM", "REMARKS": null, "Discharge m3/day": 8.0, "remarks_Frank": null, "Y": 28.6665, "X": 77.348306 }, "geometry": { "type": "Point", "coordinates": [ 77.348306, 28.6665 ] } },
{ "type": "Feature", "properties": { "NAME OF THE INDUSTRY AND ADDRESS": "ANURADHA FABRICATORS,42/10,SITE-4,SAHIBABAD,GHAZIABAD", "Sub District": "Sahibabad", "District": "Ghaziabad", "LATITUDE": "28?39'55.4\"N", "LONGITUDE": "77?20'57.7\"E", "PRODUCT AND PRODUCTION CAPACITY": "PRINTING CYLINDER 15 NOS/DAY", "QUANTITY OF EFFLUENT (KLD)": "3.5", "STATUS OF EFFLUENT TREATMENT PLANT (ETP)": "INSTALLED", "ADEQUACY": "ADEQUATE", "EFFLUENT DISPOSAL POINT APPROX": "SBD DRAIN", "DISTANCE FROM RIVER": "APPROX 5 KM", "REMARKS": null, "Discharge m3/day": 3.5, "remarks_Frank": null, "Y": 28.665389, "X": 77.349361 }, "geometry": { "type": "Point", "coordinates": [ 77.349361, 28.665389 ] } },
{ "type": "Feature", "properties": { "NAME OF THE INDUSTRY AND ADDRESS": "GOYAL PROCESSORS,42/50,SITE-4,SAHIBABAD IND. AREA,GHAZIABAD", "Sub District": "Sahibabad", "District": "Ghaziabad", "LATITUDE": "28?39'44.2\"N", "LONGITUDE": "77?21'10.3\"E", "PRODUCT AND PRODUCTION CAPACITY": "GARMENT DYEING/WASHING-500 PCS/DAY", "QUANTITY OF EFFLUENT (KLD)": "25", "STATUS OF EFFLUENT TREATMENT PLANT (ETP)": "INSTALLED", "ADEQUACY": "ADEQUATE", "EFFLUENT DISPOSAL POINT APPROX": "SBD DRAIN", "DISTANCE FROM RIVER": "APPROX 5 KM", "REMARKS": null, "Discharge m3/day": 25.0, "remarks_Frank": null, "Y": 28.662278, "X": 77.352861 }, "geometry": { "type": "Point", "coordinates": [ 77.352861, 28.662278 ] } },
{ "type": "Feature", "properties": { "NAME OF THE INDUSTRY AND ADDRESS": "EMPIRE FASTNERS,48/1/22,SITE-4,SAHIBABAD IND. AREA,GHAZIABAD", "Sub District": "Sahibabad", "District": "Ghaziabad", "LATITUDE": "28?39'53.8\"N", "LONGITUDE": "77?21'11.0\"E", "PRODUCT AND PRODUCTION CAPACITY": "BOLT/SCREW/STUDS-50 MT/MONTH", "QUANTITY OF EFFLUENT (KLD)": "3.5", "STATUS OF EFFLUENT TREATMENT PLANT (ETP)": "INSTALLED", "ADEQUACY": "ADEQUATE", "EFFLUENT DISPOSAL POINT APPROX": "SBD DRAIN", "DISTANCE FROM RIVER": "APPROX 5 KM", "REMARKS": null, "Discharge m3/day": 3.5, "remarks_Frank": null, "Y": 28.664944, "X": 77.353056 }, "geometry": { "type": "Point", "coordinates": [ 77.353056, 28.664944 ] } },
{ "type": "Feature", "properties": { "NAME OF THE INDUSTRY AND ADDRESS": "GANPATI CREATION,C-19/1,SITE-4,SAHIBABAD IND. AREA,GHAZIABAD", "Sub District": "Sahibabad", "District": "Ghaziabad", "LATITUDE": "28?40'21.8\"N", "LONGITUDE": "77?21'18.1\"E", "PRODUCT AND PRODUCTION CAPACITY": "FABRIC DYEING/BLEACHING", "QUANTITY OF EFFLUENT (KLD)": "50", "STATUS OF EFFLUENT TREATMENT PLANT (ETP)": "INSTALLED", "ADEQUACY": "ADEQUATE", "EFFLUENT DISPOSAL POINT APPROX": "SBD DRAIN", "DISTANCE FROM RIVER": "APPROX 5 KM", "REMARKS": null, "Discharge m3/day": 50.0, "remarks_Frank": null, "Y": 28.672722, "X": 77.355028 }, "geometry": { "type": "Point", "coordinates": [ 77.355028, 28.672722 ] } },
{ "type": "Feature", "properties": { "NAME OF THE INDUSTRY AND ADDRESS": "ARSHIYA EXPORT PVT LTD.) B-67,SITE-4,SAHIBABAD,GHAZIABAD (W/O RENDERING PLANT", "Sub District": "Sahibabad", "District": "Ghaziabad", "LATITUDE": "28?40'18.6\"N", "LONGITUDE": "77?21'57.6\"E", "PRODUCT AND PRODUCTION CAPACITY": "FROZEN MEAT-40 TON/DAY", "QUANTITY OF EFFLUENT (KLD)": "35", "STATUS OF EFFLUENT TREATMENT PLANT (ETP)": "INSTALLED", "ADEQUACY": "ADEQUATE", "EFFLUENT DISPOSAL POINT APPROX": "SBD DRAIN", "DISTANCE FROM RIVER": "APPROX 5 KM", "REMARKS": null, "Discharge m3/day": 35.0, "remarks_Frank": null, "Y": 28.671833, "X": 77.366 }, "geometry": { "type": "Point", "coordinates": [ 77.366, 28.671833 ] } },
{ "type": "Feature", "properties": { "NAME OF THE INDUSTRY AND ADDRESS": "TANZEEM DYEING (EX. NAME ASH MOHAMMAD) 261,RAJENDRA NAGAR IND. AREA,GHAZIABAD", "Sub District": "Rajendra Nagar", "District": "Ghaziabad", "LATITUDE": "28?41'12.3\"N", "LONGITUDE": "77?22'14.8\"E", "PRODUCT AND PRODUCTION CAPACITY": "READYMADE GARMENT DYEING/WASHING-500 PCS/DAY", "QUANTITY OF EFFLUENT (KLD)": "20", "STATUS OF EFFLUENT TREATMENT PLANT (ETP)": "INSTALLED", "ADEQUACY": "NOT ADEQUATE", "EFFLUENT DISPOSAL POINT APPROX": "SBD DRAIN", "DISTANCE FROM RIVER": "APPROX 4.5 KM", "REMARKS": null, "Discharge m3/day": 20.0, "remarks_Frank": null, "Y": 28.68675, "X": 77.370778 }, "geometry": { "type": "Point", "coordinates": [ 77.370778, 28.68675 ] } },
{ "type": "Feature", "properties": { "NAME OF THE INDUSTRY AND ADDRESS": "A & A,S-50,SITE-2,LONI ROAD IND. AREA,MOHAN NAGAR,GHAZIABAD", "Sub District": "Mohan Nagar", "District": "Ghaziabad", "LATITUDE": "28?41'01.0\"N", "LONGITUDE": "77?22'40.5\"E", "PRODUCT AND PRODUCTION CAPACITY": "FIBRIC DYEING & PRINTING-50000 METER/MONTH", "QUANTITY OF EFFLUENT (KLD)": "75", "STATUS OF EFFLUENT TREATMENT PLANT (ETP)": "INSTALLED", "ADEQUACY": "ADEQUATE", "EFFLUENT DISPOSAL POINT APPROX": "KAREHDA DRAIN", "DISTANCE FROM RIVER": "APPROX 1.12 KM", "REMARKS": "-", "Discharge m3/day": 75.0, "remarks_Frank": null, "Y": 28.683611, "X": 77.377917 }, "geometry": { "type": "Point", "coordinates": [ 77.377917, 28.683611 ] } },
{ "type": "Feature", "properties": { "NAME OF THE INDUSTRY AND ADDRESS": "A.N. FABRIC DYERS,5/6, SITE-2,LONI ROAD MOHAN NAGAR GHAZIABAD", "Sub District": "Mohan Nagar", "District": "Ghaziabad", "LATITUDE": "28?41'01.0\"N", "LONGITUDE": "77?22'40.5\"E", "PRODUCT AND PRODUCTION CAPACITY": "FABRIC DYEING JOB WORK-2000 MTR/DAY", "QUANTITY OF EFFLUENT (KLD)": "24", "STATUS OF EFFLUENT TREATMENT PLANT (ETP)": "INSTALLED", "ADEQUACY": "ADEQUATE", "EFFLUENT DISPOSAL POINT APPROX": "KAREHDA DRAIN", "DISTANCE FROM RIVER": "APPROX 1.12 KM", "REMARKS": null, "Discharge m3/day": 24.0, "remarks_Frank": null, "Y": 28.683611, "X": 77.377917 }, "geometry": { "type": "Point", "coordinates": [ 77.377917, 28.683611 ] } },
{ "type": "Feature", "properties": { "NAME OF THE INDUSTRY AND ADDRESS": "AJAY WASHING,S-62 LONI ROAD IND. AREA,MOHAN NAGAR,GHAZIABAD", "Sub District": "Mohan Nagar", "District": "Ghaziabad", "LATITUDE": "28?41'01.0\"N", "LONGITUDE": "77?22'40.5\"E", "PRODUCT AND PRODUCTION CAPACITY": "YARN/TEXTILE PROCESSING", "QUANTITY OF EFFLUENT (KLD)": "-", "STATUS OF EFFLUENT TREATMENT PLANT (ETP)": "INSTALLED", "ADEQUACY": "-", "EFFLUENT DISPOSAL POINT APPROX": "KAREHDA DRAIN", "DISTANCE FROM RIVER": "APPROX 1.12 KM", "REMARKS": null, "Discharge m3/day": 0.0, "remarks_Frank": "nan", "Y": 28.683611, "X": 77.377917 }, "geometry": { "type": "Point", "coordinates": [ 77.377917, 28.683611 ] } },
{ "type": "Feature", "properties": { "NAME OF THE INDUSTRY AND ADDRESS": "ALPS INDUSTRIES LTD.,UNIT-3,A-2 LONI ROAD,MOHAN NAGAR GHAZIABAD", "Sub District": "Mohan Nagar", "District": "Ghaziabad", "LATITUDE": "28?41'01.0\"N", "LONGITUDE": "77?22'40.5\"E", "PRODUCT AND PRODUCTION CAPACITY": "YARN/TEXTILE PROCESSING", "QUANTITY OF EFFLUENT (KLD)": "0", "STATUS OF EFFLUENT TREATMENT PLANT (ETP)": "INSTALLED", "ADEQUACY": "-", "EFFLUENT DISPOSAL POINT APPROX": "KAREHDA DRAIN", "DISTANCE FROM RIVER": "APPROX 1.12 KM", "REMARKS": null, "Discharge m3/day": 0.0, "remarks_Frank": null, "Y": 28.683611, "X": 77.377917 }, "geometry": { "type": "Point", "coordinates": [ 77.377917, 28.683611 ] } },
{ "type": "Feature", "properties": { "NAME OF THE INDUSTRY AND ADDRESS": "AMBIKA GARTEX P LTD.,42-B RAJINDER NAGAR INDUSTRIAL AREA,MOHAN NAGAR,GHAZIABAD", "Sub District": "Mohan Nagar", "District": "Ghaziabad", "LATITUDE": "28?41'01.0\"N", "LONGITUDE": "77?22'40.5\"E", "PRODUCT AND PRODUCTION CAPACITY": "GARMENT DYEING/WASHING-400 PCS/DAY", "QUANTITY OF EFFLUENT (KLD)": "16", "STATUS OF EFFLUENT TREATMENT PLANT (ETP)": "INSTALLED", "ADEQUACY": "ADEQUATE", "EFFLUENT DISPOSAL POINT APPROX": "SBD DRAIN", "DISTANCE FROM RIVER": "APPROX 4.5 KM", "REMARKS": null, "Discharge m3/day": 16.0, "remarks_Frank": null, "Y": 28.683611, "X": 77.377917 }, "geometry": { "type": "Point", "coordinates": [ 77.377917, 28.683611 ] } },
{ "type": "Feature", "properties": { "NAME OF THE INDUSTRY AND ADDRESS": "ANJALI CREATION (SHANKER PRINT),S-49,LONI ROAD S-2 MOHAN NAGAR,GHAZIABAD", "Sub District": "Mohan Nagar", "District": "Ghaziabad", "LATITUDE": "28?41'01.0\"N", "LONGITUDE": "77?22'40.5\"E", "PRODUCT AND PRODUCTION CAPACITY": "FABRIC DYEING/ WASHING-2000 MTR/DAY", "QUANTITY OF EFFLUENT (KLD)": "12", "STATUS OF EFFLUENT TREATMENT PLANT (ETP)": "INSTALLED", "ADEQUACY": "NOT ADEQUATE", "EFFLUENT DISPOSAL POINT APPROX": "KAREHDA DRAIN", "DISTANCE FROM RIVER": "APPROX 1.12 KM", "REMARKS": null, "Discharge m3/day": 12.0, "remarks_Frank": null, "Y": 28.683611, "X": 77.377917 }, "geometry": { "type": "Point", "coordinates": [ 77.377917, 28.683611 ] } },
{ "type": "Feature", "properties": { "NAME OF THE INDUSTRY AND ADDRESS": "S.S. CONCEPT (OLD NAME ASHA TANU PRINTS),A-5/3,LONI ROAD MOHAN NAGAR,GHAZIABAD", "Sub District": "Mohan Nagar", "District": "Ghaziabad", "LATITUDE": "28?41'01.0\"N", "LONGITUDE": "77?22'40.5\"E", "PRODUCT AND PRODUCTION CAPACITY": "JEANS CLOTHES DYEING/WASHING-400 MTR/DAY", "QUANTITY OF EFFLUENT (KLD)": "10", "STATUS OF EFFLUENT TREATMENT PLANT (ETP)": "INSTALLED", "ADEQUACY": "ADEQUATE", "EFFLUENT DISPOSAL POINT APPROX": "KAREHDA DRAIN", "DISTANCE FROM RIVER": "APPROX 1.12 KM", "REMARKS": null, "Discharge m3/day": 10.0, "remarks_Frank": null, "Y": 28.683611, "X": 77.377917 }, "geometry": { "type": "Point", "coordinates": [ 77.377917, 28.683611 ] } },
{ "type": "Feature", "properties": { "NAME OF THE INDUSTRY AND ADDRESS": "BALAJI INDUSTRY,PLOT NO.7,GALI NO. 1,RAJINDER NAGAR IND. AREA,MOHAN NAGAR,GHAZIABAD", "Sub District": "Mohan Nagar", "District": "Ghaziabad", "LATITUDE": "28?41'01.0\"N", "LONGITUDE": "77?22'40.5\"E", "PRODUCT AND PRODUCTION CAPACITY": "JEANS/GARMENT DYEING/WASHING-500 PCS/DAY", "QUANTITY OF EFFLUENT (KLD)": "20", "STATUS OF EFFLUENT TREATMENT PLANT (ETP)": "INSTALLED", "ADEQUACY": "ADEQUATE", "EFFLUENT DISPOSAL POINT APPROX": "SBD DRAIN", "DISTANCE FROM RIVER": "APPROX 4.5 KM", "REMARKS": null, "Discharge m3/day": 20.0, "remarks_Frank": null, "Y": 28.683611, "X": 77.377917 }, "geometry": { "type": "Point", "coordinates": [ 77.377917, 28.683611 ] } },
{ "type": "Feature", "properties": { "NAME OF THE INDUSTRY AND ADDRESS": "FAB CARE,79/1,RAJINDER NAGAR IND. AREA,MOHAN NAGAR,GHAZIABAD", "Sub District": "Mohan Nagar", "District": "Ghaziabad", "LATITUDE": "28?41'01.0\"N", "LONGITUDE": "77?22'40.5\"E", "PRODUCT AND PRODUCTION CAPACITY": "GARMENT DYEING/WASHING-1000 PCS/DAY", "QUANTITY OF EFFLUENT (KLD)": "30", "STATUS OF EFFLUENT TREATMENT PLANT (ETP)": "INSTALLED", "ADEQUACY": "ADEQUATE", "EFFLUENT DISPOSAL POINT APPROX": "SBD DRAIN", "DISTANCE FROM RIVER": "APPROX 4.5 KM", "REMARKS": null, "Discharge m3/day": 30.0, "remarks_Frank": null, "Y": 28.683611, "X": 77.377917 }, "geometry": { "type": "Point", "coordinates": [ 77.377917, 28.683611 ] } },
{ "type": "Feature", "properties": { "NAME OF THE INDUSTRY AND ADDRESS": "HANUMAN TEXTILES,1,RAJINDER NAGAR IND. AREA,MOHAN NAGAR,GHAZIABAD", "Sub District": "Mohan Nagar", "District": "Ghaziabad", "LATITUDE": "28?41'01.0\"N", "LONGITUDE": "77?22'40.5\"E", "PRODUCT AND PRODUCTION CAPACITY": "FABRIC DYEING/WASHING-1500 METER/DAY", "QUANTITY OF EFFLUENT (KLD)": "15", "STATUS OF EFFLUENT TREATMENT PLANT (ETP)": "INSTALLED", "ADEQUACY": "ADEQUATE", "EFFLUENT DISPOSAL POINT APPROX": "SBD DRAIN", "DISTANCE FROM RIVER": "APPROX 4.5 KM", "REMARKS": null, "Discharge m3/day": 15.0, "remarks_Frank": null, "Y": 28.683611, "X": 77.377917 }, "geometry": { "type": "Point", "coordinates": [ 77.377917, 28.683611 ] } },
{ "type": "Feature", "properties": { "NAME OF THE INDUSTRY AND ADDRESS": "JAI DURGE METALIZING,67,ANAND IND. ESTATE MOHAN NAGAR,GHAZIABAD", "Sub District": "Mohan Nagar", "District": "Ghaziabad", "LATITUDE": "28?41'01.0\"N", "LONGITUDE": "77?22'40.5\"E", "PRODUCT AND PRODUCTION CAPACITY": "METAL SURFACE TREATMENT", "QUANTITY OF EFFLUENT (KLD)": "0.8", "STATUS OF EFFLUENT TREATMENT PLANT (ETP)": "INSTALLED", "ADEQUACY": "-", "EFFLUENT DISPOSAL POINT APPROX": "ARTHALA NALA", "DISTANCE FROM RIVER": "APPROX 5 KM", "REMARKS": null, "Discharge m3/day": 0.8, "remarks_Frank": null, "Y": 28.683611, "X": 77.377917 }, "geometry": { "type": "Point", "coordinates": [ 77.377917, 28.683611 ] } },
{ "type": "Feature", "properties": { "NAME OF THE INDUSTRY AND ADDRESS": "KRISHANA WASHING SERVICE),72/14,RAJINDER NAGAR IND. AREA,MOHAN NAGAR,GHAZIABAD", "Sub District": "Mohan Nagar", "District": "Ghaziabad", "LATITUDE": "28?41'01.0\"N", "LONGITUDE": "77?22'40.5\"E", "PRODUCT AND PRODUCTION CAPACITY": "DYEING & WASHING OF JEANS-500 PCS/DAY", "QUANTITY OF EFFLUENT (KLD)": "35", "STATUS OF EFFLUENT TREATMENT PLANT (ETP)": "INSTALLED", "ADEQUACY": "ADEQUATE", "EFFLUENT DISPOSAL POINT APPROX": "SBD DRAIN", "DISTANCE FROM RIVER": "APPROX 4.5 KM", "REMARKS": null, "Discharge m3/day": 35.0, "remarks_Frank": null, "Y": 28.683611, "X": 77.377917 }, "geometry": { "type": "Point", "coordinates": [ 77.377917, 28.683611 ] } },
{ "type": "Feature", "properties": { "NAME OF THE INDUSTRY AND ADDRESS": "LAXMI DYEING & PRINTING WORKS PVT LTD.,S-81,LONI ROAD I.A.,MOHAN NAGAR GHAZIABAD", "Sub District": "Mohan Nagar", "District": "Ghaziabad", "LATITUDE": "28?41'01.0\"N", "LONGITUDE": "77?22'40.5\"E", "PRODUCT AND PRODUCTION CAPACITY": "GREY FABRIC DYEING/BLEACHING/WASHING-2000 METER/DAY", "QUANTITY OF EFFLUENT (KLD)": "35", "STATUS OF EFFLUENT TREATMENT PLANT (ETP)": "INSTALLED", "ADEQUACY": "ADEQUATE", "EFFLUENT DISPOSAL POINT APPROX": "KAREHDA DRAIN", "DISTANCE FROM RIVER": "APPROX 1.12 KM", "REMARKS": null, "Discharge m3/day": 35.0, "remarks_Frank": null, "Y": 28.683611, "X": 77.377917 }, "geometry": { "type": "Point", "coordinates": [ 77.377917, 28.683611 ] } },
{ "type": "Feature", "properties": { "NAME OF THE INDUSTRY AND ADDRESS": "M.R.L. COATERS (I) LTD.,SIKARA ROAD,MODI NAGAR,GHAZIABAD", "Sub District": "Modi Nagar", "District": "Ghaziabad", "LATITUDE": "28?41'01.0\"N", "LONGITUDE": "77?22'40.5\"E", "PRODUCT AND PRODUCTION CAPACITY": "JOB WORK PLATING & COATING-100 TON/YEAR", "QUANTITY OF EFFLUENT (KLD)": "5", "STATUS OF EFFLUENT TREATMENT PLANT (ETP)": "INSTALLED", "ADEQUACY": "ADEQUATE", "EFFLUENT DISPOSAL POINT APPROX": "-", "DISTANCE FROM RIVER": null, "REMARKS": null, "Discharge m3/day": 5.0, "remarks_Frank": null, "Y": 28.683611, "X": 77.377917 }, "geometry": { "type": "Point", "coordinates": [ 77.377917, 28.683611 ] } },
{ "type": "Feature", "properties": { "NAME OF THE INDUSTRY AND ADDRESS": "M.S.D. DYTEX PVT LTD.,5/2,LONI ROAD IND. AREA,MOHAN NAGAR, GHAZIABAD", "Sub District": "Mohan Nagar", "District": "Ghaziabad", "LATITUDE": "28?41'01.0\"N", "LONGITUDE": "77?22'40.5\"E", "PRODUCT AND PRODUCTION CAPACITY": "YARN/TEXTILE PROCESSING", "QUANTITY OF EFFLUENT (KLD)": "16", "STATUS OF EFFLUENT TREATMENT PLANT (ETP)": "INSTALLED", "ADEQUACY": "-", "EFFLUENT DISPOSAL POINT APPROX": "KAREHDA DRAIN", "DISTANCE FROM RIVER": "APPROX 1.12 KM", "REMARKS": null, "Discharge m3/day": 16.0, "remarks_Frank": null, "Y": 28.683611, "X": 77.377917 }, "geometry": { "type": "Point", "coordinates": [ 77.377917, 28.683611 ] } },
{ "type": "Feature", "properties": { "NAME OF THE INDUSTRY AND ADDRESS": "MA SHAKTI SILK CREATION,72/5,RAJINDER NAGAR IND. AREA,MOHAN NAGAR,GHAZIABAD", "Sub District": "Mohan Nagar", "District": "Ghaziabad", "LATITUDE": "28?41'01.0\"N", "LONGITUDE": "77?22'40.5\"E", "PRODUCT AND PRODUCTION CAPACITY": "YARN/TEXTILE PROCESSING", "QUANTITY OF EFFLUENT (KLD)": "6", "STATUS OF EFFLUENT TREATMENT PLANT (ETP)": "INSTALLED", "ADEQUACY": "-", "EFFLUENT DISPOSAL POINT APPROX": "SBD DRAIN", "DISTANCE FROM RIVER": "APPROX 4.5 KM", "REMARKS": null, "Discharge m3/day": 6.0, "remarks_Frank": null, "Y": 28.683611, "X": 77.377917 }, "geometry": { "type": "Point", "coordinates": [ 77.377917, 28.683611 ] } },
{ "type": "Feature", "properties": { "NAME OF THE INDUSTRY AND ADDRESS": "MICRO GARTEX INDUSTRIES,C-2,LONI ROAD IND. AREA,MOHAN NAGAR,GHAZIABAD", "Sub District": "Mohan Nagar", "District": "Ghaziabad", "LATITUDE": "28?41'01.0\"N", "LONGITUDE": "77?22'40.5\"E", "PRODUCT AND PRODUCTION CAPACITY": "YARN/TEXTILE PROCESSING", "QUANTITY OF EFFLUENT (KLD)": "-", "STATUS OF EFFLUENT TREATMENT PLANT (ETP)": "INSTALLED", "ADEQUACY": "-", "EFFLUENT DISPOSAL POINT APPROX": "KAREHDA DRAIN", "DISTANCE FROM RIVER": "APPROX 1.12 KM", "REMARKS": null, "Discharge m3/day": 0.0, "remarks_Frank": "nan", "Y": 28.683611, "X": 77.377917 }, "geometry": { "type": "Point", "coordinates": [ 77.377917, 28.683611 ] } },
{ "type": "Feature", "properties": { "NAME OF THE INDUSTRY AND ADDRESS": "N.G. TEXTILES.,13A/10,SITE-2,LONI ROAD I.A.,MOHAN NAGAR,GHAZIABAD", "Sub District": "Mohan Nagar", "District": "Ghaziabad", "LATITUDE": "28?41'01.0\"N", "LONGITUDE": "77?22'40.5\"E", "PRODUCT AND PRODUCTION CAPACITY": "FABRIC DYEING/PRINTING-1500 METER/DAY", "QUANTITY OF EFFLUENT (KLD)": "20", "STATUS OF EFFLUENT TREATMENT PLANT (ETP)": "INSTALLED", "ADEQUACY": "ADEQUATE", "EFFLUENT DISPOSAL POINT APPROX": "KAREHDA DRAIN", "DISTANCE FROM RIVER": "APPROX 1.12 KM", "REMARKS": null, "Discharge m3/day": 20.0, "remarks_Frank": null, "Y": 28.683611, "X": 77.377917 }, "geometry": { "type": "Point", "coordinates": [ 77.377917, 28.683611 ] } },
{ "type": "Feature", "properties": { "NAME OF THE INDUSTRY AND ADDRESS": "NEERAT ENTERPRISES ,72-D,GALI NO-6,RAJINDER NAGAR IND. AREA,MOHAN NAGAR,GHAZIABAD", "Sub District": "Mohan Nagar", "District": "Ghaziabad", "LATITUDE": "28?41'01.0\"N", "LONGITUDE": "77?22'40.5\"E", "PRODUCT AND PRODUCTION CAPACITY": "READYMADE GARMENT, DYEING/WASHING-500 PCS/DAY", "QUANTITY OF EFFLUENT (KLD)": "30", "STATUS OF EFFLUENT TREATMENT PLANT (ETP)": "INSTALLED", "ADEQUACY": "ADEQUATE", "EFFLUENT DISPOSAL POINT APPROX": "SBD DRAIN", "DISTANCE FROM RIVER": "APPROX 4.5 KM", "REMARKS": null, "Discharge m3/day": 30.0, "remarks_Frank": null, "Y": 28.683611, "X": 77.377917 }, "geometry": { "type": "Point", "coordinates": [ 77.377917, 28.683611 ] } },
{ "type": "Feature", "properties": { "NAME OF THE INDUSTRY AND ADDRESS": "NEHA COLOR CONCEPT,261,RAJINDER NAGAR IND. AREA,MOHAN NAGAR,GHAZIABAD", "Sub District": "Mohan Nagar", "District": "Ghaziabad", "LATITUDE": "28?41'01.0\"N", "LONGITUDE": "77?22'40.5\"E", "PRODUCT AND PRODUCTION CAPACITY": "JEANS DYEING/WASHING-500 PCS/DAY", "QUANTITY OF EFFLUENT (KLD)": "28", "STATUS OF EFFLUENT TREATMENT PLANT (ETP)": "INSTALLED", "ADEQUACY": "ADEQUATE", "EFFLUENT DISPOSAL POINT APPROX": "SBD DRAIN", "DISTANCE FROM RIVER": "APPROX 4.5 KM", "REMARKS": null, "Discharge m3/day": 28.0, "remarks_Frank": null, "Y": 28.683611, "X": 77.377917 }, "geometry": { "type": "Point", "coordinates": [ 77.377917, 28.683611 ] } },
{ "type": "Feature", "properties": { "NAME OF THE INDUSTRY AND ADDRESS": "NON STOP COLOUR,S-3,SITE-2,LONI ROAD I.A.,MOHAN NAGAR,GHAZIABAD", "Sub District": "Mohan Nagar", "District": "Ghaziabad", "LATITUDE": "28?41'01.0\"N", "LONGITUDE": "77?22'40.5\"E", "PRODUCT AND PRODUCTION CAPACITY": "FABRIC DYEING/BLEACHING-800 MTR/DAY", "QUANTITY OF EFFLUENT (KLD)": "100", "STATUS OF EFFLUENT TREATMENT PLANT (ETP)": "INSTALLED", "ADEQUACY": "ADEQUATE", "EFFLUENT DISPOSAL POINT APPROX": "KAREHDA DRAIN", "DISTANCE FROM RIVER": "APPROX 1.12 KM", "REMARKS": null, "Discharge m3/day": 100.0, "remarks_Frank": null, "Y": 28.683611, "X": 77.377917 }, "geometry": { "type": "Point", "coordinates": [ 77.377917, 28.683611 ] } },
{ "type": "Feature", "properties": { "NAME OF THE INDUSTRY AND ADDRESS": "PREM PROCESSORS,52 RAJINDER PRASAD IND. AREA,MOHAN NAGAR,GHAZIABAD", "Sub District": "Mohan Nagar", "District": "Ghaziabad", "LATITUDE": "28?41'01.0\"N", "LONGITUDE": "77?22'40.5\"E", "PRODUCT AND PRODUCTION CAPACITY": "FABRIC DYEING/WASHING-1500 METER/DAY", "QUANTITY OF EFFLUENT (KLD)": "30", "STATUS OF EFFLUENT TREATMENT PLANT (ETP)": "INSTALLED", "ADEQUACY": "ADEQUATE", "EFFLUENT DISPOSAL POINT APPROX": "SBD DRAIN", "DISTANCE FROM RIVER": "APPROX 4.5 KM", "REMARKS": null, "Discharge m3/day": 30.0, "remarks_Frank": null, "Y": 28.683611, "X": 77.377917 }, "geometry": { "type": "Point", "coordinates": [ 77.377917, 28.683611 ] } },
{ "type": "Feature", "properties": { "NAME OF THE INDUSTRY AND ADDRESS": "R.B. ENTERPRISES,180/2 & 180/4,RAJINDER NAGAR IND. AREA,MOHAN NAGAR,GHAZIABAD", "Sub District": "Mohan Nagar", "District": "Ghaziabad", "LATITUDE": "28?41'01.0\"N", "LONGITUDE": "77?22'40.5\"E", "PRODUCT AND PRODUCTION CAPACITY": "READYMADE GARMENT, DYEING/WASHING-500 PCS/DAY", "QUANTITY OF EFFLUENT (KLD)": "30", "STATUS OF EFFLUENT TREATMENT PLANT (ETP)": "INSTALLED", "ADEQUACY": "ADEQUATE", "EFFLUENT DISPOSAL POINT APPROX": "SBD DRAIN", "DISTANCE FROM RIVER": "APPROX 4.5 KM", "REMARKS": null, "Discharge m3/day": 30.0, "remarks_Frank": null, "Y": 28.683611, "X": 77.377917 }, "geometry": { "type": "Point", "coordinates": [ 77.377917, 28.683611 ] } },
{ "type": "Feature", "properties": { "NAME OF THE INDUSTRY AND ADDRESS": "RIGHT WASH UDYOG,72/19,RAJINDER NAGAR IND. AREA,MOHAN NAGAR,GHAZIABAD", "Sub District": "Mohan Nagar", "District": "Ghaziabad", "LATITUDE": "28?41'01.0\"N", "LONGITUDE": "77?22'40.5\"E", "PRODUCT AND PRODUCTION CAPACITY": "READYMADE GARMENT, DYEING/WASHING-1500 PCS/DAY", "QUANTITY OF EFFLUENT (KLD)": "28", "STATUS OF EFFLUENT TREATMENT PLANT (ETP)": "INSTALLED", "ADEQUACY": "ADEQUATE", "EFFLUENT DISPOSAL POINT APPROX": "SBD DRAIN", "DISTANCE FROM RIVER": "APPROX 4.5 KM", "REMARKS": null, "Discharge m3/day": 28.0, "remarks_Frank": null, "Y": 28.683611, "X": 77.377917 }, "geometry": { "type": "Point", "coordinates": [ 77.377917, 28.683611 ] } },
{ "type": "Feature", "properties": { "NAME OF THE INDUSTRY AND ADDRESS": "RUCHIKA PRINTS,A-35,RAJINDER NAGAR IND. AREA MOHAN NAGAR,GHAZIABAD", "Sub District": "Mohan Nagar", "District": "Ghaziabad", "LATITUDE": "28?41'01.0\"N", "LONGITUDE": "77?22'40.5\"E", "PRODUCT AND PRODUCTION CAPACITY": "SCREEN PRINTING/SAREE FABRIC DYEING/WASHING-200 PCS/DAY", "QUANTITY OF EFFLUENT (KLD)": "8", "STATUS OF EFFLUENT TREATMENT PLANT (ETP)": "INSTALLED", "ADEQUACY": "ADEQUATE", "EFFLUENT DISPOSAL POINT APPROX": "SBD DRAIN", "DISTANCE FROM RIVER": "APPROX 4.5 KM", "REMARKS": null, "Discharge m3/day": 8.0, "remarks_Frank": null, "Y": 28.683611, "X": 77.377917 }, "geometry": { "type": "Point", "coordinates": [ 77.377917, 28.683611 ] } },
{ "type": "Feature", "properties": { "NAME OF THE INDUSTRY AND ADDRESS": "SAHIBABAD PRINTERS,182/3,G.T. ROAD,MOHAN NAGAR,GHAZIABAD", "Sub District": "Mohan Nagar", "District": "Ghaziabad", "LATITUDE": "28?41'01.0\"N", "LONGITUDE": "77?22'40.5\"E", "PRODUCT AND PRODUCTION CAPACITY": "GREY FABRIC,DYEING/BLEACHING/WASHING-4000 METER/DAY", "QUANTITY OF EFFLUENT (KLD)": "50", "STATUS OF EFFLUENT TREATMENT PLANT (ETP)": "INSTALLED", "ADEQUACY": "ADEQUATE", "EFFLUENT DISPOSAL POINT APPROX": "SBD DRAIN", "DISTANCE FROM RIVER": "APPROX 5 KM", "REMARKS": null, "Discharge m3/day": 50.0, "remarks_Frank": null, "Y": 28.683611, "X": 77.377917 }, "geometry": { "type": "Point", "coordinates": [ 77.377917, 28.683611 ] } },
{ "type": "Feature", "properties": { "NAME OF THE INDUSTRY AND ADDRESS": "SAI PROCESSING 7/37,SITE-2,LONI ROAD IND. AREA MOHAN NAGAR,GHAZIABAD", "Sub District": "Mohan Nagar", "District": "Ghaziabad", "LATITUDE": "28?41'01.0\"N", "LONGITUDE": "77?22'40.5\"E", "PRODUCT AND PRODUCTION CAPACITY": "COTTON FABRIC DYEING/BLEACHING-2000 MTR/DAY", "QUANTITY OF EFFLUENT (KLD)": "22", "STATUS OF EFFLUENT TREATMENT PLANT (ETP)": "INSTALLED", "ADEQUACY": "ADEQUATE", "EFFLUENT DISPOSAL POINT APPROX": "KAREHDA DRAIN", "DISTANCE FROM RIVER": "APPROX 1.12 KM", "REMARKS": null, "Discharge m3/day": 22.0, "remarks_Frank": null, "Y": 28.683611, "X": 77.377917 }, "geometry": { "type": "Point", "coordinates": [ 77.377917, 28.683611 ] } },
{ "type": "Feature", "properties": { "NAME OF THE INDUSTRY AND ADDRESS": "SHARDA DYEING,PLOT NO.6,GALI NO. 1,RAJINDER NAGAR IND. AREA,MOHAN NAGAR,GHAZIABAD", "Sub District": "Mohan Nagar", "District": "Ghaziabad", "LATITUDE": "28?41'01.0\"N", "LONGITUDE": "77?22'40.5\"E", "PRODUCT AND PRODUCTION CAPACITY": "FABRIC DYEING/WASHING-1000 METER/DAY", "QUANTITY OF EFFLUENT (KLD)": "15", "STATUS OF EFFLUENT TREATMENT PLANT (ETP)": "INSTALLED", "ADEQUACY": "ADEQUATE", "EFFLUENT DISPOSAL POINT APPROX": "SBD DRAIN", "DISTANCE FROM RIVER": "APPROX 4.5 KM", "REMARKS": null, "Discharge m3/day": 15.0, "remarks_Frank": null, "Y": 28.683611, "X": 77.377917 }, "geometry": { "type": "Point", "coordinates": [ 77.377917, 28.683611 ] } },
{ "type": "Feature", "properties": { "NAME OF THE INDUSTRY AND ADDRESS": "SILVERWASH,20/6,GALI NO.3,RAJINDER NAGAR IND. AREA,MOHAN NAGAR,GHAZIABAD", "Sub District": "Mohan Nagar", "District": "Ghaziabad", "LATITUDE": "28?41'01.0\"N", "LONGITUDE": "77?22'40.5\"E", "PRODUCT AND PRODUCTION CAPACITY": "READYMADE GARMENT DYEING/WASHING-500 PCS/DAY", "QUANTITY OF EFFLUENT (KLD)": "30", "STATUS OF EFFLUENT TREATMENT PLANT (ETP)": "INSTALLED", "ADEQUACY": "ADEQUATE", "EFFLUENT DISPOSAL POINT APPROX": "SBD DRAIN", "DISTANCE FROM RIVER": "APPROX 4.5 KM", "REMARKS": null, "Discharge m3/day": 30.0, "remarks_Frank": null, "Y": 28.683611, "X": 77.377917 }, "geometry": { "type": "Point", "coordinates": [ 77.377917, 28.683611 ] } },
{ "type": "Feature", "properties": { "NAME OF THE INDUSTRY AND ADDRESS": "SUNNY PRINTS,5/7,SITE-2,LONI ROAD IND. AREA,MOHAN NAGAR,GHAZIABAD", "Sub District": "Mohan Nagar", "District": "Ghaziabad", "LATITUDE": "28?41'01.0\"N", "LONGITUDE": "77?22'40.5\"E", "PRODUCT AND PRODUCTION CAPACITY": "FABRIC DYEING/PRINTING", "QUANTITY OF EFFLUENT (KLD)": "9", "STATUS OF EFFLUENT TREATMENT PLANT (ETP)": "INSTALLED", "ADEQUACY": "ADEQUATE", "EFFLUENT DISPOSAL POINT APPROX": "KAREHDA DRAIN", "DISTANCE FROM RIVER": "APPROX 1.12 KM", "REMARKS": null, "Discharge m3/day": 9.0, "remarks_Frank": null, "Y": 28.683611, "X": 77.377917 }, "geometry": { "type": "Point", "coordinates": [ 77.377917, 28.683611 ] } },
{ "type": "Feature", "properties": { "NAME OF THE INDUSTRY AND ADDRESS": "VAISHNO DYEING,192,RAJINDER NAGAR IND. AREA,MOHAN NAGAR,GHAZIABAD", "Sub District": "Mohan Nagar", "District": "Ghaziabad", "LATITUDE": "28?41'01.0\"N", "LONGITUDE": "77?22'40.5\"E", "PRODUCT AND PRODUCTION CAPACITY": "FABRIC DYEING/WASHING-1500 METER/DAY", "QUANTITY OF EFFLUENT (KLD)": "18", "STATUS OF EFFLUENT TREATMENT PLANT (ETP)": "INSTALLED", "ADEQUACY": "NOT ADEQUATE", "EFFLUENT DISPOSAL POINT APPROX": "SBD DRAIN", "DISTANCE FROM RIVER": "APPROX 4.5 KM", "REMARKS": null, "Discharge m3/day": 18.0, "remarks_Frank": null, "Y": 28.683611, "X": 77.377917 }, "geometry": { "type": "Point", "coordinates": [ 77.377917, 28.683611 ] } },
{ "type": "Feature", "properties": { "NAME OF THE INDUSTRY AND ADDRESS": "VARDHMAN ENGG. WORKS,72/10-B,GALI NO-6,RAJINDER IND. AREA,MOHAN NAGAR,GHAZIABAD", "Sub District": "Mohan Nagar", "District": "Ghaziabad", "LATITUDE": "28?41'01.0\"N", "LONGITUDE": "77?22'40.5\"E", "PRODUCT AND PRODUCTION CAPACITY": "BATHROOM ACCESSORIES-200 KG/DAY", "QUANTITY OF EFFLUENT (KLD)": "1.8", "STATUS OF EFFLUENT TREATMENT PLANT (ETP)": "INSTALLED", "ADEQUACY": "ADEQUATE", "EFFLUENT DISPOSAL POINT APPROX": "SBD DRAIN", "DISTANCE FROM RIVER": "APPROX 4.5 KM", "REMARKS": null, "Discharge m3/day": 1.8, "remarks_Frank": null, "Y": 28.683611, "X": 77.377917 }, "geometry": { "type": "Point", "coordinates": [ 77.377917, 28.683611 ] } },
{ "type": "Feature", "properties": { "NAME OF THE INDUSTRY AND ADDRESS": "VIDHI VENTUER,RAJINDER NAGAR IND. AREA,MOHAN NAGAR,GHAZIABAD", "Sub District": "Mohan Nagar", "District": "Ghaziabad", "LATITUDE": "28?41'01.0\"N", "LONGITUDE": "77?22'40.5\"E", "PRODUCT AND PRODUCTION CAPACITY": "GARMENT DYEING/BLEACHING/WASHING-1500 PCS/DAY", "QUANTITY OF EFFLUENT (KLD)": "30", "STATUS OF EFFLUENT TREATMENT PLANT (ETP)": "INSTALLED", "ADEQUACY": "ADEQUATE", "EFFLUENT DISPOSAL POINT APPROX": "SBD DRAIN", "DISTANCE FROM RIVER": "APPROX 4.5 KM", "REMARKS": null, "Discharge m3/day": 30.0, "remarks_Frank": null, "Y": 28.683611, "X": 77.377917 }, "geometry": { "type": "Point", "coordinates": [ 77.377917, 28.683611 ] } },
{ "type": "Feature", "properties": { "NAME OF THE INDUSTRY AND ADDRESS": "SHAHI EXPORTS PVT LTD.,30-SITE-2,LONI ROAD IND. AREA MOHAN NAGAR,GHAZIABAD", "Sub District": "Mohan Nagar", "District": "Ghaziabad", "LATITUDE": "28?41'01.1\"N", "LONGITUDE": "77?22'40.6\"E", "PRODUCT AND PRODUCTION CAPACITY": "BOND FABRIC-22 TON/MONTH, PROCESS FABRIC-80 TON/MONTH", "QUANTITY OF EFFLUENT (KLD)": "810", "STATUS OF EFFLUENT TREATMENT PLANT (ETP)": "INSTALLED", "ADEQUACY": "ADEQUATE", "EFFLUENT DISPOSAL POINT APPROX": "KAREHDA DRAIN", "DISTANCE FROM RIVER": "APPROX 1.12 KM", "REMARKS": null, "Discharge m3/day": 810.0, "remarks_Frank": null, "Y": 28.683639, "X": 77.377944 }, "geometry": { "type": "Point", "coordinates": [ 77.377944, 28.683639 ] } },
{ "type": "Feature", "properties": { "NAME OF THE INDUSTRY AND ADDRESS": "K.M. PROCESSORS,72/3,GALI NO.-5,RAJINDER NAGAR IND. AREA,MOHAN NAGAR,GHAZIABAD", "Sub District": "Mohan Nagar", "District": "Ghaziabad", "LATITUDE": "28?40'53.1\"N", "LONGITUDE": "77?25'13.8\"E", "PRODUCT AND PRODUCTION CAPACITY": "HOSIERY CLOTH/WASHING-500 KG/DAY", "QUANTITY OF EFFLUENT (KLD)": "13", "STATUS OF EFFLUENT TREATMENT PLANT (ETP)": "INSTALLED", "ADEQUACY": "ADEQUATE", "EFFLUENT DISPOSAL POINT APPROX": "SBD DRAIN", "DISTANCE FROM RIVER": "APPROX 4.5 KM", "REMARKS": null, "Discharge m3/day": 13.0, "remarks_Frank": null, "Y": 28.681417, "X": 77.4205 }, "geometry": { "type": "Point", "coordinates": [ 77.4205, 28.681417 ] } },
{ "type": "Feature", "properties": { "NAME OF THE INDUSTRY AND ADDRESS": "MANOHAR LAL HIRA LAL LTD.,28 KM STONE MEERUT ROAD,DUHAI,GHAZIABAD", "Sub District": "Duhai", "District": "Ghaziabad", "LATITUDE": "28?39'53.5\"N", "LONGITUDE": "77?25'43.0\"E", "PRODUCT AND PRODUCTION CAPACITY": "GI & BLACK WIRE-25 MT/DAY", "QUANTITY OF EFFLUENT (KLD)": "50", "STATUS OF EFFLUENT TREATMENT PLANT (ETP)": "INSTALLED", "ADEQUACY": "ADEQUATE", "EFFLUENT DISPOSAL POINT APPROX": "MEERUT ROAD IND. DRAIN", "DISTANCE FROM RIVER": "APPROX 10 KM", "REMARKS": null, "Discharge m3/day": 50.0, "remarks_Frank": null, "Y": 28.664861, "X": 77.428611 }, "geometry": { "type": "Point", "coordinates": [ 77.428611, 28.664861 ] } },
{ "type": "Feature", "properties": { "NAME OF THE INDUSTRY AND ADDRESS": "SUKRITI VIDYUT UDYOG PVT LTD.,D-39,MEERUT ROAD IND. AREA,GHAZIABAD", "Sub District": "Meerut Road", "District": "Ghaziabad", "LATITUDE": "28?40'51.3\"N?", "LONGITUDE": "77?26'06.3\"E", "PRODUCT AND PRODUCTION CAPACITY": "STANDARD CONDUCTOR WIRE", "QUANTITY OF EFFLUENT (KLD)": "0.3", "STATUS OF EFFLUENT TREATMENT PLANT (ETP)": "INSTALLED", "ADEQUACY": "ADEQUATE", "EFFLUENT DISPOSAL POINT APPROX": "MEERUT ROAD IND. DRAIN", "DISTANCE FROM RIVER": "APPROX 10 KM", "REMARKS": null, "Discharge m3/day": 0.3, "remarks_Frank": null, "Y": 28.680917, "X": 77.435083 }, "geometry": { "type": "Point", "coordinates": [ 77.435083, 28.680917 ] } },
{ "type": "Feature", "properties": { "NAME OF THE INDUSTRY AND ADDRESS": "ALBERT DAVID LTD.,B-12/13,MEERUT ROAD", "Sub District": "Meerut Road", "District": "Ghaziabad", "LATITUDE": "28?41'09.2\"N", "LONGITUDE": "77?26'09.6\"E", "PRODUCT AND PRODUCTION CAPACITY": "I.V. FLUID-37 LAC/M,I.V. GLASS-5 LAC/M (BOTH-500 ML),CAPSULE 30 LAC/M", "QUANTITY OF EFFLUENT (KLD)": "100", "STATUS OF EFFLUENT TREATMENT PLANT (ETP)": "INSTALLED", "ADEQUACY": "ADEQUATE", "EFFLUENT DISPOSAL POINT APPROX": "MEERUT ROAD IND. DRAIN", "DISTANCE FROM RIVER": "APPROX 10 KM", "REMARKS": null, "Discharge m3/day": 100.0, "remarks_Frank": null, "Y": 28.685889, "X": 77.436 }, "geometry": { "type": "Point", "coordinates": [ 77.436, 28.685889 ] } },
{ "type": "Feature", "properties": { "NAME OF THE INDUSTRY AND ADDRESS": "NORTHERN INDIA CYCO PARTS,E-2,S.S. OF G.T. ROAD IND. AREA,GHAZIABAD", "Sub District": "G.T. Road", "District": "Ghaziabad", "LATITUDE": "28?38'14.8\"N", "LONGITUDE": "77?26'22.1\"E", "PRODUCT AND PRODUCTION CAPACITY": "CYCLE RIM-25000 PCS/,MONTH", "QUANTITY OF EFFLUENT (KLD)": "25", "STATUS OF EFFLUENT TREATMENT PLANT (ETP)": "INSTALLED", "ADEQUACY": "ADEQUATE", "EFFLUENT DISPOSAL POINT APPROX": "B.S. ROAD IND. DRAIN", "DISTANCE FROM RIVER": "APPROX 5 KM", "REMARKS": null, "Discharge m3/day": 25.0, "remarks_Frank": null, "Y": 28.637444, "X": 77.439472 }, "geometry": { "type": "Point", "coordinates": [ 77.439472, 28.637444 ] } },
{ "type": "Feature", "properties": { "NAME OF THE INDUSTRY AND ADDRESS": "SHIVAM ENGINEERING,282,S.S. OF G.T. ROAD,IND. AREA,GHAZIABAD", "Sub District": "G.T. Road", "District": "Ghaziabad", "LATITUDE": "28?38'22.0\"N?", "LONGITUDE": "77?26'46.5\"E", "PRODUCT AND PRODUCTION CAPACITY": "HOT DIP GALVANIZIED & 55 STRUCTURED PIPE- 1250 MT/MONTH", "QUANTITY OF EFFLUENT (KLD)": "8", "STATUS OF EFFLUENT TREATMENT PLANT (ETP)": "INSTALLED", "ADEQUACY": "ADEQUATE", "EFFLUENT DISPOSAL POINT APPROX": "B.S. ROAD IND. DRAIN", "DISTANCE FROM RIVER": "APPROX 5 KM", "REMARKS": null, "Discharge m3/day": 8.0, "remarks_Frank": null, "Y": 28.639444, "X": 77.44625 }, "geometry": { "type": "Point", "coordinates": [ 77.44625, 28.639444 ] } },
{ "type": "Feature", "properties": { "NAME OF THE INDUSTRY AND ADDRESS": "CHEMO PULP TISSUES PVT LTD,A-4,SECT-22,MEERUT ROAD,IND. AREA", "Sub District": "Meerut Road", "District": "Ghaziabad", "LATITUDE": "28?41'56.3\"N", "LONGITUDE": "77?26'54.3\"E", "PRODUCT AND PRODUCTION CAPACITY": "PAPER BOARD-15 TO 30 TON/MONTH", "QUANTITY OF EFFLUENT (KLD)": "0", "STATUS OF EFFLUENT TREATMENT PLANT (ETP)": "INSTALLED", "ADEQUACY": "ADEQUATE", "EFFLUENT DISPOSAL POINT APPROX": "MEERUT ROAD IND. DRAIN", "DISTANCE FROM RIVER": "APPROX 10 KM", "REMARKS": null, "Discharge m3/day": 0.0, "remarks_Frank": null, "Y": 28.698972, "X": 77.448417 }, "geometry": { "type": "Point", "coordinates": [ 77.448417, 28.698972 ] } },
{ "type": "Feature", "properties": { "NAME OF THE INDUSTRY AND ADDRESS": "EXPERT METAL TECH PVT LTD.,PLOT NO-192,UDYOG KENDRA,GR. NOIDA", "Sub District": "Habibpur", "District": "Greater Noida", "LATITUDE": "28?31'59.4\"N", "LONGITUDE": "77?26'58.4\"E", "PRODUCT AND PRODUCTION CAPACITY": "METAL SURFACE TREATMENT", "QUANTITY OF EFFLUENT (KLD)": "3", "STATUS OF EFFLUENT TREATMENT PLANT (ETP)": "INSTALLED", "ADEQUACY": "YES", "EFFLUENT DISPOSAL POINT APPROX": "YAMAHA DRAIN", "DISTANCE FROM RIVER": "16 KM", "REMARKS": null, "Discharge m3/day": 3.0, "remarks_Frank": null, "Y": 28.533167, "X": 77.449556 }, "geometry": { "type": "Point", "coordinates": [ 77.449556, 28.533167 ] } },
{ "type": "Feature", "properties": { "NAME OF THE INDUSTRY AND ADDRESS": "G.T. CARGO FITTINGS PVT LTD.,PLOT NO. 92,UDYOG KENDRA,GR. NOIDA", "Sub District": "Habibpur", "District": "Greater Noida", "LATITUDE": "28?31'59.4\"N", "LONGITUDE": "77?26'58.4\"E", "PRODUCT AND PRODUCTION CAPACITY": "METAL SURFACE TREATMENT", "QUANTITY OF EFFLUENT (KLD)": "8.5", "STATUS OF EFFLUENT TREATMENT PLANT (ETP)": "INSTALLED", "ADEQUACY": "YES", "EFFLUENT DISPOSAL POINT APPROX": "YAMAHA DRAIN", "DISTANCE FROM RIVER": "16 KM", "REMARKS": null, "Discharge m3/day": 8.5, "remarks_Frank": null, "Y": 28.533167, "X": 77.449556 }, "geometry": { "type": "Point", "coordinates": [ 77.449556, 28.533167 ] } },
{ "type": "Feature", "properties": { "NAME OF THE INDUSTRY AND ADDRESS": "RAHUL ION TECH PVT LTD.,PLOT NO-143,UDYOG KENDRA,GR. NOIDA", "Sub District": "Udyog Kendra", "District": "Greater Noida", "LATITUDE": "28?32'42.3\"N", "LONGITUDE": "77?27'22.7\"E", "PRODUCT AND PRODUCTION CAPACITY": "METAL SURFACE TREATMENT", "QUANTITY OF EFFLUENT (KLD)": "12", "STATUS OF EFFLUENT TREATMENT PLANT (ETP)": "INSTALLED", "ADEQUACY": "YES", "EFFLUENT DISPOSAL POINT APPROX": "YAMAHA DRAIN", "DISTANCE FROM RIVER": "16 KM", "REMARKS": null, "Discharge m3/day": 12.0, "remarks_Frank": null, "Y": 28.545083, "X": 77.456306 }, "geometry": { "type": "Point", "coordinates": [ 77.456306, 28.545083 ] } },
{ "type": "Feature", "properties": { "NAME OF THE INDUSTRY AND ADDRESS": "INDIAN TEXTILES COMPANY,E-49,B.S ROAD IND. AREA,GHAZIABAD", "Sub District": "B.S. Road", "District": "Ghaziabad", "LATITUDE": "28?38'56.7\"N", "LONGITUDE": "77?27'25.0\"E", "PRODUCT AND PRODUCTION CAPACITY": "GREY FABRIC DYEING/BLEACHING/WASHING-500 KG/DAY", "QUANTITY OF EFFLUENT (KLD)": "42", "STATUS OF EFFLUENT TREATMENT PLANT (ETP)": "INSTALLED", "ADEQUACY": "ADEQUATE", "EFFLUENT DISPOSAL POINT APPROX": "B.S. ROAD IND. DRAIN", "DISTANCE FROM RIVER": "APPROX 10 KM", "REMARKS": null, "Discharge m3/day": 42.0, "remarks_Frank": null, "Y": 28.649083, "X": 77.456944 }, "geometry": { "type": "Point", "coordinates": [ 77.456944, 28.649083 ] } },
{ "type": "Feature", "properties": { "NAME OF THE INDUSTRY AND ADDRESS": "A.S.T. PIPES,B-33,B.S. ROAD IND. AREA,GHAZIABAD", "Sub District": "B.S. Road", "District": "Ghaziabad", "LATITUDE": "28?38'32.7\"N", "LONGITUDE": "77?27'26.2\"E", "PRODUCT AND PRODUCTION CAPACITY": "MS BLACK PIPE-24.5 TON/DAY", "QUANTITY OF EFFLUENT (KLD)": "0", "STATUS OF EFFLUENT TREATMENT PLANT (ETP)": "INSTALLED", "ADEQUACY": "-", "EFFLUENT DISPOSAL POINT APPROX": "B.S. ROAD IND. DRAIN", "DISTANCE FROM RIVER": "APPROX 10 KM", "REMARKS": null, "Discharge m3/day": 0.0, "remarks_Frank": null, "Y": 28.642417, "X": 77.457278 }, "geometry": { "type": "Point", "coordinates": [ 77.457278, 28.642417 ] } },
{ "type": "Feature", "properties": { "NAME OF THE INDUSTRY AND ADDRESS": "METAL TECH DESIGN (P) LTD,PLOT NO-7 D,UDYOG KENDRA,GR. NOIDA", "Sub District": "Udyog Kendra", "District": "Greater Noida", "LATITUDE": "28?32'23.9\"N", "LONGITUDE": "77?27'29.7\"E", "PRODUCT AND PRODUCTION CAPACITY": "METAL SURFACE TREATMENT", "QUANTITY OF EFFLUENT (KLD)": "33", "STATUS OF EFFLUENT TREATMENT PLANT (ETP)": "INSTALLED", "ADEQUACY": "YES", "EFFLUENT DISPOSAL POINT APPROX": "YAMAHA DRAIN", "DISTANCE FROM RIVER": "16 KM", "REMARKS": null, "Discharge m3/day": 33.0, "remarks_Frank": null, "Y": 28.539972, "X": 77.45825 }, "geometry": { "type": "Point", "coordinates": [ 77.45825, 28.539972 ] } },
{ "type": "Feature", "properties": { "NAME OF THE INDUSTRY AND ADDRESS": "BALAJI ENTERPRISES,B-22/1/15,B.S ROAD IND. AREA,GHAZIABAD", "Sub District": "B.S. Road", "District": "Ghaziabad", "LATITUDE": "28?38'53.2\"N", "LONGITUDE": "77?27'46.8\"E", "PRODUCT AND PRODUCTION CAPACITY": "HARD CHROME (JOB WORK)", "QUANTITY OF EFFLUENT (KLD)": "1.5", "STATUS OF EFFLUENT TREATMENT PLANT (ETP)": "INSTALLED", "ADEQUACY": "ADEQUATE", "EFFLUENT DISPOSAL POINT APPROX": "B.S. ROAD IND. DRAIN", "DISTANCE FROM RIVER": "APPROX 10 KM", "REMARKS": null, "Discharge m3/day": 1.5, "remarks_Frank": null, "Y": 28.648111, "X": 77.463 }, "geometry": { "type": "Point", "coordinates": [ 77.463, 28.648111 ] } },
{ "type": "Feature", "properties": { "NAME OF THE INDUSTRY AND ADDRESS": "BAJAJ HINDUSTAN SUGARS LTD,SUGAR UNIT,KINAUNI,MEERUT", "Sub District": "Kinauni", "District": "Meerut", "LATITUDE": "29?02'59.0\"N", "LONGITUDE": "77?28'07.6\"E", "PRODUCT AND PRODUCTION CAPACITY": "SUGAR CANE-12000 TCD", "QUANTITY OF EFFLUENT (KLD)": "1200 KLD", "STATUS OF EFFLUENT TREATMENT PLANT (ETP)": "INSTALLED", "ADEQUACY": "ADEQUATE", "EFFLUENT DISPOSAL POINT APPROX": "KINAUNI DRAIN", "DISTANCE FROM RIVER": "1 KM", "REMARKS": "HINDON RIVER", "Discharge m3/day": 1200.0, "remarks_Frank": null, "Y": 29.049722, "X": 77.468778 }, "geometry": { "type": "Point", "coordinates": [ 77.468778, 29.049722 ] } },
{ "type": "Feature", "properties": { "NAME OF THE INDUSTRY AND ADDRESS": "BAJAJ HINDUSTAN SUGARS LTD,DISTILLERY UNIT,KINAUNI,MEERUT", "Sub District": "Kinauni", "District": "Meerut", "LATITUDE": "29?02'59.0\"N", "LONGITUDE": "77?28'07.6\"E", "PRODUCT AND PRODUCTION CAPACITY": "RECTIFIED SPIRIT ENA-160 KLD", "QUANTITY OF EFFLUENT (KLD)": "ZERO LIQUID DISCHARGE", "STATUS OF EFFLUENT TREATMENT PLANT (ETP)": "INSTALLED", "ADEQUACY": "ADEQUATE", "EFFLUENT DISPOSAL POINT APPROX": "KINAUNI DRAIN", "DISTANCE FROM RIVER": "1 KM", "REMARKS": "ZERO LIQUID DISCHARGE", "Discharge m3/day": 0.0, "remarks_Frank": "adjusted to 0", "Y": 29.049722, "X": 77.468778 }, "geometry": { "type": "Point", "coordinates": [ 77.468778, 29.049722 ] } },
{ "type": "Feature", "properties": { "NAME OF THE INDUSTRY AND ADDRESS": "AAR BEE EXPORTS,PLOT NO-155,UDYOG KENDRA,GREATER NOIDA", "Sub District": "Udyog Kendra", "District": "Greater Noida", "LATITUDE": "28?32'03.6\"N", "LONGITUDE": "77?28'08.4\"E", "PRODUCT AND PRODUCTION CAPACITY": "METAL SURFACE TREATMENT", "QUANTITY OF EFFLUENT (KLD)": "0", "STATUS OF EFFLUENT TREATMENT PLANT (ETP)": "INSTALLED", "ADEQUACY": "SELF CLOSED", "EFFLUENT DISPOSAL POINT APPROX": "YAMAHA DRAIN", "DISTANCE FROM RIVER": "16 KM", "REMARKS": null, "Discharge m3/day": 0.0, "remarks_Frank": null, "Y": 28.534333, "X": 77.469 }, "geometry": { "type": "Point", "coordinates": [ 77.469, 28.534333 ] } },
{ "type": "Feature", "properties": { "NAME OF THE INDUSTRY AND ADDRESS": "JMD ENTERPRISES,PLOT NO.357,UDYOG KENDRA,GREATER NOIDA", "Sub District": "Udyog Kendra", "District": "Greater Noida", "LATITUDE": "28?32'03.6\"N", "LONGITUDE": "77?28'08.4\"E", "PRODUCT AND PRODUCTION CAPACITY": "METAL SURFACE TREATMENT", "QUANTITY OF EFFLUENT (KLD)": "1.5", "STATUS OF EFFLUENT TREATMENT PLANT (ETP)": "INSTALLED", "ADEQUACY": "YES", "EFFLUENT DISPOSAL POINT APPROX": "YAMAHA DRAIN", "DISTANCE FROM RIVER": "16 KM", "REMARKS": null, "Discharge m3/day": 1.5, "remarks_Frank": null, "Y": 28.534333, "X": 77.469 }, "geometry": { "type": "Point", "coordinates": [ 77.469, 28.534333 ] } },
{ "type": "Feature", "properties": { "NAME OF THE INDUSTRY AND ADDRESS": "MOON BEVERGAES LTD.,2 B/1,ECOTECH-3,UDYPG KENDRA,GR. NOIDA", "Sub District": "Gautam Budh Nagar", "District": "Greater Noida", "LATITUDE": "28?31'59.8\"N", "LONGITUDE": "77?28'08.6\"E", "PRODUCT AND PRODUCTION CAPACITY": "BEVERAGE (CARBONATED SOFT DRINKS,SODA)", "QUANTITY OF EFFLUENT (KLD)": "496", "STATUS OF EFFLUENT TREATMENT PLANT (ETP)": "INSTALLED", "ADEQUACY": "YES", "EFFLUENT DISPOSAL POINT APPROX": "YAMAHA DRAIN", "DISTANCE FROM RIVER": "16 KM", "REMARKS": null, "Discharge m3/day": 496.0, "remarks_Frank": null, "Y": 28.533278, "X": 77.469056 }, "geometry": { "type": "Point", "coordinates": [ 77.469056, 28.533278 ] } },
{ "type": "Feature", "properties": { "NAME OF THE INDUSTRY AND ADDRESS": "SURYA PROCESSOR PVT LTD.,BISRAKH ROAD,VILL-CHHAPRAULLA,GR. NOIDA", "Sub District": "Chhaproullaa", "District": "Greater Noida", "LATITUDE": "28?37'16.1\"N", "LONGITUDE": "77?28'38.5\"E", "PRODUCT AND PRODUCTION CAPACITY": "YARN/TEXTILE PROCESSING", "QUANTITY OF EFFLUENT (KLD)": "435", "STATUS OF EFFLUENT TREATMENT PLANT (ETP)": "INSTALLED", "ADEQUACY": "YES", "EFFLUENT DISPOSAL POINT APPROX": "DASANA DRAIN", "DISTANCE FROM RIVER": "20 KM", "REMARKS": null, "Discharge m3/day": 435.0, "remarks_Frank": null, "Y": 28.621139, "X": 77.477361 }, "geometry": { "type": "Point", "coordinates": [ 77.477361, 28.621139 ] } },
{ "type": "Feature", "properties": { "NAME OF THE INDUSTRY AND ADDRESS": "NIPPON TUBE LTD.,BISRAKH ROAD,VILL-CHHAPRAULLA,GR. NOIDA", "Sub District": "Chhaproullaa", "District": "Greater Noida", "LATITUDE": "28?37'18.7\"N", "LONGITUDE": "77?28'40.0\"E", "PRODUCT AND PRODUCTION CAPACITY": "METAL SURFACE TREATMENT", "QUANTITY OF EFFLUENT (KLD)": "10.5", "STATUS OF EFFLUENT TREATMENT PLANT (ETP)": "INSTALLED", "ADEQUACY": "YES", "EFFLUENT DISPOSAL POINT APPROX": "DASANA DRAIN", "DISTANCE FROM RIVER": "20 KM", "REMARKS": null, "Discharge m3/day": 10.5, "remarks_Frank": null, "Y": 28.621861, "X": 77.477778 }, "geometry": { "type": "Point", "coordinates": [ 77.477778, 28.621861 ] } },
{ "type": "Feature", "properties": { "NAME OF THE INDUSTRY AND ADDRESS": "SUCHI PAPER MILLS,BISRAKH ROAD,CHAPRAULLA,G.T. ROAD,GR. NOIDA,G B NAGAR", "Sub District": "Chhaproullaa", "District": "Greater Noida", "LATITUDE": "28?37'18.7\"N", "LONGITUDE": "77?28'40.0\"E", "PRODUCT AND PRODUCTION CAPACITY": "PAPER", "QUANTITY OF EFFLUENT (KLD)": "900", "STATUS OF EFFLUENT TREATMENT PLANT (ETP)": "INSTALLED", "ADEQUACY": "YES", "EFFLUENT DISPOSAL POINT APPROX": "DASANA DRAIN", "DISTANCE FROM RIVER": "20 KM", "REMARKS": null, "Discharge m3/day": 900.0, "remarks_Frank": null, "Y": 28.621861, "X": 77.477778 }, "geometry": { "type": "Point", "coordinates": [ 77.477778, 28.621861 ] } },
{ "type": "Feature", "properties": { "NAME OF THE INDUSTRY AND ADDRESS": "HOTZ INDUSTRIES,UDYOG VIHAR,GREATER NOIDA", "Sub District": "Udyog Vihar", "District": "Greater Noida", "LATITUDE": "28?29'31.7\"N", "LONGITUDE": "77?29'02.0\"E", "PRODUCT AND PRODUCTION CAPACITY": "DYEING", "QUANTITY OF EFFLUENT (KLD)": "0", "STATUS OF EFFLUENT TREATMENT PLANT (ETP)": "INSTALLED", "ADEQUACY": "SELF CLOSED", "EFFLUENT DISPOSAL POINT APPROX": "HAWALIA DRAIN", "DISTANCE FROM RIVER": "9 KM", "REMARKS": null, "Discharge m3/day": 0.0, "remarks_Frank": null, "Y": 28.492139, "X": 77.483889 }, "geometry": { "type": "Point", "coordinates": [ 77.483889, 28.492139 ] } },
{ "type": "Feature", "properties": { "NAME OF THE INDUSTRY AND ADDRESS": "TECHNIK,PLOT NO-O-21,INDUSTRIAL AREA,SITE-5,SURAJPUR,GR. NOIDA", "Sub District": "Surajpur", "District": "Greater Noida", "LATITUDE": "28?29'46.2\"N?", "LONGITUDE": "77?29'10.5\"E", "PRODUCT AND PRODUCTION CAPACITY": "PLASTIC MOLDED COMPONENTS WITH ELECTROPLATING", "QUANTITY OF EFFLUENT (KLD)": "4.5", "STATUS OF EFFLUENT TREATMENT PLANT (ETP)": "INSTALLED", "ADEQUACY": "YES", "EFFLUENT DISPOSAL POINT APPROX": "NEW HAWALIA DRAIN", "DISTANCE FROM RIVER": "6 KM", "REMARKS": null, "Discharge m3/day": 4.5, "remarks_Frank": null, "Y": 28.496167, "X": 77.48625 }, "geometry": { "type": "Point", "coordinates": [ 77.48625, 28.496167 ] } },
{ "type": "Feature", "properties": { "NAME OF THE INDUSTRY AND ADDRESS": "V.N.M. COMPONENTS,PLOT NO-116,SITE-B,SURAJPUR,GR. NOIDA", "Sub District": "Surajpur", "District": "Greater Noida", "LATITUDE": "28?29'46.2\"N?", "LONGITUDE": "77?29'10.5\"E", "PRODUCT AND PRODUCTION CAPACITY": "METAL SURFACE TREATMENT", "QUANTITY OF EFFLUENT (KLD)": "0", "STATUS OF EFFLUENT TREATMENT PLANT (ETP)": "INSTALLED", "ADEQUACY": "AT PRESENT SELF CLOSED", "EFFLUENT DISPOSAL POINT APPROX": "HAWALIA DRAIN", "DISTANCE FROM RIVER": "12 KM", "REMARKS": null, "Discharge m3/day": 0.0, "remarks_Frank": null, "Y": 28.496167, "X": 77.48625 }, "geometry": { "type": "Point", "coordinates": [ 77.48625, 28.496167 ] } },
{ "type": "Feature", "properties": { "NAME OF THE INDUSTRY AND ADDRESS": "VARUN BEVERAGES LTD.,2,SURAJPUR BYPASS,GR. NOIDA", "Sub District": "Surajpur", "District": "Greater Noida", "LATITUDE": "28?29'46.2\"N?", "LONGITUDE": "77?29'10.5\"E", "PRODUCT AND PRODUCTION CAPACITY": "BEVERAGE (CARBONATED SOFT DRINKS,SODA)", "QUANTITY OF EFFLUENT (KLD)": "488", "STATUS OF EFFLUENT TREATMENT PLANT (ETP)": "INSTALLED", "ADEQUACY": "YES", "EFFLUENT DISPOSAL POINT APPROX": "HAWALIA DRAIN", "DISTANCE FROM RIVER": "9 KM", "REMARKS": null, "Discharge m3/day": 488.0, "remarks_Frank": null, "Y": 28.496167, "X": 77.48625 }, "geometry": { "type": "Point", "coordinates": [ 77.48625, 28.496167 ] } },
{ "type": "Feature", "properties": { "NAME OF THE INDUSTRY AND ADDRESS": "VARUN BEVERAGES LTD.,2E,UDYOG KENDRA,GR. NOIDA", "Sub District": "Surajpur", "District": "Greater Noida", "LATITUDE": "28?29'46.2\"N?", "LONGITUDE": "77?29'10.5\"E", "PRODUCT AND PRODUCTION CAPACITY": "BEVERAGE (CARBONATED SOFT DRINKS,SODA)", "QUANTITY OF EFFLUENT (KLD)": "362", "STATUS OF EFFLUENT TREATMENT PLANT (ETP)": "INSTALLED", "ADEQUACY": "YES", "EFFLUENT DISPOSAL POINT APPROX": "YAMAHA DRAIN", "DISTANCE FROM RIVER": "16 KM", "REMARKS": null, "Discharge m3/day": 362.0, "remarks_Frank": null, "Y": 28.496167, "X": 77.48625 }, "geometry": { "type": "Point", "coordinates": [ 77.48625, 28.496167 ] } },
{ "type": "Feature", "properties": { "NAME OF THE INDUSTRY AND ADDRESS": "VIKAS INDUSTRIES.,PLOT NO-37,SITE-C,GR.NOIDA", "Sub District": "Surajpur", "District": "Greater Noida", "LATITUDE": "28?29'46.2\"N?", "LONGITUDE": "77?29'10.5\"E", "PRODUCT AND PRODUCTION CAPACITY": "METAL SURFACE TREATMENT", "QUANTITY OF EFFLUENT (KLD)": "3.6", "STATUS OF EFFLUENT TREATMENT PLANT (ETP)": "INSTALLED", "ADEQUACY": "YES", "EFFLUENT DISPOSAL POINT APPROX": "HAWALIA DRAIN", "DISTANCE FROM RIVER": "12 KM", "REMARKS": null, "Discharge m3/day": 3.6, "remarks_Frank": null, "Y": 28.496167, "X": 77.48625 }, "geometry": { "type": "Point", "coordinates": [ 77.48625, 28.496167 ] } },
{ "type": "Feature", "properties": { "NAME OF THE INDUSTRY AND ADDRESS": "SHREE JAGDAMBA KNITS (P) LTD.,P.NO.95,105,SITE-B,SURAJPUR,GR. NOIDA", "Sub District": "Surajpur", "District": "Greater Noida", "LATITUDE": "28?30'38.3\"N?", "LONGITUDE": "77?29'44.6\"E", "PRODUCT AND PRODUCTION CAPACITY": "DYEING & PRINTING", "QUANTITY OF EFFLUENT (KLD)": "450", "STATUS OF EFFLUENT TREATMENT PLANT (ETP)": "INSTALLED", "ADEQUACY": "YES", "EFFLUENT DISPOSAL POINT APPROX": "HAWALIA DRAIN", "DISTANCE FROM RIVER": "12 KM", "REMARKS": null, "Discharge m3/day": 450.0, "remarks_Frank": null, "Y": 28.510639, "X": 77.495722 }, "geometry": { "type": "Point", "coordinates": [ 77.495722, 28.510639 ] } },
{ "type": "Feature", "properties": { "NAME OF THE INDUSTRY AND ADDRESS": "ADARSH THERMOPACK INDUSTRIES (P) LTD,E-106,SITE-B,SURAJPUR,GREATER NOIDA", "Sub District": "Surajpur", "District": "Greater Noida", "LATITUDE": "28?30'21.0\"N", "LONGITUDE": "77?29'56.4\"E", "PRODUCT AND PRODUCTION CAPACITY": "TANNERY", "QUANTITY OF EFFLUENT (KLD)": "50", "STATUS OF EFFLUENT TREATMENT PLANT (ETP)": "INSTALLED", "ADEQUACY": "YES", "EFFLUENT DISPOSAL POINT APPROX": "HAWALIA DRAIN", "DISTANCE FROM RIVER": "12 KM", "REMARKS": null, "Discharge m3/day": 50.0, "remarks_Frank": null, "Y": 28.505833, "X": 77.499 }, "geometry": { "type": "Point", "coordinates": [ 77.499, 28.505833 ] } },
{ "type": "Feature", "properties": { "NAME OF THE INDUSTRY AND ADDRESS": "GALVANO INDIA (P) LTD,E-97,SITE-B,SURAJPUR,GR. NOIDA", "Sub District": "Surajpur", "District": "Greater Noida", "LATITUDE": "28?30'15.5\"N", "LONGITUDE": "77?30'02.2\"E", "PRODUCT AND PRODUCTION CAPACITY": "GALVENIZING", "QUANTITY OF EFFLUENT (KLD)": "8.8", "STATUS OF EFFLUENT TREATMENT PLANT (ETP)": "INSTALLED", "ADEQUACY": "YES", "EFFLUENT DISPOSAL POINT APPROX": "HAWALIA DRAIN", "DISTANCE FROM RIVER": "12 KM", "REMARKS": null, "Discharge m3/day": 8.8, "remarks_Frank": null, "Y": 28.504306, "X": 77.500611 }, "geometry": { "type": "Point", "coordinates": [ 77.500611, 28.504306 ] } },
{ "type": "Feature", "properties": { "NAME OF THE INDUSTRY AND ADDRESS": "GANGA POLYSTER PLOT NO.37,SITE-C,SURAJPUR,GR. NOIDA", "Sub District": "Surajpur", "District": "Greater Noida", "LATITUDE": "28?30'15.5\"N", "LONGITUDE": "77?30'02.2\"E", "PRODUCT AND PRODUCTION CAPACITY": "YARN/TEXTILE PROCESSING", "QUANTITY OF EFFLUENT (KLD)": "13", "STATUS OF EFFLUENT TREATMENT PLANT (ETP)": "INSTALLED", "ADEQUACY": "YES", "EFFLUENT DISPOSAL POINT APPROX": "HAWALIA DRAIN", "DISTANCE FROM RIVER": "12 KM", "REMARKS": null, "Discharge m3/day": 13.0, "remarks_Frank": null, "Y": 28.504306, "X": 77.500611 }, "geometry": { "type": "Point", "coordinates": [ 77.500611, 28.504306 ] } },
{ "type": "Feature", "properties": { "NAME OF THE INDUSTRY AND ADDRESS": "SLAUGHTER HOUSE OF MUNICIPAL BOARD,MURAD NAGAR,GHAZIABAD", "Sub District": "Muradnagar", "District": "Ghaziabad", "LATITUDE": "28?46'30.3\"N", "LONGITUDE": "77?30'04.2\"E", "PRODUCT AND PRODUCTION CAPACITY": "SLAUGHTER HOUSE & MEAT PROCESSING", "QUANTITY OF EFFLUENT (KLD)": "0", "STATUS OF EFFLUENT TREATMENT PLANT (ETP)": "-", "ADEQUACY": "-", "EFFLUENT DISPOSAL POINT APPROX": "-", "DISTANCE FROM RIVER": "-", "REMARKS": null, "Discharge m3/day": 0.0, "remarks_Frank": null, "Y": 28.775083, "X": 77.501167 }, "geometry": { "type": "Point", "coordinates": [ 77.501167, 28.775083 ] } },
{ "type": "Feature", "properties": { "NAME OF THE INDUSTRY AND ADDRESS": "DEV TARA INDUSTRIES LTD.,MEERUT ROAD,DUHAI,MURADNAGAR", "Sub District": "Muradnagar", "District": "Ghaziabad", "LATITUDE": "28?46'41.9\"N", "LONGITUDE": "77?30'05.7\"E", "PRODUCT AND PRODUCTION CAPACITY": "GREY CARPET DARI-30000 SQ MTR/MONTH", "QUANTITY OF EFFLUENT (KLD)": "725", "STATUS OF EFFLUENT TREATMENT PLANT (ETP)": "INSTALLED", "ADEQUACY": "ADEQUATE", "EFFLUENT DISPOSAL POINT APPROX": "MEERUT ROAD IND. DRAIN", "DISTANCE FROM RIVER": "APPROX 10 KM", "REMARKS": null, "Discharge m3/day": 725.0, "remarks_Frank": null, "Y": 28.778306, "X": 77.501583 }, "geometry": { "type": "Point", "coordinates": [ 77.501583, 28.778306 ] } },
{ "type": "Feature", "properties": { "NAME OF THE INDUSTRY AND ADDRESS": "PROMOTIONAL CLUB,PLOT NO. C-1,C-2,C-3,EPIP,INDUSTRIAL AREA,SITE-5,SURAJPUR,GR. NOIDA", "Sub District": "Surajpur", "District": "Greater Noida", "LATITUDE": "28?30'57.2\"N?", "LONGITUDE": "77?30'12.8\"E", "PRODUCT AND PRODUCTION CAPACITY": "FABRIC PROCESSING (DYEING,PRINTING,BLEACHING)", "QUANTITY OF EFFLUENT (KLD)": "0", "STATUS OF EFFLUENT TREATMENT PLANT (ETP)": "INSTALLED", "ADEQUACY": "CLOSED BY BOARD", "EFFLUENT DISPOSAL POINT APPROX": "NEW HAWALIA DRAIN", "DISTANCE FROM RIVER": "6 KM", "REMARKS": null, "Discharge m3/day": 0.0, "remarks_Frank": null, "Y": 28.515889, "X": 77.503556 }, "geometry": { "type": "Point", "coordinates": [ 77.503556, 28.515889 ] } },
{ "type": "Feature", "properties": { "NAME OF THE INDUSTRY AND ADDRESS": "R.S. INFRASTRUCTURE PVT LTD.,PLOT NO.12/1,SITE-C,SURAJPUR,GR. NOIDA", "Sub District": "Surajpur", "District": "Greater Noida", "LATITUDE": "28?30'57.2\"N?", "LONGITUDE": "77?30'12.8\"E", "PRODUCT AND PRODUCTION CAPACITY": "METAL SURFACE TREATMENT", "QUANTITY OF EFFLUENT (KLD)": "12", "STATUS OF EFFLUENT TREATMENT PLANT (ETP)": "INSTALLED", "ADEQUACY": "YES", "EFFLUENT DISPOSAL POINT APPROX": "HAWALIA DRAIN", "DISTANCE FROM RIVER": "12 KM", "REMARKS": null, "Discharge m3/day": 12.0, "remarks_Frank": null, "Y": 28.515889, "X": 77.503556 }, "geometry": { "type": "Point", "coordinates": [ 77.503556, 28.515889 ] } },
{ "type": "Feature", "properties": { "NAME OF THE INDUSTRY AND ADDRESS": "INDIA YAMAHA MOTOR (P) LTD.,NOIDA-DADRI ROAD,GR. NOIDA", "Sub District": "Dadri", "District": "Greater Noida", "LATITUDE": "28?31'13.9\"N", "LONGITUDE": "77?30'32.1\"E", "PRODUCT AND PRODUCTION CAPACITY": "AUTOMOBILE", "QUANTITY OF EFFLUENT (KLD)": "1800", "STATUS OF EFFLUENT TREATMENT PLANT (ETP)": "INSTALLED", "ADEQUACY": "YES", "EFFLUENT DISPOSAL POINT APPROX": "YAMAHA DRAIN", "DISTANCE FROM RIVER": "16 KM", "REMARKS": null, "Discharge m3/day": 1800.0, "remarks_Frank": null, "Y": 28.520528, "X": 77.508917 }, "geometry": { "type": "Point", "coordinates": [ 77.508917, 28.520528 ] } },
{ "type": "Feature", "properties": { "NAME OF THE INDUSTRY AND ADDRESS": "EXCLUSIVE LEATHER,KHASRA NO.2751,VILL. BHURGARI,DASNA", "Sub District": "Dasna", "District": "Ghaziabad", "LATITUDE": "28?40'53.1\"N", "LONGITUDE": "77?30'53.2\"E", "PRODUCT AND PRODUCTION CAPACITY": "SEMI FINISHED LEATHER-2800 PCS/DAY", "QUANTITY OF EFFLUENT (KLD)": "85", "STATUS OF EFFLUENT TREATMENT PLANT (ETP)": "INSTALLED", "ADEQUACY": "ADEQUATE", "EFFLUENT DISPOSAL POINT APPROX": "BHOORGARHI NALA", "DISTANCE FROM RIVER": "APPROX 14 KM", "REMARKS": null, "Discharge m3/day": 85.0, "remarks_Frank": null, "Y": 28.681417, "X": 77.514778 }, "geometry": { "type": "Point", "coordinates": [ 77.514778, 28.681417 ] } },
{ "type": "Feature", "properties": { "NAME OF THE INDUSTRY AND ADDRESS": "KARAN FROZEN FOOD,BHOOR GARI,DASNA, GHAZIABAD (W/O RENDERING PLANT)", "Sub District": "Dasna", "District": "Ghaziabad", "LATITUDE": "28?40'41.2\"N", "LONGITUDE": "77?32'16.9\"E", "PRODUCT AND PRODUCTION CAPACITY": "FROZEN MEAT-29 TON/DAY", "QUANTITY OF EFFLUENT (KLD)": "25", "STATUS OF EFFLUENT TREATMENT PLANT (ETP)": "INSTALLED", "ADEQUACY": "ADEQUATE", "EFFLUENT DISPOSAL POINT APPROX": "BHOORGARHI NALA", "DISTANCE FROM RIVER": "APPROX 14 KM", "REMARKS": null, "Discharge m3/day": 25.0, "remarks_Frank": null, "Y": 28.678111, "X": 77.538028 }, "geometry": { "type": "Point", "coordinates": [ 77.538028, 28.678111 ] } },
{ "type": "Feature", "properties": { "NAME OF THE INDUSTRY AND ADDRESS": "INTERNATONAL AGRO FOODS,(PROCESSING UNIT),KHASRA NO. 2764,VILL. BHOOR GARI,DASNA GHAZIABAD", "Sub District": "Dasna", "District": "Ghaziabad", "LATITUDE": "28?40'47.2\"N", "LONGITUDE": "77?32'24.3\"E", "PRODUCT AND PRODUCTION CAPACITY": "FROZEN MEAT-20 TON/DAY", "QUANTITY OF EFFLUENT (KLD)": "40", "STATUS OF EFFLUENT TREATMENT PLANT (ETP)": "INSTALLED", "ADEQUACY": "ADEQUATE", "EFFLUENT DISPOSAL POINT APPROX": "BHOORGARHI NALA", "DISTANCE FROM RIVER": "APPROX 14 KM", "REMARKS": null, "Discharge m3/day": 40.0, "remarks_Frank": null, "Y": 28.679778, "X": 77.540083 }, "geometry": { "type": "Point", "coordinates": [ 77.540083, 28.679778 ] } },
{ "type": "Feature", "properties": { "NAME OF THE INDUSTRY AND ADDRESS": "TRIYASH ENTERPRISES,KHASRA NO. 2751,VILL. BHOOR GARI,DASNA", "Sub District": "Bhoor Gari", "District": "Ghaziabad", "LATITUDE": "28?40'17.4\"N", "LONGITUDE": "77?32'31.1\"E", "PRODUCT AND PRODUCTION CAPACITY": "SEMI FINISHED LEATHER-2800 PCS/DAY", "QUANTITY OF EFFLUENT (KLD)": "84", "STATUS OF EFFLUENT TREATMENT PLANT (ETP)": "INSTALLED", "ADEQUACY": "ADEQUATE", "EFFLUENT DISPOSAL POINT APPROX": "BHOORGARHI NALA", "DISTANCE FROM RIVER": "APPROX 14 KM", "REMARKS": null, "Discharge m3/day": 84.0, "remarks_Frank": null, "Y": 28.6715, "X": 77.541972 }, "geometry": { "type": "Point", "coordinates": [ 77.541972, 28.6715 ] } },
{ "type": "Feature", "properties": { "NAME OF THE INDUSTRY AND ADDRESS": "M/S TITAWI SUGAR COMPLEX,TITAWI,MUZAFFARNAGAR,U.P", "Sub District": "Titawi", "District": "Muzaffarnagar", "LATITUDE": "29?28'20.5\"N", "LONGITUDE": "77?32'50.4\"E", "PRODUCT AND PRODUCTION CAPACITY": "CRUSHING CAPACITY 10500 TCD", "QUANTITY OF EFFLUENT (KLD)": "800", "STATUS OF EFFLUENT TREATMENT PLANT (ETP)": "INSTALLED", "ADEQUACY": "ADEQUATE", "EFFLUENT DISPOSAL POINT APPROX": "TITAWI DRAIN TO RIVER HINDON", "DISTANCE FROM RIVER": "3 KM", "REMARKS": "RIVER HINDON", "Discharge m3/day": 800.0, "remarks_Frank": null, "Y": 29.472361, "X": 77.547333 }, "geometry": { "type": "Point", "coordinates": [ 77.547333, 29.472361 ] } },
{ "type": "Feature", "properties": { "NAME OF THE INDUSTRY AND ADDRESS": "ASIAN PAINTS LTD.,PLOT NO-A-1,UPSIDC,INDUSTRIAL AREA,SITE-5,GR. NOIDA", "Sub District": "Kasna", "District": "Greater Noida", "LATITUDE": "28?26'10.7\"N", "LONGITUDE": "77?32'59.2\"E", "PRODUCT AND PRODUCTION CAPACITY": "PAINT & VARNISHES", "QUANTITY OF EFFLUENT (KLD)": "500", "STATUS OF EFFLUENT TREATMENT PLANT (ETP)": "INSTALLED", "ADEQUACY": "YES", "EFFLUENT DISPOSAL POINT APPROX": "KOT SCAP", "DISTANCE FROM RIVER": "6 KM", "REMARKS": null, "Discharge m3/day": 500.0, "remarks_Frank": null, "Y": 28.436306, "X": 77.549778 }, "geometry": { "type": "Point", "coordinates": [ 77.549778, 28.436306 ] } },
{ "type": "Feature", "properties": { "NAME OF THE INDUSTRY AND ADDRESS": "SCARED KNIT PROCESSORS,C-75,M.G. ROAD IND. AREA,GHAZIABAD", "Sub District": "M.G. Road", "District": "Ghaziabad", "LATITUDE": "28?38'39.2\"N", "LONGITUDE": "77?34'32.9\"E", "PRODUCT AND PRODUCTION CAPACITY": "YARN/TEXTILE PROCESSING", "QUANTITY OF EFFLUENT (KLD)": "0.3", "STATUS OF EFFLUENT TREATMENT PLANT (ETP)": "INSTALLED", "ADEQUACY": "-", "EFFLUENT DISPOSAL POINT APPROX": "HASANPUR NALA", "DISTANCE FROM RIVER": null, "REMARKS": null, "Discharge m3/day": 0.3, "remarks_Frank": null, "Y": 28.644222, "X": 77.575806 }, "geometry": { "type": "Point", "coordinates": [ 77.575806, 28.644222 ] } },
{ "type": "Feature", "properties": { "NAME OF THE INDUSTRY AND ADDRESS": "ELZA INDIA PVT. LTD.,G-260,M.G. ROAD IND. AREA,HAPUR", "Sub District": "M.G. Road", "District": "Hapur", "LATITUDE": "28?39'17.9\"N", "LONGITUDE": "77?34'54.0\"E", "PRODUCT AND PRODUCTION CAPACITY": "NI PLATING OF METAL JOB WORK MAX.-100 MT/YR", "QUANTITY OF EFFLUENT (KLD)": "1.5", "STATUS OF EFFLUENT TREATMENT PLANT (ETP)": "INSTALLED", "ADEQUACY": "ADEQUATE", "EFFLUENT DISPOSAL POINT APPROX": "HASANPUR NALA", "DISTANCE FROM RIVER": null, "REMARKS": "-", "Discharge m3/day": 1.5, "remarks_Frank": null, "Y": 28.654972, "X": 77.581667 }, "geometry": { "type": "Point", "coordinates": [ 77.581667, 28.654972 ] } },
{ "type": "Feature", "properties": { "NAME OF THE INDUSTRY AND ADDRESS": "GHAZIABAD TECHNO CRAFT CONSULTANT P LTD.,M.G. ROAD I.A. HAPUR", "Sub District": "M.G. Road", "District": "Hapur", "LATITUDE": "28?39'17.9\"N", "LONGITUDE": "77?34'54.0\"E", "PRODUCT AND PRODUCTION CAPACITY": "PAPER", "QUANTITY OF EFFLUENT (KLD)": "30", "STATUS OF EFFLUENT TREATMENT PLANT (ETP)": "INSTALLED", "ADEQUACY": "-", "EFFLUENT DISPOSAL POINT APPROX": "HASANPUR NALA", "DISTANCE FROM RIVER": null, "REMARKS": null, "Discharge m3/day": 30.0, "remarks_Frank": null, "Y": 28.654972, "X": 77.581667 }, "geometry": { "type": "Point", "coordinates": [ 77.581667, 28.654972 ] } },
{ "type": "Feature", "properties": { "NAME OF THE INDUSTRY AND ADDRESS": "GIRDHAR PROCESSORS,G-111,M.G. ROAD IND. AREA,HAPUR", "Sub District": "M.G. Road", "District": "Hapur", "LATITUDE": "28?39'17.9\"N", "LONGITUDE": "77?34'54.0\"E", "PRODUCT AND PRODUCTION CAPACITY": "GREY FABRIC DYEING/BLEACHING/WASHING-5000 METER/DAY", "QUANTITY OF EFFLUENT (KLD)": "28", "STATUS OF EFFLUENT TREATMENT PLANT (ETP)": "INSTALLED", "ADEQUACY": "NOT ADEQUATE", "EFFLUENT DISPOSAL POINT APPROX": "HASANPUR NALA", "DISTANCE FROM RIVER": null, "REMARKS": null, "Discharge m3/day": 28.0, "remarks_Frank": null, "Y": 28.654972, "X": 77.581667 }, "geometry": { "type": "Point", "coordinates": [ 77.581667, 28.654972 ] } },
{ "type": "Feature", "properties": { "NAME OF THE INDUSTRY AND ADDRESS": "HINDUSTAN COCO COLA BEVERAGES PVT LTD.,5th KM MILESTONE,M.G. ROAD, IND. AREA HAPUR", "Sub District": "M.G. Road", "District": "Hapur", "LATITUDE": "28?39'17.9\"N", "LONGITUDE": "77?34'54.0\"E", "PRODUCT AND PRODUCTION CAPACITY": "RGB CSD-803.52 KLD,PET CARBONATED SOFT DRINKS-1409.40 KLD,PACKAGED DRINKING WATER- 288 KLD,PET JUICES-561.60 KLD,FRUIT JUICE-36 KLD", "QUANTITY OF EFFLUENT (KLD)": "1900", "STATUS OF EFFLUENT TREATMENT PLANT (ETP)": "INSTALLED", "ADEQUACY": "ADEQUATE", "EFFLUENT DISPOSAL POINT APPROX": "HASANPUR NALA", "DISTANCE FROM RIVER": null, "REMARKS": null, "Discharge m3/day": 1900.0, "remarks_Frank": null, "Y": 28.654972, "X": 77.581667 }, "geometry": { "type": "Point", "coordinates": [ 77.581667, 28.654972 ] } },
{ "type": "Feature", "properties": { "NAME OF THE INDUSTRY AND ADDRESS": "J.K.M. ELECTRONICS,G-59,M.G. ROAD IND. AREA,HAPUR", "Sub District": "M.G. Road", "District": "Hapur", "LATITUDE": "28?39'17.9\"N", "LONGITUDE": "77?34'54.0\"E", "PRODUCT AND PRODUCTION CAPACITY": "MIKE STAND", "QUANTITY OF EFFLUENT (KLD)": "0", "STATUS OF EFFLUENT TREATMENT PLANT (ETP)": "INSTALLED", "ADEQUACY": "ADEQUATE", "EFFLUENT DISPOSAL POINT APPROX": "HASANPUR NALA", "DISTANCE FROM RIVER": null, "REMARKS": null, "Discharge m3/day": 0.0, "remarks_Frank": null, "Y": 28.654972, "X": 77.581667 }, "geometry": { "type": "Point", "coordinates": [ 77.581667, 28.654972 ] } },
{ "type": "Feature", "properties": { "NAME OF THE INDUSTRY AND ADDRESS": "KARTIKEY PROCESSORS,B-8,9,M.G. ROAD,IND. AREA,HAPUR", "Sub District": "M.G. Road", "District": "Hapur", "LATITUDE": "28?39'17.9\"N", "LONGITUDE": "77?34'54.0\"E", "PRODUCT AND PRODUCTION CAPACITY": "DYEING PRINTING OF FABRIC 4000 MTR/DAY", "QUANTITY OF EFFLUENT (KLD)": "40", "STATUS OF EFFLUENT TREATMENT PLANT (ETP)": "INSTALLED", "ADEQUACY": "ADEQUATE", "EFFLUENT DISPOSAL POINT APPROX": "HASANPUR NALA", "DISTANCE FROM RIVER": null, "REMARKS": null, "Discharge m3/day": 40.0, "remarks_Frank": null, "Y": 28.654972, "X": 77.581667 }, "geometry": { "type": "Point", "coordinates": [ 77.581667, 28.654972 ] } },
{ "type": "Feature", "properties": { "NAME OF THE INDUSTRY AND ADDRESS": "THE EXPERTS,G-435,M.G. ROAD IND. AREA,HAPUR", "Sub District": "M.G. Road", "District": "Hapur", "LATITUDE": "28?39'17.9\"N", "LONGITUDE": "77?34'54.0\"E", "PRODUCT AND PRODUCTION CAPACITY": "ARTIFICIAL JEWELERY-1500 PCS/DAY", "QUANTITY OF EFFLUENT (KLD)": "1", "STATUS OF EFFLUENT TREATMENT PLANT (ETP)": "INSTALLED", "ADEQUACY": "ADEQUATE", "EFFLUENT DISPOSAL POINT APPROX": "HASANPUR NALA", "DISTANCE FROM RIVER": null, "REMARKS": null, "Discharge m3/day": 1.0, "remarks_Frank": null, "Y": 28.654972, "X": 77.581667 }, "geometry": { "type": "Point", "coordinates": [ 77.581667, 28.654972 ] } },
{ "type": "Feature", "properties": { "NAME OF THE INDUSTRY AND ADDRESS": "SARADHNA PAPER MILLS LTD,SARADHNA,MEERUT", "Sub District": "Saradhna", "District": "Meerut", "LATITUDE": "29?08'42.6\"N", "LONGITUDE": "77?36'57.1\"E", "PRODUCT AND PRODUCTION CAPACITY": "WASTE PAPER BASED- CRAFT PAPER-100 TCD", "QUANTITY OF EFFLUENT (KLD)": "1100 KLD", "STATUS OF EFFLUENT TREATMENT PLANT (ETP)": "INSTALLED", "ADEQUACY": "ADEQUATE", "EFFLUENT DISPOSAL POINT APPROX": "SARADHNA DRAIN", "DISTANCE FROM RIVER": "10 KM", "REMARKS": "HINDON RIVER", "Discharge m3/day": 1100.0, "remarks_Frank": null, "Y": 29.145167, "X": 77.615861 }, "geometry": { "type": "Point", "coordinates": [ 77.615861, 29.145167 ] } },
{ "type": "Feature", "properties": { "NAME OF THE INDUSTRY AND ADDRESS": "SLAUGHTER HOUSE OF NAGAR PANCHAYAT,FARID NAGAR,GHAZIABAD", "Sub District": "Farid Nagar", "District": "Ghaziabad", "LATITUDE": "28?46'26.0\"N", "LONGITUDE": "77?37'32.9\"E", "PRODUCT AND PRODUCTION CAPACITY": "SLAUGHTER HOUSE & MEAT PROCESSING", "QUANTITY OF EFFLUENT (KLD)": "0", "STATUS OF EFFLUENT TREATMENT PLANT (ETP)": "-", "ADEQUACY": "-", "EFFLUENT DISPOSAL POINT APPROX": "-", "DISTANCE FROM RIVER": "-", "REMARKS": null, "Discharge m3/day": 0.0, "remarks_Frank": null, "Y": 28.773889, "X": 77.625806 }, "geometry": { "type": "Point", "coordinates": [ 77.625806, 28.773889 ] } },
{ "type": "Feature", "properties": { "NAME OF THE INDUSTRY AND ADDRESS": "A.L.M INDUSTRIES (MEAT PROCESSING UNIT) HARODA,SAHARANPUR", "Sub District": "Haroda", "District": "Saharanpur", "LATITUDE": "29?59'08.3\"N", "LONGITUDE": "77?40'10.0\"E", "PRODUCT AND PRODUCTION CAPACITY": "FROZEN MEAT 75 MT/DAY", "QUANTITY OF EFFLUENT (KLD)": "0", "STATUS OF EFFLUENT TREATMENT PLANT (ETP)": "INSTALLED", "ADEQUACY": "OPERATIONAL", "EFFLUENT DISPOSAL POINT APPROX": "ON LAND", "DISTANCE FROM RIVER": "1.5 KM", "REMARKS": "HINDON RIVER", "Discharge m3/day": 0.0, "remarks_Frank": null, "Y": 29.985639, "X": 77.669444 }, "geometry": { "type": "Point", "coordinates": [ 77.669444, 29.985639 ] } },
{ "type": "Feature", "properties": { "NAME OF THE INDUSTRY AND ADDRESS": "A.L.M INDUSTRIES (SLAGHTER HOUSE UNIT) HARODA,SAHARANPUR", "Sub District": "Haroda", "District": "Saharanpur", "LATITUDE": "29?59'08.3\"N", "LONGITUDE": "77?40'10.0\"E", "PRODUCT AND PRODUCTION CAPACITY": "RAW MEAT 180 MT/DAY", "QUANTITY OF EFFLUENT (KLD)": "0", "STATUS OF EFFLUENT TREATMENT PLANT (ETP)": "INSTALLED", "ADEQUACY": "OPERATIONAL", "EFFLUENT DISPOSAL POINT APPROX": "ON LAND", "DISTANCE FROM RIVER": "1.5 KM", "REMARKS": "HINDON RIVER", "Discharge m3/day": 0.0, "remarks_Frank": null, "Y": 29.985639, "X": 77.669444 }, "geometry": { "type": "Point", "coordinates": [ 77.669444, 29.985639 ] } },
{ "type": "Feature", "properties": { "NAME OF THE INDUSTRY AND ADDRESS": "M/S SUYASH KRAFT & PAPERS,VILL. VEHALANA,MEERUT ROAD,MUZAFFARNAGAR,U.P", "Sub District": "Vehalana", "District": "Muzaffarnagar", "LATITUDE": "29?25'26.1\"N", "LONGITUDE": "77?41'01.9\"E", "PRODUCT AND PRODUCTION CAPACITY": "KRAFT PAPER 100 MTD", "QUANTITY OF EFFLUENT (KLD)": "1000", "STATUS OF EFFLUENT TREATMENT PLANT (ETP)": "INSTALLED", "ADEQUACY": "ADEQUATE", "EFFLUENT DISPOSAL POINT APPROX": "DHANDHERA NALA/KALI (WEST)", "DISTANCE FROM RIVER": "25 KM", "REMARKS": "RIVER KALI WEST", "Discharge m3/day": 1000.0, "remarks_Frank": null, "Y": 29.423917, "X": 77.683861 }, "geometry": { "type": "Point", "coordinates": [ 77.683861, 29.423917 ] } },
{ "type": "Feature", "properties": { "NAME OF THE INDUSTRY AND ADDRESS": "M/S GALAXY PAPERS PVT LTD,9.4 KM,VILL. DHANDHERA,JOLLY ROAD,MUZAFFARNAGAR,U.P", "Sub District": "Dhandhera", "District": "Muzaffarnagar", "LATITUDE": "29?28'07.4\"N", "LONGITUDE": "77?42'49.4\"E", "PRODUCT AND PRODUCTION CAPACITY": "GREY BOARD & KRAFT PAPER 15 TPD", "QUANTITY OF EFFLUENT (KLD)": "ZERO LIQUID DISCHARGE", "STATUS OF EFFLUENT TREATMENT PLANT (ETP)": "INSTALLED", "ADEQUACY": "ADEQUATE", "EFFLUENT DISPOSAL POINT APPROX": "ZERO LIQUID DISCHARGE", "DISTANCE FROM RIVER": "25 KM", "REMARKS": "ZERO LIQUID DISCHARGE UNIT", "Discharge m3/day": 0.0, "remarks_Frank": "adjusted to 0", "Y": 29.468722, "X": 77.713722 }, "geometry": { "type": "Point", "coordinates": [ 77.713722, 29.468722 ] } },
{ "type": "Feature", "properties": { "NAME OF THE INDUSTRY AND ADDRESS": "M/S MEENU PAPER MILLS PVT LTD. 9.5 KM BHOPA ROAD,MUZAFFARNAGAR,U.P", "Sub District": "Bhandura", "District": "Muzaffarnagar", "LATITUDE": "29?28'24.1\"N", "LONGITUDE": "77?43'20.7\"E", "PRODUCT AND PRODUCTION CAPACITY": "KRAFT PAPER 150 TPD", "QUANTITY OF EFFLUENT (KLD)": "240", "STATUS OF EFFLUENT TREATMENT PLANT (ETP)": "INSTALLED", "ADEQUACY": "ADEQUATE", "EFFLUENT DISPOSAL POINT APPROX": "DHANDHERA NALA/KALI (WEST)", "DISTANCE FROM RIVER": "25 KM", "REMARKS": "RIVER KALI WEST", "Discharge m3/day": 240.0, "remarks_Frank": null, "Y": 29.473361, "X": 77.722417 }, "geometry": { "type": "Point", "coordinates": [ 77.722417, 29.473361 ] } },
{ "type": "Feature", "properties": { "NAME OF THE INDUSTRY AND ADDRESS": "SHAKUMBHRI PULP & PAPER MILLS LTD.,4.5 KM STONE,BHOPA ROAD,MUZAFFARNAGAR", "Sub District": "Bhandura", "District": "Muzaffarnagar", "LATITUDE": "29?28'24.8\"N", "LONGITUDE": "77?44'31.0\"E", "PRODUCT AND PRODUCTION CAPACITY": "KRAFT PAPER 70 TPD", "QUANTITY OF EFFLUENT (KLD)": "420", "STATUS OF EFFLUENT TREATMENT PLANT (ETP)": "INSTALLED", "ADEQUACY": "ADEQUATE", "EFFLUENT DISPOSAL POINT APPROX": "KUKRA DRAIN/KALI (WEST)", "DISTANCE FROM RIVER": "25 KM", "REMARKS": "RIVER KALI WEST", "Discharge m3/day": 420.0, "remarks_Frank": null, "Y": 29.473556, "X": 77.741944 }, "geometry": { "type": "Point", "coordinates": [ 77.741944, 29.473556 ] } },
{ "type": "Feature", "properties": { "NAME OF THE INDUSTRY AND ADDRESS": "M/S K.K. DUPLEX PVT LTD. JANSATH ROAD,MUZAFFARNAGAR,U.P", "Sub District": "Jansath Road", "District": "Muzaffarnagar", "LATITUDE": "29?25'02.2\"N", "LONGITUDE": "77?45'35.4\"E", "PRODUCT AND PRODUCTION CAPACITY": "KRAFT PAPER 60 TPD", "QUANTITY OF EFFLUENT (KLD)": "360", "STATUS OF EFFLUENT TREATMENT PLANT (ETP)": "INSTALLED", "ADEQUACY": "ADEQUATE", "EFFLUENT DISPOSAL POINT APPROX": "DHANDHERA NALA/KALI (WEST)", "DISTANCE FROM RIVER": "25 KM", "REMARKS": "RIVER KALI WEST", "Discharge m3/day": 360.0, "remarks_Frank": null, "Y": 29.417278, "X": 77.759833 }, "geometry": { "type": "Point", "coordinates": [ 77.759833, 29.417278 ] } },
{ "type": "Feature", "properties": { "NAME OF THE INDUSTRY AND ADDRESS": "M/S MAHALAXMI CRAFTS & TISSUES PVT. LTD. 9th KM,JANSATH ROAD,MUZAFFARNAGAR,U.P", "Sub District": "Jansath Road", "District": "Muzaffarnagar", "LATITUDE": "29?25'02.2\"N", "LONGITUDE": "77?45'35.4\"E", "PRODUCT AND PRODUCTION CAPACITY": "KRAFT PAPER 100 TPD", "QUANTITY OF EFFLUENT (KLD)": "600", "STATUS OF EFFLUENT TREATMENT PLANT (ETP)": "INSTALLED", "ADEQUACY": "ADEQUATE", "EFFLUENT DISPOSAL POINT APPROX": "DHANDHERA NALA/KALI (WEST)", "DISTANCE FROM RIVER": "25 KM", "REMARKS": "RIVER KALI WEST", "Discharge m3/day": 600.0, "remarks_Frank": null, "Y": 29.417278, "X": 77.759833 }, "geometry": { "type": "Point", "coordinates": [ 77.759833, 29.417278 ] } },
{ "type": "Feature", "properties": { "NAME OF THE INDUSTRY AND ADDRESS": "M/S SIDDHESHWARI INDUSTRIES PVT. LTD. 8.5 KM.,JANSATH ROAD,MUZAFFARNAGAR,U.P", "Sub District": "Jansath Road", "District": "Muzaffarnagar", "LATITUDE": "29?25'02.2\"N", "LONGITUDE": "77?45'35.4\"E", "PRODUCT AND PRODUCTION CAPACITY": "KRAFT PAPER 200 TPD", "QUANTITY OF EFFLUENT (KLD)": "1200", "STATUS OF EFFLUENT TREATMENT PLANT (ETP)": "INSTALLED", "ADEQUACY": "ADEQUATE", "EFFLUENT DISPOSAL POINT APPROX": "DHANDHERA NALA/KALI (WEST)", "DISTANCE FROM RIVER": "25 KM", "REMARKS": "RIVER KALI WEST", "Discharge m3/day": 1200.0, "remarks_Frank": null, "Y": 29.417278, "X": 77.759833 }, "geometry": { "type": "Point", "coordinates": [ 77.759833, 29.417278 ] } },
{ "type": "Feature", "properties": { "NAME OF THE INDUSTRY AND ADDRESS": "M/S RATI PUSHP INTERMEDIATES PVT. LTD. 8TH KM.,JANSATH ROAD,MUZAFFARNAGAR,U.P", "Sub District": "Jansath Road", "District": "Muzaffarnagar", "LATITUDE": "29?25'02.2\"N", "LONGITUDE": "77?45'35.4\"E", "PRODUCT AND PRODUCTION CAPACITY": "L-BASE 360 KG, D-BASE 1040 KG,CHLORAMPHENICAL POWDER 600 KG,CHLOREMPHENICAL POMITATE 390 KG(QTY PER MONTH)", "QUANTITY OF EFFLUENT (KLD)": "ZERO LIQUID DISCHARGE", "STATUS OF EFFLUENT TREATMENT PLANT (ETP)": "INSTALLED", "ADEQUACY": "ADEQUATE", "EFFLUENT DISPOSAL POINT APPROX": "ZERO LIQUID DISCHARGE", "DISTANCE FROM RIVER": "25 KM", "REMARKS": "ZERO LIQUID DISCHARGE UNIT", "Discharge m3/day": 0.0, "remarks_Frank": "adjusted to 0", "Y": 29.417278, "X": 77.759833 }, "geometry": { "type": "Point", "coordinates": [ 77.759833, 29.417278 ] } },
{ "type": "Feature", "properties": { "NAME OF THE INDUSTRY AND ADDRESS": "M/S SILVERTON PULP & PAPERS PVT LTD. 9th KM,BHOPA ROAD,MUZAFFARNAGAR,U.P", "Sub District": "Bhandura", "District": "Muzaffarnagar", "LATITUDE": "29?28'00.4\"N", "LONGITUDE": "77?47'18.8\"E", "PRODUCT AND PRODUCTION CAPACITY": "KRAFT PAPER 200 TPD", "QUANTITY OF EFFLUENT (KLD)": "1200", "STATUS OF EFFLUENT TREATMENT PLANT (ETP)": "INSTALLED", "ADEQUACY": "ADEQUATE", "EFFLUENT DISPOSAL POINT APPROX": "DHANDHERA NALA/KALI (WEST)", "DISTANCE FROM RIVER": "25 KM", "REMARKS": "RIVER KALI WEST", "Discharge m3/day": 1200.0, "remarks_Frank": null, "Y": 29.466778, "X": 77.788556 }, "geometry": { "type": "Point", "coordinates": [ 77.788556, 29.466778 ] } },
{ "type": "Feature", "properties": { "NAME OF THE INDUSTRY AND ADDRESS": "M/S SILVERTON PAPERS LTD. (UNIT-1),9th KM,BHOPA ROAD,MUZAFFARNAGAR,U.P", "Sub District": "Bhandura", "District": "Muzaffarnagar", "LATITUDE": "29?28'00.4\"N", "LONGITUDE": "77?47'18.8\"E", "PRODUCT AND PRODUCTION CAPACITY": "KRAFT PAPER 180 TPD", "QUANTITY OF EFFLUENT (KLD)": "1800", "STATUS OF EFFLUENT TREATMENT PLANT (ETP)": "INSTALLED", "ADEQUACY": "ADEQUATE", "EFFLUENT DISPOSAL POINT APPROX": "DHANDHERA NALA/KALI (WEST)", "DISTANCE FROM RIVER": "25 KM", "REMARKS": "RIVER KALI WEST", "Discharge m3/day": 1800.0, "remarks_Frank": null, "Y": 29.466778, "X": 77.788556 }, "geometry": { "type": "Point", "coordinates": [ 77.788556, 29.466778 ] } },
{ "type": "Feature", "properties": { "NAME OF THE INDUSTRY AND ADDRESS": "M/S SILVERTOnN PAPERS LTD. (UNIT-2),9th KM,BHOPA ROAD,MUZAFFARNAGAR,U.P", "Sub District": "Bhandura", "District": "Muzaffarnagar", "LATITUDE": "29?28'00.4\"N", "LONGITUDE": "77?47'18.8\"E", "PRODUCT AND PRODUCTION CAPACITY": "KRAFT PAPER 150 TPD", "QUANTITY OF EFFLUENT (KLD)": "900", "STATUS OF EFFLUENT TREATMENT PLANT (ETP)": "INSTALLED", "ADEQUACY": "ADEQUATE", "EFFLUENT DISPOSAL POINT APPROX": "DHANDHERA NALA/KALI (WEST)", "DISTANCE FROM RIVER": "25 KM", "REMARKS": "RIVER KALI WEST", "Discharge m3/day": 900.0, "remarks_Frank": null, "Y": 29.466778, "X": 77.788556 }, "geometry": { "type": "Point", "coordinates": [ 77.788556, 29.466778 ] } },
{ "type": "Feature", "properties": { "NAME OF THE INDUSTRY AND ADDRESS": "M/S SHREE BHAGESHWARI PAPERS PVT LTD (UNIT-1) 9th KM BHOPA ROAD,MUZAFFARNAGAR,U.P", "Sub District": "Bhandura", "District": "Muzaffarnagar", "LATITUDE": "29?28'11.6\"N", "LONGITUDE": "77?47'25.2\"E", "PRODUCT AND PRODUCTION CAPACITY": "KRAFT PAPER 100 TPD", "QUANTITY OF EFFLUENT (KLD)": "1100", "STATUS OF EFFLUENT TREATMENT PLANT (ETP)": "INSTALLED", "ADEQUACY": "ADEQUATE", "EFFLUENT DISPOSAL POINT APPROX": "DHANDHERA NALA/KALI (WEST)", "DISTANCE FROM RIVER": "25 KM", "REMARKS": "RIVER KALI WEST", "Discharge m3/day": 1100.0, "remarks_Frank": null, "Y": 29.469889, "X": 77.790333 }, "geometry": { "type": "Point", "coordinates": [ 77.790333, 29.469889 ] } },
{ "type": "Feature", "properties": { "NAME OF THE INDUSTRY AND ADDRESS": "M/S SHREE BHAGESHWARI PAPERS PVT LTD (UNIT-2) 9th KM BHOPA ROAD,MUZAFFARNAGAR,U.P", "Sub District": "Bhandura", "District": "Muzaffarnagar", "LATITUDE": "29?28'11.6\"N", "LONGITUDE": "77?47'25.2\"E", "PRODUCT AND PRODUCTION CAPACITY": "WRITING PRINTING PAPER 100 TPD", "QUANTITY OF EFFLUENT (KLD)": "1500", "STATUS OF EFFLUENT TREATMENT PLANT (ETP)": "INSTALLED", "ADEQUACY": "ADEQUATE", "EFFLUENT DISPOSAL POINT APPROX": "DHANDHERA NALA/KALI (WEST)", "DISTANCE FROM RIVER": "25 KM", "REMARKS": "RIVER KALI WEST", "Discharge m3/day": 1500.0, "remarks_Frank": null, "Y": 29.469889, "X": 77.790333 }, "geometry": { "type": "Point", "coordinates": [ 77.790333, 29.469889 ] } },
{ "type": "Feature", "properties": { "NAME OF THE INDUSTRY AND ADDRESS": "M/S BINDALS PAPERS MILLS LTD,BHOPA ROAD,MUZAFFARNAGAR,U.P", "Sub District": "Bhandura", "District": "Muzaffarnagar", "LATITUDE": "29?28'22.7\"N", "LONGITUDE": "77?47'28.1\"E", "PRODUCT AND PRODUCTION CAPACITY": "WRITING PRINTING PAPER 300 TPD", "QUANTITY OF EFFLUENT (KLD)": "9860", "STATUS OF EFFLUENT TREATMENT PLANT (ETP)": "INSTALLED", "ADEQUACY": "ADEQUATE", "EFFLUENT DISPOSAL POINT APPROX": "DHANDHERA NALA/KALI (WEST)", "DISTANCE FROM RIVER": "25 KM", "REMARKS": "RIVER KALI WEST", "Discharge m3/day": 9860.0, "remarks_Frank": null, "Y": 29.472972, "X": 77.791139 }, "geometry": { "type": "Point", "coordinates": [ 77.791139, 29.472972 ] } },
{ "type": "Feature", "properties": { "NAME OF THE INDUSTRY AND ADDRESS": "M/S TEHRI PULP & PAPER LTD. (UNIT-1),9th KM STONE,BHOPA ROAD,MUZAFFARNAGAR,U.P", "Sub District": "Bhandura", "District": "Muzaffarnagar", "LATITUDE": "29?28'17.4\"N", "LONGITUDE": "77?47'39.3\"E", "PRODUCT AND PRODUCTION CAPACITY": "KRAFT PAPER 250 TPD", "QUANTITY OF EFFLUENT (KLD)": "3100", "STATUS OF EFFLUENT TREATMENT PLANT (ETP)": "INSTALLED", "ADEQUACY": "ADEQUATE", "EFFLUENT DISPOSAL POINT APPROX": null, "DISTANCE FROM RIVER": "25 KM", "REMARKS": "RIVER KALI WEST", "Discharge m3/day": 3100.0, "remarks_Frank": null, "Y": 29.4715, "X": 77.79425 }, "geometry": { "type": "Point", "coordinates": [ 77.79425, 29.4715 ] } },
{ "type": "Feature", "properties": { "NAME OF THE INDUSTRY AND ADDRESS": "M/S TEHRI PULP & PAPER LTD. (UNIT-2),9th KM STONE,BHOPA ROAD,MUZAFFARNAGAR,U.P", "Sub District": "Bhandura", "District": "Muzaffarnagar", "LATITUDE": "29?28'17.4\"N", "LONGITUDE": "77?47'39.3\"E", "PRODUCT AND PRODUCTION CAPACITY": "KRAFT PAPER 200 TPD", "QUANTITY OF EFFLUENT (KLD)": "1200", "STATUS OF EFFLUENT TREATMENT PLANT (ETP)": "INSTALLED", "ADEQUACY": "ADEQUATE", "EFFLUENT DISPOSAL POINT APPROX": "DHANDHERA NALA/KALI (WEST)", "DISTANCE FROM RIVER": "25 KM", "REMARKS": "RIVER KALI WEST", "Discharge m3/day": 1200.0, "remarks_Frank": null, "Y": 29.4715, "X": 77.79425 }, "geometry": { "type": "Point", "coordinates": [ 77.79425, 29.4715 ] } },
{ "type": "Feature", "properties": { "NAME OF THE INDUSTRY AND ADDRESS": "M/S BINDLAS DUPLEX LTD. (UNIT-2),BHOPA ROAD,MUZAFFARNAGAR,U.P", "Sub District": "Bhandura", "District": "Muzaffarnagar", "LATITUDE": "29?28'16.8\"N", "LONGITUDE": "77?48'22.1\"E", "PRODUCT AND PRODUCTION CAPACITY": "DUPLEX BOARD 100 TPD", "QUANTITY OF EFFLUENT (KLD)": "900", "STATUS OF EFFLUENT TREATMENT PLANT (ETP)": "INSTALLED", "ADEQUACY": "ADEQUATE", "EFFLUENT DISPOSAL POINT APPROX": "BHANDURA/JAT MUJHERA DRAIN/DHANDHERA DRAIN TO KALI WEST", "DISTANCE FROM RIVER": "25 KM", "REMARKS": "RIVER KALI WEST", "Discharge m3/day": 900.0, "remarks_Frank": null, "Y": 29.471333, "X": 77.806139 }, "geometry": { "type": "Point", "coordinates": [ 77.806139, 29.471333 ] } },
{ "type": "Feature", "properties": { "NAME OF THE INDUSTRY AND ADDRESS": "M/S UTTAM SUGAR MILLS LTD. VILL. KHAIKHERI,TEH. & DISTT. MUZAFFARNAGAR,U.P", "Sub District": "Khaikheri", "District": "Muzaffarnagar", "LATITUDE": "29?36'24.6\"N", "LONGITUDE": "77?50'28.3\"E", "PRODUCT AND PRODUCTION CAPACITY": "CRUSHING CAPACITY 4500 TCD", "QUANTITY OF EFFLUENT (KLD)": "400", "STATUS OF EFFLUENT TREATMENT PLANT (ETP)": "INSTALLED", "ADEQUACY": "ADEQUATE", "EFFLUENT DISPOSAL POINT APPROX": "STORM WATER DRAIN TO KALI WEST", "DISTANCE FROM RIVER": "25 KM", "REMARKS": "RIVER KALI WEST", "Discharge m3/day": 400.0, "remarks_Frank": null, "Y": 29.606833, "X": 77.841194 }, "geometry": { "type": "Point", "coordinates": [ 77.841194, 29.606833 ] } },
{ "type": "Feature", "properties": { "NAME OF THE INDUSTRY AND ADDRESS": "SHANTI NATH MANUFACTURES,A-2/14,KAVI NAGAR IND. AREA,GHAZIABAD", "Sub District": "Kavi nagar", "District": "Ghaziabad", "LATITUDE": "28?39'32.9\"N", "LONGITUDE": "28?39'32.9\"N", "PRODUCT AND PRODUCTION CAPACITY": "BATHROOM FITTING-200 KG/DAY", "QUANTITY OF EFFLUENT (KLD)": "0.8", "STATUS OF EFFLUENT TREATMENT PLANT (ETP)": "INSTALLED", "ADEQUACY": "ADEQUATE", "EFFLUENT DISPOSAL POINT APPROX": "B.S. ROAD IND. DRAIN", "DISTANCE FROM RIVER": "APPROX 5 KM", "REMARKS": null, "Discharge m3/day": 0.8, "remarks_Frank": "Longitude is not correct, 28.659890644990632, 77.46165149419235", "Y": 28.659139, "X": 77.46165149 }, "geometry": { "type": "Point", "coordinates": [ 77.46165149, 28.659139 ] } },
{ "type": "Feature", "properties": { "NAME OF THE INDUSTRY AND ADDRESS": "ADVANCE STEEL TUBE LTD. 45/3 ,SITE-4,SAHIBABAD IND. AREA,GHAZIABAD", "Sub District": "Sahibabad", "District": "Ghaziabad", "LATITUDE": "28?47'18.3\"N", "LONGITUDE": "77?15'33.2\"E", "PRODUCT AND PRODUCTION CAPACITY": "G.I./BLACK PIPE/MS STRUCTURE -199 TON/MONTH ,2552 TON/MONTH,75564 TON/MONTH", "QUANTITY OF EFFLUENT (KLD)": "14", "STATUS OF EFFLUENT TREATMENT PLANT (ETP)": "INSTALLED", "ADEQUACY": "ADEQUATE", "EFFLUENT DISPOSAL POINT APPROX": "SBD DRAIN", "DISTANCE FROM RIVER": "APPROX 5 KM", "REMARKS": null, "Discharge m3/day": 14.0, "remarks_Frank": null, "Y": 28.788417, "X": 77.259222 }, "geometry": { "type": "Point", "coordinates": [ 77.259222, 28.788417 ] } },
{ "type": "Feature", "properties": { "NAME OF THE INDUSTRY AND ADDRESS": "AIRTECH PVT LTD.,20/7,SITE-4,SAHIBABAD IND. AREA,GHAZIABAD", "Sub District": "Sahibabad", "District": "Ghaziabad", "LATITUDE": "28?47'18.3\"N", "LONGITUDE": "77?15'33.2\"E", "PRODUCT AND PRODUCTION CAPACITY": "BRASS STEEL FURNITURE-60 NOS/DAY", "QUANTITY OF EFFLUENT (KLD)": "6", "STATUS OF EFFLUENT TREATMENT PLANT (ETP)": "INSTALLED", "ADEQUACY": "ADEQUATE", "EFFLUENT DISPOSAL POINT APPROX": "SBD DRAIN", "DISTANCE FROM RIVER": "APPROX 5 KM", "REMARKS": null, "Discharge m3/day": 6.0, "remarks_Frank": null, "Y": 28.788417, "X": 77.259222 }, "geometry": { "type": "Point", "coordinates": [ 77.259222, 28.788417 ] } },
{ "type": "Feature", "properties": { "NAME OF THE INDUSTRY AND ADDRESS": "ARIHANT DYEING (SAI DENIM),20/2/13,SITE-4,SAHIBABAD,GHAZIAD", "Sub District": "Sahibabad", "District": "Ghaziabad", "LATITUDE": "28?47'18.3\"N", "LONGITUDE": "77?15'33.2\"E", "PRODUCT AND PRODUCTION CAPACITY": "GARMENT DYEING/WASHING-1500 PCS/DAY", "QUANTITY OF EFFLUENT (KLD)": "50", "STATUS OF EFFLUENT TREATMENT PLANT (ETP)": "INSTALLED", "ADEQUACY": "NOT ADEQUATE", "EFFLUENT DISPOSAL POINT APPROX": "SBD DRAIN", "DISTANCE FROM RIVER": "APPROX 5 KM", "REMARKS": null, "Discharge m3/day": 50.0, "remarks_Frank": null, "Y": 28.788417, "X": 77.259222 }, "geometry": { "type": "Point", "coordinates": [ 77.259222, 28.788417 ] } },
{ "type": "Feature", "properties": { "NAME OF THE INDUSTRY AND ADDRESS": "COLOUR TUCH,56/28,SITE-4,SAHIBABAD IND. AREA,GHAZIABAD", "Sub District": "Sahibabad", "District": "Ghaziabad", "LATITUDE": "28?47'18.3\"N", "LONGITUDE": "77?15'33.2\"E", "PRODUCT AND PRODUCTION CAPACITY": "GARMENTS DYEING & WASHING-500 KG/DAY", "QUANTITY OF EFFLUENT (KLD)": "48", "STATUS OF EFFLUENT TREATMENT PLANT (ETP)": "INSTALLED", "ADEQUACY": "ADEQUATE", "EFFLUENT DISPOSAL POINT APPROX": "SBD DRAIN", "DISTANCE FROM RIVER": "APPROX 5 KM", "REMARKS": null, "Discharge m3/day": 48.0, "remarks_Frank": null, "Y": 28.788417, "X": 77.259222 }, "geometry": { "type": "Point", "coordinates": [ 77.259222, 28.788417 ] } },
{ "type": "Feature", "properties": { "NAME OF THE INDUSTRY AND ADDRESS": "FIRGO RIFFICO ALANA LTD.,A-15,SITE-4,SAHIBABAD IND. AREA,GHAZIABAD", "Sub District": "Sahibabad", "District": "Ghaziabad", "LATITUDE": "28?47'18.3\"N", "LONGITUDE": "77?15'33.2\"E", "PRODUCT AND PRODUCTION CAPACITY": "FROZEN MEAT-75 TON/DAY", "QUANTITY OF EFFLUENT (KLD)": "50", "STATUS OF EFFLUENT TREATMENT PLANT (ETP)": "INSTALLED", "ADEQUACY": "ADEQUATE", "EFFLUENT DISPOSAL POINT APPROX": "SBD DRAIN", "DISTANCE FROM RIVER": "APPROX 5 KM", "REMARKS": null, "Discharge m3/day": 50.0, "remarks_Frank": null, "Y": 28.788417, "X": 77.259222 }, "geometry": { "type": "Point", "coordinates": [ 77.259222, 28.788417 ] } },
{ "type": "Feature", "properties": { "NAME OF THE INDUSTRY AND ADDRESS": "FRIGO RIFFICO ALANA LTD.,UNIT-2,A-14/1,SITE-4,SAHIBABAD IND. AREA,GHAZIABAD.(ONLY RENDERING)", "Sub District": "Sahibabad", "District": "Ghaziabad", "LATITUDE": "28?47'18.3\"N", "LONGITUDE": "77?15'33.2\"E", "PRODUCT AND PRODUCTION CAPACITY": "MEAT MEAL/BONE MEAL- 30 MT/D,TALOW-08 MT/D", "QUANTITY OF EFFLUENT (KLD)": "25", "STATUS OF EFFLUENT TREATMENT PLANT (ETP)": "INSTALLED", "ADEQUACY": "ADEQUATE", "EFFLUENT DISPOSAL POINT APPROX": "SBD DRAIN", "DISTANCE FROM RIVER": "APPROX 5 KM", "REMARKS": null, "Discharge m3/day": 25.0, "remarks_Frank": null, "Y": 28.788417, "X": 77.259222 }, "geometry": { "type": "Point", "coordinates": [ 77.259222, 28.788417 ] } },
{ "type": "Feature", "properties": { "NAME OF THE INDUSTRY AND ADDRESS": "GANGA PROCESSORS,18/11,SITE-4,SAHIBABAD IND. AREA,GHAZIABAD", "Sub District": "Sahibabad", "District": "Ghaziabad", "LATITUDE": "28?47'18.3\"N", "LONGITUDE": "77?15'33.2\"E", "PRODUCT AND PRODUCTION CAPACITY": "FABRIC DYEING-4000 MTR/DAY", "QUANTITY OF EFFLUENT (KLD)": "65", "STATUS OF EFFLUENT TREATMENT PLANT (ETP)": "INSTALLED", "ADEQUACY": "ADEQUATE", "EFFLUENT DISPOSAL POINT APPROX": "SBD DRAIN", "DISTANCE FROM RIVER": "APPROX 5 KM", "REMARKS": null, "Discharge m3/day": 65.0, "remarks_Frank": null, "Y": 28.788417, "X": 77.259222 }, "geometry": { "type": "Point", "coordinates": [ 77.259222, 28.788417 ] } },
{ "type": "Feature", "properties": { "NAME OF THE INDUSTRY AND ADDRESS": "GLOBAL INDUSTRIES,A-38/1/9,SITE-4,SAHIBABAD IND. AREA,GHAZIABAD", "Sub District": "Sahibabad", "District": "Ghaziabad", "LATITUDE": "28?47'18.3\"N", "LONGITUDE": "77?15'33.2\"E", "PRODUCT AND PRODUCTION CAPACITY": "READYMADE GARMENT DYEING/WASHING-1000 PCS/DAY", "QUANTITY OF EFFLUENT (KLD)": "30", "STATUS OF EFFLUENT TREATMENT PLANT (ETP)": "INSTALLED", "ADEQUACY": "ADEQUATE", "EFFLUENT DISPOSAL POINT APPROX": "SBD DRAIN", "DISTANCE FROM RIVER": "APPROX 5 KM", "REMARKS": null, "Discharge m3/day": 30.0, "remarks_Frank": null, "Y": 28.788417, "X": 77.259222 }, "geometry": { "type": "Point", "coordinates": [ 77.259222, 28.788417 ] } },
{ "type": "Feature", "properties": { "NAME OF THE INDUSTRY AND ADDRESS": "GOYAL CANVAS PVT LTD.,18/43,SITE-4,SAHIBABAD IND. AREA,GHAZIABAD", "Sub District": "Sahibabad", "District": "Ghaziabad", "LATITUDE": "28?47'18.3\"N", "LONGITUDE": "77?15'33.2\"E", "PRODUCT AND PRODUCTION CAPACITY": "CANVAS DYEING-1000 METER/DAY", "QUANTITY OF EFFLUENT (KLD)": "0.8", "STATUS OF EFFLUENT TREATMENT PLANT (ETP)": "INSTALLED", "ADEQUACY": "ADEQUATE", "EFFLUENT DISPOSAL POINT APPROX": "SBD DRAIN", "DISTANCE FROM RIVER": "APPROX 5 KM", "REMARKS": null, "Discharge m3/day": 0.8, "remarks_Frank": null, "Y": 28.788417, "X": 77.259222 }, "geometry": { "type": "Point", "coordinates": [ 77.259222, 28.788417 ] } },
{ "type": "Feature", "properties": { "NAME OF THE INDUSTRY AND ADDRESS": "HIND INDUSTRIES LTD.,PLOT NO B-42,SITE-4,SAHIBABAD IND. AREA,GHAZIABAD", "Sub District": "Sahibabad", "District": "Ghaziabad", "LATITUDE": "28?47'18.3\"N", "LONGITUDE": "77?15'33.2\"E", "PRODUCT AND PRODUCTION CAPACITY": "FROZEN MEAT", "QUANTITY OF EFFLUENT (KLD)": "50", "STATUS OF EFFLUENT TREATMENT PLANT (ETP)": "INSTALLED", "ADEQUACY": "-", "EFFLUENT DISPOSAL POINT APPROX": "SBD DRAIN", "DISTANCE FROM RIVER": "APPROX 5 KM", "REMARKS": null, "Discharge m3/day": 50.0, "remarks_Frank": null, "Y": 28.788417, "X": 77.259222 }, "geometry": { "type": "Point", "coordinates": [ 77.259222, 28.788417 ] } },
{ "type": "Feature", "properties": { "NAME OF THE INDUSTRY AND ADDRESS": "KANHIYA ENTERPRISES,A-48/11,SITE-4,SAHIBABAD IND. AREA,GHAZIABAD", "Sub District": "Sahibabad", "District": "Ghaziabad", "LATITUDE": "28?47'18.3\"N", "LONGITUDE": "77?15'33.2\"E", "PRODUCT AND PRODUCTION CAPACITY": "GARMENT DYEING/WASHING-800 PCS/DAY, FABRIC-2000 METER/DAY", "QUANTITY OF EFFLUENT (KLD)": "30", "STATUS OF EFFLUENT TREATMENT PLANT (ETP)": "INSTALLED", "ADEQUACY": "ADEQUATE", "EFFLUENT DISPOSAL POINT APPROX": "SBD DRAIN", "DISTANCE FROM RIVER": "APPROX 5 KM", "REMARKS": null, "Discharge m3/day": 30.0, "remarks_Frank": null, "Y": 28.788417, "X": 77.259222 }, "geometry": { "type": "Point", "coordinates": [ 77.259222, 28.788417 ] } },
{ "type": "Feature", "properties": { "NAME OF THE INDUSTRY AND ADDRESS": "KRISHNA PRINT PVT LTD.,A-47,SITE-4,SAHIBABAD IND. AREA,GHAZIABAD", "Sub District": "Sahibabad", "District": "Ghaziabad", "LATITUDE": "28?47'18.3\"N", "LONGITUDE": "77?15'33.2\"E", "PRODUCT AND PRODUCTION CAPACITY": "DYEING/WASHING-1000 METER/DAY", "QUANTITY OF EFFLUENT (KLD)": "20", "STATUS OF EFFLUENT TREATMENT PLANT (ETP)": "INSTALLED", "ADEQUACY": "NOT ADEQUATE", "EFFLUENT DISPOSAL POINT APPROX": "SBD DRAIN", "DISTANCE FROM RIVER": "APPROX 5 KM", "REMARKS": null, "Discharge m3/day": 20.0, "remarks_Frank": null, "Y": 28.788417, "X": 77.259222 }, "geometry": { "type": "Point", "coordinates": [ 77.259222, 28.788417 ] } },
{ "type": "Feature", "properties": { "NAME OF THE INDUSTRY AND ADDRESS": "LI-VINIT ACESSARIES,54/6,SITE-4,SAHIBABAD IND. AREA,GHAZIABAD", "Sub District": "Sahibabad", "District": "Ghaziabad", "LATITUDE": "28?47'18.3\"N", "LONGITUDE": "77?15'33.2\"E", "PRODUCT AND PRODUCTION CAPACITY": "ARTIFICIAL JEWELERY-50 KG/MONTH", "QUANTITY OF EFFLUENT (KLD)": "1.2", "STATUS OF EFFLUENT TREATMENT PLANT (ETP)": "INSTALLED", "ADEQUACY": "ADEQUATE", "EFFLUENT DISPOSAL POINT APPROX": "SBD DRAIN", "DISTANCE FROM RIVER": "APPROX 5 KM", "REMARKS": null, "Discharge m3/day": 1.2, "remarks_Frank": null, "Y": 28.788417, "X": 77.259222 }, "geometry": { "type": "Point", "coordinates": [ 77.259222, 28.788417 ] } },
{ "type": "Feature", "properties": { "NAME OF THE INDUSTRY AND ADDRESS": "M.A. GARMENTS,20/6/21,SITE-4,SAHIBABAD IND. AREA,GHAZIABAD", "Sub District": "Sahibabad", "District": "Ghaziabad", "LATITUDE": "28?47'18.3\"N", "LONGITUDE": "77?15'33.2\"E", "PRODUCT AND PRODUCTION CAPACITY": "READYMADE GARMENT DYEING/WASHING-500 PCS/DAY", "QUANTITY OF EFFLUENT (KLD)": "25", "STATUS OF EFFLUENT TREATMENT PLANT (ETP)": "INSTALLED", "ADEQUACY": "ADEQUATE", "EFFLUENT DISPOSAL POINT APPROX": "SBD DRAIN", "DISTANCE FROM RIVER": "APPROX 5 KM", "REMARKS": null, "Discharge m3/day": 25.0, "remarks_Frank": null, "Y": 28.788417, "X": 77.259222 }, "geometry": { "type": "Point", "coordinates": [ 77.259222, 28.788417 ] } },
{ "type": "Feature", "properties": { "NAME OF THE INDUSTRY AND ADDRESS": "M.I. ALLIED ENTERPRISES,E-4,SITE-4,SAHIBABAD IND. AREA,GHAZIABAD", "Sub District": "Sahibabad", "District": "Ghaziabad", "LATITUDE": "28?47'18.3\"N", "LONGITUDE": "77?15'33.2\"E", "PRODUCT AND PRODUCTION CAPACITY": "FABRIC DYEING/WASHING-1000 METER/DAY", "QUANTITY OF EFFLUENT (KLD)": "15", "STATUS OF EFFLUENT TREATMENT PLANT (ETP)": "INSTALLED", "ADEQUACY": "ADEQUATE", "EFFLUENT DISPOSAL POINT APPROX": "SBD DRAIN", "DISTANCE FROM RIVER": "APPROX 5 KM", "REMARKS": null, "Discharge m3/day": 15.0, "remarks_Frank": null, "Y": 28.788417, "X": 77.259222 }, "geometry": { "type": "Point", "coordinates": [ 77.259222, 28.788417 ] } },
{ "type": "Feature", "properties": { "NAME OF THE INDUSTRY AND ADDRESS": "M.K. OVERCEASE PVT.LTD., B-63,64,SITE-4,SAHIBABAD IND. AREA,GHAZIABAD", "Sub District": "Sahibabad", "District": "Ghaziabad", "LATITUDE": "28?47'18.3\"N", "LONGITUDE": "77?15'33.2\"E", "PRODUCT AND PRODUCTION CAPACITY": "FROZEN MEAT-60 MT/DAY", "QUANTITY OF EFFLUENT (KLD)": "80", "STATUS OF EFFLUENT TREATMENT PLANT (ETP)": "INSTALLED", "ADEQUACY": "ADEQUATE", "EFFLUENT DISPOSAL POINT APPROX": "SBD DRAIN", "DISTANCE FROM RIVER": "APPROX 5 KM", "REMARKS": null, "Discharge m3/day": 80.0, "remarks_Frank": null, "Y": 28.788417, "X": 77.259222 }, "geometry": { "type": "Point", "coordinates": [ 77.259222, 28.788417 ] } },
{ "type": "Feature", "properties": { "NAME OF THE INDUSTRY AND ADDRESS": "M.Y. GARMENTS,20/6/14,SITE-4,SAHIBABAD,GHAZIABAD", "Sub District": "Sahibabad", "District": "Ghaziabad", "LATITUDE": "28?47'18.3\"N", "LONGITUDE": "77?15'33.2\"E", "PRODUCT AND PRODUCTION CAPACITY": "GARMENT DYEING & WASHING-500 PCS/DAY", "QUANTITY OF EFFLUENT (KLD)": "30", "STATUS OF EFFLUENT TREATMENT PLANT (ETP)": "INSTALLED", "ADEQUACY": "-", "EFFLUENT DISPOSAL POINT APPROX": "SBD DRAIN", "DISTANCE FROM RIVER": "APPROX 5 KM", "REMARKS": null, "Discharge m3/day": 30.0, "remarks_Frank": null, "Y": 28.788417, "X": 77.259222 }, "geometry": { "type": "Point", "coordinates": [ 77.259222, 28.788417 ] } },
{ "type": "Feature", "properties": { "NAME OF THE INDUSTRY AND ADDRESS": "MACHINO TECH,48/1/T-A,SITE-4,SAHIBABAD IND. AREA,GHAZIABAD", "Sub District": "Sahibabad", "District": "Ghaziabad", "LATITUDE": "28?47'18.3\"N", "LONGITUDE": "77?15'33.2\"E", "PRODUCT AND PRODUCTION CAPACITY": "BATHROOM FITTINGS-200 PCS/DAY", "QUANTITY OF EFFLUENT (KLD)": "3.5", "STATUS OF EFFLUENT TREATMENT PLANT (ETP)": "INSTALLED", "ADEQUACY": "ADEQUATE", "EFFLUENT DISPOSAL POINT APPROX": "SBD DRAIN", "DISTANCE FROM RIVER": "APPROX 5 KM", "REMARKS": null, "Discharge m3/day": 3.5, "remarks_Frank": null, "Y": 28.788417, "X": 77.259222 }, "geometry": { "type": "Point", "coordinates": [ 77.259222, 28.788417 ] } },
{ "type": "Feature", "properties": { "NAME OF THE INDUSTRY AND ADDRESS": "MAHALAXMI DYERS,49/24,SITE-4,SAHIBABAD IND. AREA,GHAZIABAD", "Sub District": "Sahibabad", "District": "Ghaziabad", "LATITUDE": "28?47'18.3\"N", "LONGITUDE": "77?15'33.2\"E", "PRODUCT AND PRODUCTION CAPACITY": "FABRIC DYEING/WASHING-3000 METER/DAY", "QUANTITY OF EFFLUENT (KLD)": "23", "STATUS OF EFFLUENT TREATMENT PLANT (ETP)": "INSTALLED", "ADEQUACY": "ADEQUATE", "EFFLUENT DISPOSAL POINT APPROX": "SBD DRAIN", "DISTANCE FROM RIVER": "APPROX 5 KM", "REMARKS": null, "Discharge m3/day": 23.0, "remarks_Frank": null, "Y": 28.788417, "X": 77.259222 }, "geometry": { "type": "Point", "coordinates": [ 77.259222, 28.788417 ] } },
{ "type": "Feature", "properties": { "NAME OF THE INDUSTRY AND ADDRESS": "SHRI MAHAVEER ENTERPRISES,28/1/15,SITE-4,SAHIBABAD IND. AREA,GHAZIABAD", "Sub District": "Sahibabad", "District": "Ghaziabad", "LATITUDE": "28?47'18.3\"N", "LONGITUDE": "77?15'33.2\"E", "PRODUCT AND PRODUCTION CAPACITY": "FABRIC DYEING/WASHING-2000 METER/DAY", "QUANTITY OF EFFLUENT (KLD)": "35", "STATUS OF EFFLUENT TREATMENT PLANT (ETP)": "INSTALLED", "ADEQUACY": "ADEQUATE", "EFFLUENT DISPOSAL POINT APPROX": "SBD DRAIN", "DISTANCE FROM RIVER": "APPROX 5 KM", "REMARKS": null, "Discharge m3/day": 35.0, "remarks_Frank": null, "Y": 28.788417, "X": 77.259222 }, "geometry": { "type": "Point", "coordinates": [ 77.259222, 28.788417 ] } },
{ "type": "Feature", "properties": { "NAME OF THE INDUSTRY AND ADDRESS": "MIRHA EXPORT PVT LTD.,B-36,SITE-4,SAHIBABAD IND. AREA,GHAZIABAD", "Sub District": "Sahibabad", "District": "Ghaziabad", "LATITUDE": "28?47'18.3\"N", "LONGITUDE": "77?15'33.2\"E", "PRODUCT AND PRODUCTION CAPACITY": "FROZEN MEAT-20 MT/DAY", "QUANTITY OF EFFLUENT (KLD)": "20", "STATUS OF EFFLUENT TREATMENT PLANT (ETP)": "INSTALLED", "ADEQUACY": "ADEQUATE", "EFFLUENT DISPOSAL POINT APPROX": "SBD DRAIN", "DISTANCE FROM RIVER": "APPROX 5 KM", "REMARKS": null, "Discharge m3/day": 20.0, "remarks_Frank": null, "Y": 28.788417, "X": 77.259222 }, "geometry": { "type": "Point", "coordinates": [ 77.259222, 28.788417 ] } },
{ "type": "Feature", "properties": { "NAME OF THE INDUSTRY AND ADDRESS": "MOON BREWARIES LTD.,UNIT-1,A-32,SITE-4,SAHIBABAD GHAZIABAD", "Sub District": "Sahibabad", "District": "Ghaziabad", "LATITUDE": "28?47'18.3\"N", "LONGITUDE": "77?15'33.2\"E", "PRODUCT AND PRODUCTION CAPACITY": "CARBONATED SOFT DRINKS-7900 MT/MONTH", "QUANTITY OF EFFLUENT (KLD)": "628", "STATUS OF EFFLUENT TREATMENT PLANT (ETP)": "INSTALLED", "ADEQUACY": "ADEQUATE", "EFFLUENT DISPOSAL POINT APPROX": "SBD DRAIN", "DISTANCE FROM RIVER": "APPROX 5 KM", "REMARKS": null, "Discharge m3/day": 628.0, "remarks_Frank": null, "Y": 28.788417, "X": 77.259222 }, "geometry": { "type": "Point", "coordinates": [ 77.259222, 28.788417 ] } },
{ "type": "Feature", "properties": { "NAME OF THE INDUSTRY AND ADDRESS": "NATIONAL ENGG. WORKS(OLD NAME MANGE RAM),115,PRAKASH IND. AREA,SAHIBABAD,GHAZIABAD", "Sub District": "Sahibabad", "District": "Ghaziabad", "LATITUDE": "28?47'18.3\"N", "LONGITUDE": "77?15'33.2\"E", "PRODUCT AND PRODUCTION CAPACITY": "METAL SURFACE TREATMENT", "QUANTITY OF EFFLUENT (KLD)": "0", "STATUS OF EFFLUENT TREATMENT PLANT (ETP)": "INSTALLED", "ADEQUACY": "-", "EFFLUENT DISPOSAL POINT APPROX": "SBD DRAIN", "DISTANCE FROM RIVER": "APPROX 4.5 KM", "REMARKS": null, "Discharge m3/day": 0.0, "remarks_Frank": null, "Y": 28.788417, "X": 77.259222 }, "geometry": { "type": "Point", "coordinates": [ 77.259222, 28.788417 ] } },
{ "type": "Feature", "properties": { "NAME OF THE INDUSTRY AND ADDRESS": "PAL KNIT FAB,54/14,SITE-4,SAHIBABAD IND. AREA,GHAZIABAD", "Sub District": "Sahibabad", "District": "Ghaziabad", "LATITUDE": "28?47'18.3\"N", "LONGITUDE": "77?15'33.2\"E", "PRODUCT AND PRODUCTION CAPACITY": "DYEING/PROCESSING OF CLOTHES-2.8 TON/DAY", "QUANTITY OF EFFLUENT (KLD)": "90", "STATUS OF EFFLUENT TREATMENT PLANT (ETP)": "INSTALLED", "ADEQUACY": "ADEQUATE", "EFFLUENT DISPOSAL POINT APPROX": "SBD DRAIN", "DISTANCE FROM RIVER": "APPROX 5 KM", "REMARKS": null, "Discharge m3/day": 90.0, "remarks_Frank": null, "Y": 28.788417, "X": 77.259222 }, "geometry": { "type": "Point", "coordinates": [ 77.259222, 28.788417 ] } },
{ "type": "Feature", "properties": { "NAME OF THE INDUSTRY AND ADDRESS": "POOJA PROCESSORS,62/2/3,SITE-4,SAHIBABAD IND. AREA,GHAZIABAD", "Sub District": "Sahibabad", "District": "Ghaziabad", "LATITUDE": "28?47'18.3\"N", "LONGITUDE": "77?15'33.2\"E", "PRODUCT AND PRODUCTION CAPACITY": "FABRIC DYEING/PRINTING-4000 METER/DAY", "QUANTITY OF EFFLUENT (KLD)": "80", "STATUS OF EFFLUENT TREATMENT PLANT (ETP)": "INSTALLED", "ADEQUACY": "ADEQUATE", "EFFLUENT DISPOSAL POINT APPROX": "SBD DRAIN", "DISTANCE FROM RIVER": "APPROX 5 KM", "REMARKS": null, "Discharge m3/day": 80.0, "remarks_Frank": null, "Y": 28.788417, "X": 77.259222 }, "geometry": { "type": "Point", "coordinates": [ 77.259222, 28.788417 ] } },
{ "type": "Feature", "properties": { "NAME OF THE INDUSTRY AND ADDRESS": "RACHNA METAL INDUSTRIES PVT LTD.,18/42,SITE-4,SAHIBABAD IND. AREA,GHAZIABAD", "Sub District": "Sahibabad", "District": "Ghaziabad", "LATITUDE": "28?47'18.3\"N", "LONGITUDE": "77?15'33.2\"E", "PRODUCT AND PRODUCTION CAPACITY": "COPPER FLAT/SHEET-2.5 MT/D", "QUANTITY OF EFFLUENT (KLD)": "4", "STATUS OF EFFLUENT TREATMENT PLANT (ETP)": "INSTALLED", "ADEQUACY": "ADEQUATE", "EFFLUENT DISPOSAL POINT APPROX": "SBD DRAIN", "DISTANCE FROM RIVER": "APPROX 5 KM", "REMARKS": null, "Discharge m3/day": 4.0, "remarks_Frank": null, "Y": 28.788417, "X": 77.259222 }, "geometry": { "type": "Point", "coordinates": [ 77.259222, 28.788417 ] } },
{ "type": "Feature", "properties": { "NAME OF THE INDUSTRY AND ADDRESS": "RATAN GARMENTS,56/29,SITE-4,SAHIBABAD IND. AREA,GHAZIABAD", "Sub District": "Sahibabad", "District": "Ghaziabad", "LATITUDE": "28?47'18.3\"N", "LONGITUDE": "77?15'33.2\"E", "PRODUCT AND PRODUCTION CAPACITY": "READYMADE GARMENT DYEING/WASHING-500 PCS/DAY", "QUANTITY OF EFFLUENT (KLD)": "35", "STATUS OF EFFLUENT TREATMENT PLANT (ETP)": "INSTALLED", "ADEQUACY": "ADEQUATE", "EFFLUENT DISPOSAL POINT APPROX": "SBD DRAIN", "DISTANCE FROM RIVER": "APPROX 5 KM", "REMARKS": null, "Discharge m3/day": 35.0, "remarks_Frank": null, "Y": 28.788417, "X": 77.259222 }, "geometry": { "type": "Point", "coordinates": [ 77.259222, 28.788417 ] } },
{ "type": "Feature", "properties": { "NAME OF THE INDUSTRY AND ADDRESS": "REGENCY CYCLES PVT LTD.,16/1-B-3&4,SITE-4,SAHIBABAD IND. AREA,GHAZIABAD", "Sub District": "Sahibabad", "District": "Ghaziabad", "LATITUDE": "28?47'18.3\"N", "LONGITUDE": "77?15'33.2\"E", "PRODUCT AND PRODUCTION CAPACITY": "ELECTROPLATED CYCLE & RICKSHAW RIM-1 LAKH PCS/MONTH", "QUANTITY OF EFFLUENT (KLD)": "8", "STATUS OF EFFLUENT TREATMENT PLANT (ETP)": "INSTALLED", "ADEQUACY": "ADEQUATE", "EFFLUENT DISPOSAL POINT APPROX": "SBD DRAIN", "DISTANCE FROM RIVER": "APPROX 5 KM", "REMARKS": null, "Discharge m3/day": 8.0, "remarks_Frank": null, "Y": 28.788417, "X": 77.259222 }, "geometry": { "type": "Point", "coordinates": [ 77.259222, 28.788417 ] } },
{ "type": "Feature", "properties": { "NAME OF THE INDUSTRY AND ADDRESS": "RIKITA ENTERPRISES,18/32,SITE-4,SAHIBABAD IND. AREA,GHAZIABAD", "Sub District": "Sahibabad", "District": "Ghaziabad", "LATITUDE": "28?47'18.3\"N", "LONGITUDE": "77?15'33.2\"E", "PRODUCT AND PRODUCTION CAPACITY": "GARMENT DYEING-800 KG/DAY", "QUANTITY OF EFFLUENT (KLD)": "12", "STATUS OF EFFLUENT TREATMENT PLANT (ETP)": "INSTALLED", "ADEQUACY": "ADEQUATE", "EFFLUENT DISPOSAL POINT APPROX": "SBD DRAIN", "DISTANCE FROM RIVER": "APPROX 5 KM", "REMARKS": null, "Discharge m3/day": 12.0, "remarks_Frank": null, "Y": 28.788417, "X": 77.259222 }, "geometry": { "type": "Point", "coordinates": [ 77.259222, 28.788417 ] } },
{ "type": "Feature", "properties": { "NAME OF THE INDUSTRY AND ADDRESS": "ROSHAN LAL (EX. NAME SHINE WASH) 15/18,SITE-4,SAHIBABAD IND. AREA,GHAZIABAD", "Sub District": "Sahibabad", "District": "Ghaziabad", "LATITUDE": "28?47'18.3\"N", "LONGITUDE": "77?15'33.2\"E", "PRODUCT AND PRODUCTION CAPACITY": "READYMADE GARMENT DYEING/WASHING-500 PCS/DAY", "QUANTITY OF EFFLUENT (KLD)": "18", "STATUS OF EFFLUENT TREATMENT PLANT (ETP)": "INSTALLED", "ADEQUACY": "NOT ADEQUATE", "EFFLUENT DISPOSAL POINT APPROX": "SBD DRAIN", "DISTANCE FROM RIVER": "APPROX 5 KM", "REMARKS": null, "Discharge m3/day": 18.0, "remarks_Frank": null, "Y": 28.788417, "X": 77.259222 }, "geometry": { "type": "Point", "coordinates": [ 77.259222, 28.788417 ] } },
{ "type": "Feature", "properties": { "NAME OF THE INDUSTRY AND ADDRESS": "S.B. FEB TECH P LTD.,28/1/24,SITE-4,SAHIBABAD IND. AREA,GHAZIABAD", "Sub District": "Sahibabad", "District": "Ghaziabad", "LATITUDE": "28?47'18.3\"N", "LONGITUDE": "77?15'33.2\"E", "PRODUCT AND PRODUCTION CAPACITY": "GREY FABRIC,DYEING/BLEACHING/WASHING-2000 METER/DAY", "QUANTITY OF EFFLUENT (KLD)": "50", "STATUS OF EFFLUENT TREATMENT PLANT (ETP)": "INSTALLED", "ADEQUACY": "ADEQUATE", "EFFLUENT DISPOSAL POINT APPROX": "SBD DRAIN", "DISTANCE FROM RIVER": "APPROX 5 KM", "REMARKS": null, "Discharge m3/day": 50.0, "remarks_Frank": null, "Y": 28.788417, "X": 77.259222 }, "geometry": { "type": "Point", "coordinates": [ 77.259222, 28.788417 ] } },
{ "type": "Feature", "properties": { "NAME OF THE INDUSTRY AND ADDRESS": "S.S. PRINTS,56/14-15,SITE-4,SAHIBABAD IND. AREA,GHAZIABAD", "Sub District": "Sahibabad", "District": "Ghaziabad", "LATITUDE": "28?47'18.3\"N", "LONGITUDE": "77?15'33.2\"E", "PRODUCT AND PRODUCTION CAPACITY": "FABRIC DYEING/PRINTING-500 METER/DAY", "QUANTITY OF EFFLUENT (KLD)": "22", "STATUS OF EFFLUENT TREATMENT PLANT (ETP)": "INSTALLED", "ADEQUACY": "ADEQUATE", "EFFLUENT DISPOSAL POINT APPROX": "SBD DRAIN", "DISTANCE FROM RIVER": "APPROX 5 KM", "REMARKS": null, "Discharge m3/day": 22.0, "remarks_Frank": null, "Y": 28.788417, "X": 77.259222 }, "geometry": { "type": "Point", "coordinates": [ 77.259222, 28.788417 ] } },
{ "type": "Feature", "properties": { "NAME OF THE INDUSTRY AND ADDRESS": "SAGE METAL LTD.,B-7,SITE-4,SAHIBABAD IND. AREA,GHAZIABAD", "Sub District": "Sahibabad", "District": "Ghaziabad", "LATITUDE": "28?47'18.3\"N", "LONGITUDE": "77?15'33.2\"E", "PRODUCT AND PRODUCTION CAPACITY": "INDUSTRIAL WIRES ACCESSORIES & INDUSTRIAL CASTING- 180 TON/MONTH", "QUANTITY OF EFFLUENT (KLD)": "10", "STATUS OF EFFLUENT TREATMENT PLANT (ETP)": "INSTALLED", "ADEQUACY": "ADEQUATE", "EFFLUENT DISPOSAL POINT APPROX": "SBD DRAIN", "DISTANCE FROM RIVER": "APPROX 5 KM", "REMARKS": null, "Discharge m3/day": 10.0, "remarks_Frank": null, "Y": 28.788417, "X": 77.259222 }, "geometry": { "type": "Point", "coordinates": [ 77.259222, 28.788417 ] } },
{ "type": "Feature", "properties": { "NAME OF THE INDUSTRY AND ADDRESS": "SHARDA FABRICS (OLD NAME KARTIKEY PROCESSORS),42/36,SITE-4,SAHIBABAD IND. AREA,GHAZIABAD", "Sub District": "Sahibabad", "District": "Ghaziabad", "LATITUDE": "28?47'18.3\"N", "LONGITUDE": "77?15'33.2\"E", "PRODUCT AND PRODUCTION CAPACITY": "GREY FABRIC,DYEING/BLEACHING/WASHING-1500 METER/DAY", "QUANTITY OF EFFLUENT (KLD)": "40", "STATUS OF EFFLUENT TREATMENT PLANT (ETP)": "INSTALLED", "ADEQUACY": "ADEQUATE", "EFFLUENT DISPOSAL POINT APPROX": "SBD DRAIN", "DISTANCE FROM RIVER": "APPROX 5 KM", "REMARKS": null, "Discharge m3/day": 40.0, "remarks_Frank": null, "Y": 28.788417, "X": 77.259222 }, "geometry": { "type": "Point", "coordinates": [ 77.259222, 28.788417 ] } },
{ "type": "Feature", "properties": { "NAME OF THE INDUSTRY AND ADDRESS": "SHIV KUMAR PAWAN KUMAR,57/1/13,SITE-4,SAHIBABAD IND. AREA,GHAZIABAD", "Sub District": "Sahibabad", "District": "Ghaziabad", "LATITUDE": "28?47'18.3\"N", "LONGITUDE": "77?15'33.2\"E", "PRODUCT AND PRODUCTION CAPACITY": "FABRIC DYEING-2000 METER/DAY", "QUANTITY OF EFFLUENT (KLD)": "40", "STATUS OF EFFLUENT TREATMENT PLANT (ETP)": "INSTALLED", "ADEQUACY": "ADEQUATE", "EFFLUENT DISPOSAL POINT APPROX": "SBD DRAIN", "DISTANCE FROM RIVER": "APPROX 5 KM", "REMARKS": null, "Discharge m3/day": 40.0, "remarks_Frank": null, "Y": 28.788417, "X": 77.259222 }, "geometry": { "type": "Point", "coordinates": [ 77.259222, 28.788417 ] } },
{ "type": "Feature", "properties": { "NAME OF THE INDUSTRY AND ADDRESS": "SHIVA PROCESSORS,18/6,SITE-4,SAHIBABAD IND. AREA,GHAZIABAD", "Sub District": "Sahibabad", "District": "Ghaziabad", "LATITUDE": "28?47'18.3\"N", "LONGITUDE": "77?15'33.2\"E", "PRODUCT AND PRODUCTION CAPACITY": "FABRIC DYEING-5000 METER/DAY", "QUANTITY OF EFFLUENT (KLD)": "80", "STATUS OF EFFLUENT TREATMENT PLANT (ETP)": "INSTALLED", "ADEQUACY": "ADEQUATE", "EFFLUENT DISPOSAL POINT APPROX": "SBD DRAIN", "DISTANCE FROM RIVER": "APPROX 5 KM", "REMARKS": null, "Discharge m3/day": 80.0, "remarks_Frank": null, "Y": 28.788417, "X": 77.259222 }, "geometry": { "type": "Point", "coordinates": [ 77.259222, 28.788417 ] } },
{ "type": "Feature", "properties": { "NAME OF THE INDUSTRY AND ADDRESS": "SHRI GIRI RAJ ENTERPRISES,24-25,PRAKASH IND. ESTATE,SAHIBABAD,GHAZIABAD", "Sub District": "Sahibabad", "District": "Ghaziabad", "LATITUDE": "28?47'18.3\"N", "LONGITUDE": "77?15'33.2\"E", "PRODUCT AND PRODUCTION CAPACITY": "G.I. PIPE-200 MT/MONTH", "QUANTITY OF EFFLUENT (KLD)": "5", "STATUS OF EFFLUENT TREATMENT PLANT (ETP)": "INSTALLED", "ADEQUACY": "ADEQUATE", "EFFLUENT DISPOSAL POINT APPROX": "SBD DRAIN", "DISTANCE FROM RIVER": "APPROX 5 KM", "REMARKS": null, "Discharge m3/day": 5.0, "remarks_Frank": null, "Y": 28.788417, "X": 77.259222 }, "geometry": { "type": "Point", "coordinates": [ 77.259222, 28.788417 ] } },
{ "type": "Feature", "properties": { "NAME OF THE INDUSTRY AND ADDRESS": "HIMGIRI TEXTILES,15/11,SITE-4,SAHIBABAD IND. AREA,GHAZIABAD", "Sub District": "Sahibabad", "District": "Ghaziabad", "LATITUDE": "28?47'18.3\"N", "LONGITUDE": "77?15'33.2\"E", "PRODUCT AND PRODUCTION CAPACITY": "GREY FABRIC,DYEING/BLEACHING/WASHING-800 METER/DAY", "QUANTITY OF EFFLUENT (KLD)": "40", "STATUS OF EFFLUENT TREATMENT PLANT (ETP)": "INSTALLED", "ADEQUACY": "ADEQUATE", "EFFLUENT DISPOSAL POINT APPROX": "SBD DRAIN", "DISTANCE FROM RIVER": "APPROX 5 KM", "REMARKS": null, "Discharge m3/day": 40.0, "remarks_Frank": null, "Y": 28.788417, "X": 77.259222 }, "geometry": { "type": "Point", "coordinates": [ 77.259222, 28.788417 ] } },
{ "type": "Feature", "properties": { "NAME OF THE INDUSTRY AND ADDRESS": "SHRI KRISHNA TEXTILES,18/19,SITE-4,SAHIBABAD IND. AREA,GHAZIABAD", "Sub District": "Sahibabad", "District": "Ghaziabad", "LATITUDE": "28?47'18.3\"N", "LONGITUDE": "77?15'33.2\"E", "PRODUCT AND PRODUCTION CAPACITY": "YARN/TEXTILE PROCESSING", "QUANTITY OF EFFLUENT (KLD)": "20", "STATUS OF EFFLUENT TREATMENT PLANT (ETP)": "INSTALLED", "ADEQUACY": "-", "EFFLUENT DISPOSAL POINT APPROX": "KAREHDA DRAIN", "DISTANCE FROM RIVER": "APPROX 1.12 KM", "REMARKS": null, "Discharge m3/day": 20.0, "remarks_Frank": null, "Y": 28.788417, "X": 77.259222 }, "geometry": { "type": "Point", "coordinates": [ 77.259222, 28.788417 ] } },
{ "type": "Feature", "properties": { "NAME OF THE INDUSTRY AND ADDRESS": "SHRI SHYAM INDUSTRIES,56/56,SITE-4,SAHIBABAD IND. AREA,GHAZIABAD", "Sub District": "Sahibabad", "District": "Ghaziabad", "LATITUDE": "28?47'18.3\"N", "LONGITUDE": "77?15'33.2\"E", "PRODUCT AND PRODUCTION CAPACITY": "READYMADE GARMENT DYEING/WASHING", "QUANTITY OF EFFLUENT (KLD)": "30", "STATUS OF EFFLUENT TREATMENT PLANT (ETP)": "INSTALLED", "ADEQUACY": "ADEQUATE", "EFFLUENT DISPOSAL POINT APPROX": "SBD DRAIN", "DISTANCE FROM RIVER": "APPROX 5 KM", "REMARKS": null, "Discharge m3/day": 30.0, "remarks_Frank": null, "Y": 28.788417, "X": 77.259222 }, "geometry": { "type": "Point", "coordinates": [ 77.259222, 28.788417 ] } },
{ "type": "Feature", "properties": { "NAME OF THE INDUSTRY AND ADDRESS": "SIDHI VINAYAK 48/1/18,SITE-4,SAHIBABAD IND. AREA,GHAZIABAD", "Sub District": "Sahibabad", "District": "Ghaziabad", "LATITUDE": "28?47'18.3\"N", "LONGITUDE": "77?15'33.2\"E", "PRODUCT AND PRODUCTION CAPACITY": "READYMADE GARMENT DYEING/WASHING-700 PCS/DAY", "QUANTITY OF EFFLUENT (KLD)": "16", "STATUS OF EFFLUENT TREATMENT PLANT (ETP)": "INSTALLED", "ADEQUACY": "ADEQUATE", "EFFLUENT DISPOSAL POINT APPROX": "SBD DRAIN", "DISTANCE FROM RIVER": "APPROX 5 KM", "REMARKS": null, "Discharge m3/day": 16.0, "remarks_Frank": null, "Y": 28.788417, "X": 77.259222 }, "geometry": { "type": "Point", "coordinates": [ 77.259222, 28.788417 ] } },
{ "type": "Feature", "properties": { "NAME OF THE INDUSTRY AND ADDRESS": "SINGHAL PAULINGS INDUSTRIES,56/32,SITE-4,SAHIBABAD IND. AREA,GHAZIABAD", "Sub District": "Sahibabad", "District": "Ghaziabad", "LATITUDE": "28?47'18.3\"N", "LONGITUDE": "77?15'33.2\"E", "PRODUCT AND PRODUCTION CAPACITY": "CANVAS DYEING/WASHING-2000 METER/DAY", "QUANTITY OF EFFLUENT (KLD)": "2", "STATUS OF EFFLUENT TREATMENT PLANT (ETP)": "INSTALLED", "ADEQUACY": "ADEQUATE", "EFFLUENT DISPOSAL POINT APPROX": "SBD DRAIN", "DISTANCE FROM RIVER": "APPROX 5 KM", "REMARKS": null, "Discharge m3/day": 2.0, "remarks_Frank": null, "Y": 28.788417, "X": 77.259222 }, "geometry": { "type": "Point", "coordinates": [ 77.259222, 28.788417 ] } },
{ "type": "Feature", "properties": { "NAME OF THE INDUSTRY AND ADDRESS": "SONA INDUSTRY,PLOT NO-56/7,SITE-4,SAHIBABAD IND. AREA,GHAZIABAD", "Sub District": "Sahibabad", "District": "Ghaziabad", "LATITUDE": "28?47'18.3\"N", "LONGITUDE": "77?15'33.2\"E", "PRODUCT AND PRODUCTION CAPACITY": "BATHROOM FITTING-150 KG/DAY", "QUANTITY OF EFFLUENT (KLD)": "0.4", "STATUS OF EFFLUENT TREATMENT PLANT (ETP)": "INSTALLED", "ADEQUACY": "ADEQUATE", "EFFLUENT DISPOSAL POINT APPROX": "SBD DRAIN", "DISTANCE FROM RIVER": "APPROX 5 KM", "REMARKS": null, "Discharge m3/day": 0.4, "remarks_Frank": null, "Y": 28.788417, "X": 77.259222 }, "geometry": { "type": "Point", "coordinates": [ 77.259222, 28.788417 ] } },
{ "type": "Feature", "properties": { "NAME OF THE INDUSTRY AND ADDRESS": "SPD RAINBOW(LAVYA UDYOG),56/17,SITE-4,SAHIBABAD IND. AREA,GHAZIABAD", "Sub District": "Sahibabad", "District": "Ghaziabad", "LATITUDE": "28?47'18.3\"N", "LONGITUDE": "77?15'33.2\"E", "PRODUCT AND PRODUCTION CAPACITY": "GARMENT DYEING/WASHING-1500 PCS/DAY", "QUANTITY OF EFFLUENT (KLD)": "48", "STATUS OF EFFLUENT TREATMENT PLANT (ETP)": "INSTALLED", "ADEQUACY": "ADEQUATE", "EFFLUENT DISPOSAL POINT APPROX": "SBD DRAIN", "DISTANCE FROM RIVER": "APPROX 5 KM", "REMARKS": null, "Discharge m3/day": 48.0, "remarks_Frank": null, "Y": 28.788417, "X": 77.259222 }, "geometry": { "type": "Point", "coordinates": [ 77.259222, 28.788417 ] } },
{ "type": "Feature", "properties": { "NAME OF THE INDUSTRY AND ADDRESS": "SURENDRA PROCESSORS,57/1/12,SITE-4,SAHIBABAD IND. AREA,GHAZIABAD", "Sub District": "Sahibabad", "District": "Ghaziabad", "LATITUDE": "28?47'18.3\"N", "LONGITUDE": "77?15'33.2\"E", "PRODUCT AND PRODUCTION CAPACITY": "GREY FABRIC,DYEING/BLEACHING/WASHING-2000 METER/DAY", "QUANTITY OF EFFLUENT (KLD)": "35", "STATUS OF EFFLUENT TREATMENT PLANT (ETP)": "INSTALLED", "ADEQUACY": "NOT ADEQUATE", "EFFLUENT DISPOSAL POINT APPROX": "SBD DRAIN", "DISTANCE FROM RIVER": "APPROX 5 KM", "REMARKS": null, "Discharge m3/day": 35.0, "remarks_Frank": null, "Y": 28.788417, "X": 77.259222 }, "geometry": { "type": "Point", "coordinates": [ 77.259222, 28.788417 ] } },
{ "type": "Feature", "properties": { "NAME OF THE INDUSTRY AND ADDRESS": "UNITED POLYGENIUS PVT LTD.,B-13/1,SITE-4,SAHIBABAD IND. AREA,GHAZIABAD", "Sub District": "Sahibabad", "District": "Ghaziabad", "LATITUDE": "28?47'18.3\"N", "LONGITUDE": "77?15'33.2\"E", "PRODUCT AND PRODUCTION CAPACITY": "SNAP FASTNER & ITS COMPONENTS-3500 NOS/DAY", "QUANTITY OF EFFLUENT (KLD)": "4.5", "STATUS OF EFFLUENT TREATMENT PLANT (ETP)": "INSTALLED", "ADEQUACY": "ADEQUATE", "EFFLUENT DISPOSAL POINT APPROX": "SBD DRAIN", "DISTANCE FROM RIVER": "APPROX 5 KM", "REMARKS": null, "Discharge m3/day": 4.5, "remarks_Frank": null, "Y": 28.788417, "X": 77.259222 }, "geometry": { "type": "Point", "coordinates": [ 77.259222, 28.788417 ] } },
{ "type": "Feature", "properties": { "NAME OF THE INDUSTRY AND ADDRESS": "V.S. GARMENTS,20/6/10,SITE-4,SAHIBABAD IND. AREA,GHAZIABAD", "Sub District": "Sahibabad", "District": "Ghaziabad", "LATITUDE": "28?47'18.3\"N", "LONGITUDE": "77?15'33.2\"E", "PRODUCT AND PRODUCTION CAPACITY": "READYMADE GARMENT DYEING/WASHING-800 PCS/DAY", "QUANTITY OF EFFLUENT (KLD)": "25", "STATUS OF EFFLUENT TREATMENT PLANT (ETP)": "INSTALLED", "ADEQUACY": "NOT ADEQUATE", "EFFLUENT DISPOSAL POINT APPROX": "SBD DRAIN", "DISTANCE FROM RIVER": "APPROX 5 KM", "REMARKS": null, "Discharge m3/day": 25.0, "remarks_Frank": null, "Y": 28.788417, "X": 77.259222 }, "geometry": { "type": "Point", "coordinates": [ 77.259222, 28.788417 ] } },
{ "type": "Feature", "properties": { "NAME OF THE INDUSTRY AND ADDRESS": "VAISHNO GARMENTS,20/6/3,SITE-4,SAHIBABAD IND. AREA,GHAZIABAD", "Sub District": "Sahibabad", "District": "Ghaziabad", "LATITUDE": "28?47'18.3\"N", "LONGITUDE": "77?15'33.2\"E", "PRODUCT AND PRODUCTION CAPACITY": "FABRIC DYEING/WASHING-1500 METER/DAY", "QUANTITY OF EFFLUENT (KLD)": "18", "STATUS OF EFFLUENT TREATMENT PLANT (ETP)": "INSTALLED", "ADEQUACY": "ADEQUATE", "EFFLUENT DISPOSAL POINT APPROX": "SBD DRAIN", "DISTANCE FROM RIVER": "APPROX 5 KM", "REMARKS": null, "Discharge m3/day": 18.0, "remarks_Frank": null, "Y": 28.788417, "X": 77.259222 }, "geometry": { "type": "Point", "coordinates": [ 77.259222, 28.788417 ] } },
{ "type": "Feature", "properties": { "NAME OF THE INDUSTRY AND ADDRESS": "VERSHA WASHING,49/25,SITE-4,SAHIBABAD IND. AREA,GHAZIABAD", "Sub District": "Sahibabad", "District": "Ghaziabad", "LATITUDE": "28?47'18.3\"N", "LONGITUDE": "77?15'33.2\"E", "PRODUCT AND PRODUCTION CAPACITY": "READYMADE GARMENT DYEING/WASHING-500 PCS/DAY", "QUANTITY OF EFFLUENT (KLD)": "25", "STATUS OF EFFLUENT TREATMENT PLANT (ETP)": "INSTALLED", "ADEQUACY": "ADEQUATE", "EFFLUENT DISPOSAL POINT APPROX": "SBD DRAIN", "DISTANCE FROM RIVER": "APPROX 5 KM", "REMARKS": null, "Discharge m3/day": 25.0, "remarks_Frank": null, "Y": 28.788417, "X": 77.259222 }, "geometry": { "type": "Point", "coordinates": [ 77.259222, 28.788417 ] } },
{ "type": "Feature", "properties": { "NAME OF THE INDUSTRY AND ADDRESS": "SHANTI DYEING & FINISHING MILLS,A-48/16,SITE-4,SAHIBABAD IND. AREA,GHAZIABAD", "Sub District": "Sahibabad", "District": "Ghaziabad", "LATITUDE": "28?47'06.6\"N?", "LONGITUDE": "77?15'38.2\"E", "PRODUCT AND PRODUCTION CAPACITY": "FABRIC DYEING/WASHING-4000 METER/DAY", "QUANTITY OF EFFLUENT (KLD)": "80", "STATUS OF EFFLUENT TREATMENT PLANT (ETP)": "INSTALLED", "ADEQUACY": "ADEQUATE", "EFFLUENT DISPOSAL POINT APPROX": "SBD DRAIN", "DISTANCE FROM RIVER": "APPROX 5 KM", "REMARKS": null, "Discharge m3/day": 80.0, "remarks_Frank": null, "Y": 28.785167, "X": 77.260611 }, "geometry": { "type": "Point", "coordinates": [ 77.260611, 28.785167 ] } },
{ "type": "Feature", "properties": { "NAME OF THE INDUSTRY AND ADDRESS": "DEEP INDUSTRIES,I.E. DELHI ROAD,SAHARANPUR", "Sub District": "Delhi Road", "District": "Saharanpur", "LATITUDE": "29?17'54.8\"N", "LONGITUDE": "77?17'17.5\"E", "PRODUCT AND PRODUCTION CAPACITY": "200-250 KG BLEECHING AND DYING", "QUANTITY OF EFFLUENT (KLD)": "20", "STATUS OF EFFLUENT TREATMENT PLANT (ETP)": "INSTALLED", "ADEQUACY": "OPERATIONAL", "EFFLUENT DISPOSAL POINT APPROX": "DHAMOLA", "DISTANCE FROM RIVER": "04 KM", "REMARKS": "HINDON RIVER", "Discharge m3/day": 20.0, "remarks_Frank": null, "Y": 29.298556, "X": 77.288194 }, "geometry": { "type": "Point", "coordinates": [ 77.288194, 29.298556 ] } },
{ "type": "Feature", "properties": { "NAME OF THE INDUSTRY AND ADDRESS": "DURGA PESTICIDE,DELHI ROAD,SAHARANPUR", "Sub District": "Delhi Road", "District": "Saharanpur", "LATITUDE": "29?17'54.8\"N", "LONGITUDE": "77?17'17.5\"E", "PRODUCT AND PRODUCTION CAPACITY": "CLOSED", "QUANTITY OF EFFLUENT (KLD)": "-", "STATUS OF EFFLUENT TREATMENT PLANT (ETP)": "CLOSED", "ADEQUACY": "NOT OPERATIONAL", "EFFLUENT DISPOSAL POINT APPROX": "-", "DISTANCE FROM RIVER": "03 KM", "REMARKS": "HINDON RIVER", "Discharge m3/day": 0.0, "remarks_Frank": "nan", "Y": 29.298556, "X": 77.288194 }, "geometry": { "type": "Point", "coordinates": [ 77.288194, 29.298556 ] } },
{ "type": "Feature", "properties": { "NAME OF THE INDUSTRY AND ADDRESS": "GLAXI GARMENTS,K-22,APPAREL PARK,SECTOR D-1(P3),TRONICA CITY,LONI,GHAZIABAD", "Sub District": "Loni", "District": "Ghaziabad", "LATITUDE": "28?47'08.8\"N", "LONGITUDE": "77?17'39.1\"E", "PRODUCT AND PRODUCTION CAPACITY": "GARMENT DYEING/WASHING", "QUANTITY OF EFFLUENT (KLD)": "22", "STATUS OF EFFLUENT TREATMENT PLANT (ETP)": "INSTALLED", "ADEQUACY": "-", "EFFLUENT DISPOSAL POINT APPROX": "JAWLI DRAIN", "DISTANCE FROM RIVER": "APPROX 12.8 KM", "REMARKS": null, "Discharge m3/day": 22.0, "remarks_Frank": null, "Y": 28.785778, "X": 77.294194 }, "geometry": { "type": "Point", "coordinates": [ 77.294194, 28.785778 ] } },
{ "type": "Feature", "properties": { "NAME OF THE INDUSTRY AND ADDRESS": "AJAY VEER SIROHA,K-23,APPAREL PARK,SECTOR-D1 (P3),TRONICA CITY,LONI", "Sub District": "Loni", "District": "Ghaziabad", "LATITUDE": "28?43'54.2\"N", "LONGITUDE": "77?18'03.0\"E", "PRODUCT AND PRODUCTION CAPACITY": "GARMENT DYEING/WASHING", "QUANTITY OF EFFLUENT (KLD)": "15", "STATUS OF EFFLUENT TREATMENT PLANT (ETP)": "INSTALLED", "ADEQUACY": "-", "EFFLUENT DISPOSAL POINT APPROX": "JAWLI DRAIN", "DISTANCE FROM RIVER": "APPROX 12.8 KM", "REMARKS": null, "Discharge m3/day": 15.0, "remarks_Frank": null, "Y": 28.731722, "X": 77.300833 }, "geometry": { "type": "Point", "coordinates": [ 77.300833, 28.731722 ] } },
{ "type": "Feature", "properties": { "NAME OF THE INDUSTRY AND ADDRESS": "APERAL PARK TRONICA CITY CETP,PHASE-1,(FOR TEXTILE UNITS),GHAZIABAD CARE OF REGIONAL MANAGER UPSIDC RAJ NAGAR,DISTRICT CENTER,RAJ NAGAR,GHAZIABAD", "Sub District": "Loni", "District": "Ghaziabad", "LATITUDE": "28?43'54.2\"N", "LONGITUDE": "77?18'03.0\"E", "PRODUCT AND PRODUCTION CAPACITY": "CETP", "QUANTITY OF EFFLUENT (KLD)": "4000", "STATUS OF EFFLUENT TREATMENT PLANT (ETP)": "INSTALLED", "ADEQUACY": "-", "EFFLUENT DISPOSAL POINT APPROX": "JAWLI DRAIN", "DISTANCE FROM RIVER": "APPROX 12.8 KM", "REMARKS": null, "Discharge m3/day": 4000.0, "remarks_Frank": null, "Y": 28.731722, "X": 77.300833 }, "geometry": { "type": "Point", "coordinates": [ 77.300833, 28.731722 ] } },
{ "type": "Feature", "properties": { "NAME OF THE INDUSTRY AND ADDRESS": "APEX UDYOG,I-4,SEC D-1,APPAREL PARK,TRONICA CITY,LONI,GHAZIABAD", "Sub District": "Loni", "District": "Ghaziabad", "LATITUDE": "28?43'54.2\"N", "LONGITUDE": "77?18'03.0\"E", "PRODUCT AND PRODUCTION CAPACITY": "GARMENT DYEING/WASHING", "QUANTITY OF EFFLUENT (KLD)": "15", "STATUS OF EFFLUENT TREATMENT PLANT (ETP)": "INSTALLED", "ADEQUACY": "-", "EFFLUENT DISPOSAL POINT APPROX": "JAWLI DRAIN", "DISTANCE FROM RIVER": "APPROX 12.8 KM", "REMARKS": null, "Discharge m3/day": 15.0, "remarks_Frank": null, "Y": 28.731722, "X": 77.300833 }, "geometry": { "type": "Point", "coordinates": [ 77.300833, 28.731722 ] } },
{ "type": "Feature", "properties": { "NAME OF THE INDUSTRY AND ADDRESS": "ASHOK YADAV & RAJESH YADAV ,S-126,SITE-2,LONI ROAD,GHAZIABAD", "Sub District": "Loni", "District": "Ghaziabad", "LATITUDE": "28?43'54.2\"N", "LONGITUDE": "77?18'03.0\"E", "PRODUCT AND PRODUCTION CAPACITY": "STEEL PIPE & PIPE FITTINGS", "QUANTITY OF EFFLUENT (KLD)": "2", "STATUS OF EFFLUENT TREATMENT PLANT (ETP)": "INSTALLED", "ADEQUACY": "ADEQUATE", "EFFLUENT DISPOSAL POINT APPROX": "KAREHDA DRAIN", "DISTANCE FROM RIVER": "APPROX 1.12 KM", "REMARKS": null, "Discharge m3/day": 2.0, "remarks_Frank": null, "Y": 28.731722, "X": 77.300833 }, "geometry": { "type": "Point", "coordinates": [ 77.300833, 28.731722 ] } },
{ "type": "Feature", "properties": { "NAME OF THE INDUSTRY AND ADDRESS": "CHACHA ENTERPRISES,J-4 APPRAL PARK,TRONICA CITY,LONI GHAZIABAD", "Sub District": "Loni", "District": "Ghaziabad", "LATITUDE": "28?43'54.2\"N", "LONGITUDE": "77?18'03.0\"E", "PRODUCT AND PRODUCTION CAPACITY": "GARMENT DYEING /WASHING", "QUANTITY OF EFFLUENT (KLD)": "10", "STATUS OF EFFLUENT TREATMENT PLANT (ETP)": "INSTALLED", "ADEQUACY": "-", "EFFLUENT DISPOSAL POINT APPROX": "JAWLI DRAIN", "DISTANCE FROM RIVER": "APPROX 12.8 KM", "REMARKS": null, "Discharge m3/day": 10.0, "remarks_Frank": null, "Y": 28.731722, "X": 77.300833 }, "geometry": { "type": "Point", "coordinates": [ 77.300833, 28.731722 ] } },
{ "type": "Feature", "properties": { "NAME OF THE INDUSTRY AND ADDRESS": "CHARBI APPARELS, 101/2, ARYA NAGAR IND. AREA,LONI,GHAZIABAD", "Sub District": "Loni", "District": "Ghaziabad", "LATITUDE": "28?43'54.2\"N", "LONGITUDE": "77?18'03.0\"E", "PRODUCT AND PRODUCTION CAPACITY": "JEANS DYEING/WASHING-300 PCS/DAY", "QUANTITY OF EFFLUENT (KLD)": "7", "STATUS OF EFFLUENT TREATMENT PLANT (ETP)": "INSTALLED", "ADEQUACY": "ADEQUATE", "EFFLUENT DISPOSAL POINT APPROX": "JAWLI DRAIN", "DISTANCE FROM RIVER": "APPROX 10.1 KM", "REMARKS": null, "Discharge m3/day": 7.0, "remarks_Frank": null, "Y": 28.731722, "X": 77.300833 }, "geometry": { "type": "Point", "coordinates": [ 77.300833, 28.731722 ] } },
{ "type": "Feature", "properties": { "NAME OF THE INDUSTRY AND ADDRESS": "D.K. JAIN, G-262,SECTOR D-1(P),APARELS PARK, TRONICA CITY,LONI,GHAZIABAD", "Sub District": "Loni", "District": "Ghaziabad", "LATITUDE": "28?43'54.2\"N", "LONGITUDE": "77?18'03.0\"E", "PRODUCT AND PRODUCTION CAPACITY": "GARMENT DYEING/WASHING", "QUANTITY OF EFFLUENT (KLD)": "20", "STATUS OF EFFLUENT TREATMENT PLANT (ETP)": "INSTALLED", "ADEQUACY": "-", "EFFLUENT DISPOSAL POINT APPROX": "JAWLI DRAIN", "DISTANCE FROM RIVER": "APPROX 12.8 KM", "REMARKS": null, "Discharge m3/day": 20.0, "remarks_Frank": null, "Y": 28.731722, "X": 77.300833 }, "geometry": { "type": "Point", "coordinates": [ 77.300833, 28.731722 ] } },
{ "type": "Feature", "properties": { "NAME OF THE INDUSTRY AND ADDRESS": "COLORISE (OLD NAME DEEPAK GAMBHIR),E-12 APPAREL PARK ,SECTOR D-1(P3),TRONICA CITY,LONI", "Sub District": "Loni", "District": "Ghaziabad", "LATITUDE": "28?43'54.2\"N", "LONGITUDE": "77?18'03.0\"E", "PRODUCT AND PRODUCTION CAPACITY": "GARMENT DYEING/WASHING", "QUANTITY OF EFFLUENT (KLD)": "55", "STATUS OF EFFLUENT TREATMENT PLANT (ETP)": "INSTALLED", "ADEQUACY": "-", "EFFLUENT DISPOSAL POINT APPROX": "JAWLI DRAIN", "DISTANCE FROM RIVER": "APPROX 12.8 KM", "REMARKS": null, "Discharge m3/day": 55.0, "remarks_Frank": null, "Y": 28.731722, "X": 77.300833 }, "geometry": { "type": "Point", "coordinates": [ 77.300833, 28.731722 ] } },
{ "type": "Feature", "properties": { "NAME OF THE INDUSTRY AND ADDRESS": "DENIM MATCHING,G-141,APPAREL PARK,SECTOR D-1(P3),TRONICA CITY,LONI,GHAZIABAD", "Sub District": "Loni", "District": "Ghaziabad", "LATITUDE": "28?43'54.2\"N", "LONGITUDE": "77?18'03.0\"E", "PRODUCT AND PRODUCTION CAPACITY": "GARMENT DYEING/WASHING", "QUANTITY OF EFFLUENT (KLD)": "18", "STATUS OF EFFLUENT TREATMENT PLANT (ETP)": "INSTALLED", "ADEQUACY": "-", "EFFLUENT DISPOSAL POINT APPROX": "JAWLI DRAIN", "DISTANCE FROM RIVER": "APPROX 12.8 KM", "REMARKS": null, "Discharge m3/day": 18.0, "remarks_Frank": null, "Y": 28.731722, "X": 77.300833 }, "geometry": { "type": "Point", "coordinates": [ 77.300833, 28.731722 ] } },
{ "type": "Feature", "properties": { "NAME OF THE INDUSTRY AND ADDRESS": "DURGESHWARI GARMENTS PVT LTD.,E-13,SECT-13-1,APPRAL PARK,TRONICA CITY,LONI,GHAZIABAD", "Sub District": "Loni", "District": "Ghaziabad", "LATITUDE": "28?43'54.2\"N", "LONGITUDE": "77?18'03.0\"E", "PRODUCT AND PRODUCTION CAPACITY": "DYEING & WASHING OF READYMADE GARMENTS-6000 PCS/DAY", "QUANTITY OF EFFLUENT (KLD)": "150", "STATUS OF EFFLUENT TREATMENT PLANT (ETP)": "INSTALLED", "ADEQUACY": "ADEQUATE", "EFFLUENT DISPOSAL POINT APPROX": "JAWLI DRAIN", "DISTANCE FROM RIVER": "APPROX 12.8 KM", "REMARKS": null, "Discharge m3/day": 150.0, "remarks_Frank": null, "Y": 28.731722, "X": 77.300833 }, "geometry": { "type": "Point", "coordinates": [ 77.300833, 28.731722 ] } },
{ "type": "Feature", "properties": { "NAME OF THE INDUSTRY AND ADDRESS": "EKANSH TEXTILE,K-36,SEC D-1,APPAREL PARK,TRONICA CITY,LONI,GHAZIABAD", "Sub District": "Loni", "District": "Ghaziabad", "LATITUDE": "28?43'54.2\"N", "LONGITUDE": "77?18'03.0\"E", "PRODUCT AND PRODUCTION CAPACITY": "GARMENT DYEING/WASHING", "QUANTITY OF EFFLUENT (KLD)": "50", "STATUS OF EFFLUENT TREATMENT PLANT (ETP)": "INSTALLED", "ADEQUACY": "-", "EFFLUENT DISPOSAL POINT APPROX": "JAWLI DRAIN", "DISTANCE FROM RIVER": "APPROX 12.8 KM", "REMARKS": null, "Discharge m3/day": 50.0, "remarks_Frank": null, "Y": 28.731722, "X": 77.300833 }, "geometry": { "type": "Point", "coordinates": [ 77.300833, 28.731722 ] } },
{ "type": "Feature", "properties": { "NAME OF THE INDUSTRY AND ADDRESS": "EXCELLENTS APPARELS PVT. LTD.,K-52,SEC D-1(P3),TRONICA CITY,LONI,GHAZIABAD", "Sub District": "Loni", "District": "Ghaziabad", "LATITUDE": "28?43'54.2\"N", "LONGITUDE": "77?18'03.0\"E", "PRODUCT AND PRODUCTION CAPACITY": "GARMENT DYEING/WASHING", "QUANTITY OF EFFLUENT (KLD)": "25", "STATUS OF EFFLUENT TREATMENT PLANT (ETP)": "INSTALLED", "ADEQUACY": "-", "EFFLUENT DISPOSAL POINT APPROX": "JAWLI DRAIN", "DISTANCE FROM RIVER": "APPROX 12.8 KM", "REMARKS": null, "Discharge m3/day": 25.0, "remarks_Frank": null, "Y": 28.731722, "X": 77.300833 }, "geometry": { "type": "Point", "coordinates": [ 77.300833, 28.731722 ] } },
{ "type": "Feature", "properties": { "NAME OF THE INDUSTRY AND ADDRESS": "GHAN SHYAM TEXTILES,,K-19,SECTOR D-1(P),APARELS PARK,TRONICA CITY,LONI.GHAZIABAD", "Sub District": "Loni", "District": "Ghaziabad", "LATITUDE": "28?43'54.2\"N", "LONGITUDE": "77?18'03.0\"E", "PRODUCT AND PRODUCTION CAPACITY": "GARMENT DYEING/WASHING", "QUANTITY OF EFFLUENT (KLD)": "23", "STATUS OF EFFLUENT TREATMENT PLANT (ETP)": "INSTALLED", "ADEQUACY": "-", "EFFLUENT DISPOSAL POINT APPROX": "JAWLI DRAIN", "DISTANCE FROM RIVER": "APPROX 12.8 KM", "REMARKS": null, "Discharge m3/day": 23.0, "remarks_Frank": null, "Y": 28.731722, "X": 77.300833 }, "geometry": { "type": "Point", "coordinates": [ 77.300833, 28.731722 ] } },
{ "type": "Feature", "properties": { "NAME OF THE INDUSTRY AND ADDRESS": "GULSHAN RAI JAIN,G-82,APPAREL PARK,SECTOR D-1(P3),TRONICA CITY,LONI,GHAZIABAD", "Sub District": "Loni", "District": "Ghaziabad", "LATITUDE": "28?43'54.2\"N", "LONGITUDE": "77?18'03.0\"E", "PRODUCT AND PRODUCTION CAPACITY": "GARMENT DYEING/WASHING", "QUANTITY OF EFFLUENT (KLD)": "20", "STATUS OF EFFLUENT TREATMENT PLANT (ETP)": "INSTALLED", "ADEQUACY": "-", "EFFLUENT DISPOSAL POINT APPROX": "JAWLI DRAIN", "DISTANCE FROM RIVER": "APPROX 12.8 KM", "REMARKS": null, "Discharge m3/day": 20.0, "remarks_Frank": null, "Y": 28.731722, "X": 77.300833 }, "geometry": { "type": "Point", "coordinates": [ 77.300833, 28.731722 ] } },
{ "type": "Feature", "properties": { "NAME OF THE INDUSTRY AND ADDRESS": "GYAN CHAND & SONS,G-87,APPAREL PARK,SECTOR D-1(P3),TRONICA CITY,LONI,GHAZIABAD", "Sub District": "Loni", "District": "Ghaziabad", "LATITUDE": "28?43'54.2\"N", "LONGITUDE": "77?18'03.0\"E", "PRODUCT AND PRODUCTION CAPACITY": "GARMENT DYEING/WASHING", "QUANTITY OF EFFLUENT (KLD)": "-", "STATUS OF EFFLUENT TREATMENT PLANT (ETP)": "INSTALLED", "ADEQUACY": "-", "EFFLUENT DISPOSAL POINT APPROX": "JAWLI DRAIN", "DISTANCE FROM RIVER": "APPROX 12.8 KM", "REMARKS": null, "Discharge m3/day": 0.0, "remarks_Frank": "nan", "Y": 28.731722, "X": 77.300833 }, "geometry": { "type": "Point", "coordinates": [ 77.300833, 28.731722 ] } },
{ "type": "Feature", "properties": { "NAME OF THE INDUSTRY AND ADDRESS": "J.B.S. PROCESSORS,G-104,APPAREL PARK,SECTOR D-1(P3),TRONICA CITY,LONI,GHAZIABAD", "Sub District": "Loni", "District": "Ghaziabad", "LATITUDE": "28?43'54.2\"N", "LONGITUDE": "77?18'03.0\"E", "PRODUCT AND PRODUCTION CAPACITY": "GARMENT DYEING/WASHING", "QUANTITY OF EFFLUENT (KLD)": "14", "STATUS OF EFFLUENT TREATMENT PLANT (ETP)": "INSTALLED", "ADEQUACY": "-", "EFFLUENT DISPOSAL POINT APPROX": "JAWLI DRAIN", "DISTANCE FROM RIVER": "APPROX 12.8 KM", "REMARKS": null, "Discharge m3/day": 14.0, "remarks_Frank": null, "Y": 28.731722, "X": 77.300833 }, "geometry": { "type": "Point", "coordinates": [ 77.300833, 28.731722 ] } },
{ "type": "Feature", "properties": { "NAME OF THE INDUSTRY AND ADDRESS": "JAI MATA DI DYERS,I-9,SECTOR D-1(P3),TRONICA CITY,LONI,GHAZIABAD", "Sub District": "Loni", "District": "Ghaziabad", "LATITUDE": "28?43'54.2\"N", "LONGITUDE": "77?18'03.0\"E", "PRODUCT AND PRODUCTION CAPACITY": "GARMENT DYEING/WASHING", "QUANTITY OF EFFLUENT (KLD)": "22", "STATUS OF EFFLUENT TREATMENT PLANT (ETP)": "INSTALLED", "ADEQUACY": "-", "EFFLUENT DISPOSAL POINT APPROX": "JAWLI DRAIN", "DISTANCE FROM RIVER": "APPROX 12.8 KM", "REMARKS": null, "Discharge m3/day": 22.0, "remarks_Frank": null, "Y": 28.731722, "X": 77.300833 }, "geometry": { "type": "Point", "coordinates": [ 77.300833, 28.731722 ] } },
{ "type": "Feature", "properties": { "NAME OF THE INDUSTRY AND ADDRESS": "JAI SHRI DYEING,I-21,APPAREL PARK,SECTOR D-1(P3),TRONICA CITY,LONI,GHAZIABAD", "Sub District": "Loni", "District": "Ghaziabad", "LATITUDE": "28?43'54.2\"N", "LONGITUDE": "77?18'03.0\"E", "PRODUCT AND PRODUCTION CAPACITY": "GARMENT DYEING/WASHING", "QUANTITY OF EFFLUENT (KLD)": "8", "STATUS OF EFFLUENT TREATMENT PLANT (ETP)": "INSTALLED", "ADEQUACY": "-", "EFFLUENT DISPOSAL POINT APPROX": "JAWLI DRAIN", "DISTANCE FROM RIVER": "APPROX 12.8 KM", "REMARKS": null, "Discharge m3/day": 8.0, "remarks_Frank": null, "Y": 28.731722, "X": 77.300833 }, "geometry": { "type": "Point", "coordinates": [ 77.300833, 28.731722 ] } },
{ "type": "Feature", "properties": { "NAME OF THE INDUSTRY AND ADDRESS": "KRISH GARMENTS (OLD NAME SANJEEV KUMAR),G-109,APPAREL PARK,SECTOR D-1(P3),TRONICA CITY,LONI,GHAZIABAD", "Sub District": "Loni", "District": "Ghaziabad", "LATITUDE": "28?43'54.2\"N", "LONGITUDE": "77?18'03.0\"E", "PRODUCT AND PRODUCTION CAPACITY": "GARMENT DYEING/WASHING", "QUANTITY OF EFFLUENT (KLD)": "18", "STATUS OF EFFLUENT TREATMENT PLANT (ETP)": "INSTALLED", "ADEQUACY": "-", "EFFLUENT DISPOSAL POINT APPROX": "JAWLI DRAIN", "DISTANCE FROM RIVER": "APPROX 12.8 KM", "REMARKS": null, "Discharge m3/day": 18.0, "remarks_Frank": null, "Y": 28.731722, "X": 77.300833 }, "geometry": { "type": "Point", "coordinates": [ 77.300833, 28.731722 ] } },
{ "type": "Feature", "properties": { "NAME OF THE INDUSTRY AND ADDRESS": "LAXMI BLEACH (NEW NAME MANI BHADRA PROCESSORS),G-102,APPAREL PARK,SECTOR D-1(P3),TRONICA CITY,LONI,GHAZIABAD", "Sub District": "Loni", "District": "Ghaziabad", "LATITUDE": "28?43'54.2\"N", "LONGITUDE": "77?18'03.0\"E", "PRODUCT AND PRODUCTION CAPACITY": "GARMENT DYEING/WASHING", "QUANTITY OF EFFLUENT (KLD)": "18", "STATUS OF EFFLUENT TREATMENT PLANT (ETP)": "INSTALLED", "ADEQUACY": "-", "EFFLUENT DISPOSAL POINT APPROX": "JAWLI DRAIN", "DISTANCE FROM RIVER": "APPROX 12.8 KM", "REMARKS": null, "Discharge m3/day": 18.0, "remarks_Frank": null, "Y": 28.731722, "X": 77.300833 }, "geometry": { "type": "Point", "coordinates": [ 77.300833, 28.731722 ] } },
{ "type": "Feature", "properties": { "NAME OF THE INDUSTRY AND ADDRESS": "LAXMI PROCESSORS,K-16,SECT-D-1,POCKET-3,APPAREL PARK,TRONICA CITY,LONI,GHAZIABAD", "Sub District": "Loni", "District": "Ghaziabad", "LATITUDE": "28?43'54.2\"N", "LONGITUDE": "77?18'03.0\"E", "PRODUCT AND PRODUCTION CAPACITY": "GARMENT DYEING/WASHING", "QUANTITY OF EFFLUENT (KLD)": "23", "STATUS OF EFFLUENT TREATMENT PLANT (ETP)": "INSTALLED", "ADEQUACY": "-", "EFFLUENT DISPOSAL POINT APPROX": "JAWLI DRAIN", "DISTANCE FROM RIVER": "APPROX 12.8 KM", "REMARKS": null, "Discharge m3/day": 23.0, "remarks_Frank": null, "Y": 28.731722, "X": 77.300833 }, "geometry": { "type": "Point", "coordinates": [ 77.300833, 28.731722 ] } },
{ "type": "Feature", "properties": { "NAME OF THE INDUSTRY AND ADDRESS": "M.S. TRADING,E-15,SECTOR D-1(P),APPAREL PARK,TRONICA CITY,LONI,GHAZIABAD", "Sub District": "Loni", "District": "Ghaziabad", "LATITUDE": "28?43'54.2\"N", "LONGITUDE": "77?18'03.0\"E", "PRODUCT AND PRODUCTION CAPACITY": "GARMENT DYEING/WASHING", "QUANTITY OF EFFLUENT (KLD)": "18", "STATUS OF EFFLUENT TREATMENT PLANT (ETP)": "INSTALLED", "ADEQUACY": "-", "EFFLUENT DISPOSAL POINT APPROX": "JAWLI DRAIN", "DISTANCE FROM RIVER": "APPROX 12.8 KM", "REMARKS": null, "Discharge m3/day": 18.0, "remarks_Frank": null, "Y": 28.731722, "X": 77.300833 }, "geometry": { "type": "Point", "coordinates": [ 77.300833, 28.731722 ] } },
{ "type": "Feature", "properties": { "NAME OF THE INDUSTRY AND ADDRESS": "NANDI ENTERPRISES,J-15,SEC D-1(P3),APPAREL PARK,TRONICA CITY,LONI,GHAZIABAD", "Sub District": "Loni", "District": "Ghaziabad", "LATITUDE": "28?43'54.2\"N", "LONGITUDE": "77?18'03.0\"E", "PRODUCT AND PRODUCTION CAPACITY": "GARMENT DYEING/WASHING", "QUANTITY OF EFFLUENT (KLD)": "19", "STATUS OF EFFLUENT TREATMENT PLANT (ETP)": "INSTALLED", "ADEQUACY": "-", "EFFLUENT DISPOSAL POINT APPROX": "JAWLI DRAIN", "DISTANCE FROM RIVER": "APPROX 12.8 KM", "REMARKS": null, "Discharge m3/day": 19.0, "remarks_Frank": null, "Y": 28.731722, "X": 77.300833 }, "geometry": { "type": "Point", "coordinates": [ 77.300833, 28.731722 ] } },
{ "type": "Feature", "properties": { "NAME OF THE INDUSTRY AND ADDRESS": "NANDI ENTERPRISES,K-14,SEC D-1(P3),APPAREL PARK,TRONICA CITY,LONI,GHAZIABAD", "Sub District": "Loni", "District": "Ghaziabad", "LATITUDE": "28?43'54.2\"N", "LONGITUDE": "77?18'03.0\"E", "PRODUCT AND PRODUCTION CAPACITY": "GARMENT DYEING/WASHING", "QUANTITY OF EFFLUENT (KLD)": "19", "STATUS OF EFFLUENT TREATMENT PLANT (ETP)": "INSTALLED", "ADEQUACY": "-", "EFFLUENT DISPOSAL POINT APPROX": "JAWLI DRAIN", "DISTANCE FROM RIVER": "APPROX 12.8 KM", "REMARKS": null, "Discharge m3/day": 19.0, "remarks_Frank": null, "Y": 28.731722, "X": 77.300833 }, "geometry": { "type": "Point", "coordinates": [ 77.300833, 28.731722 ] } },
{ "type": "Feature", "properties": { "NAME OF THE INDUSTRY AND ADDRESS": "OM PRAKASH SHARMA,J-11,APPAREL PARK,SECTOR-D-1(P3),TRONICA CITY,LONI,GHAZIABAD", "Sub District": "Loni", "District": "Ghaziabad", "LATITUDE": "28?43'54.2\"N", "LONGITUDE": "77?18'03.0\"E", "PRODUCT AND PRODUCTION CAPACITY": "GARMENT DYEING/WASHING", "QUANTITY OF EFFLUENT (KLD)": "35", "STATUS OF EFFLUENT TREATMENT PLANT (ETP)": "INSTALLED", "ADEQUACY": "-", "EFFLUENT DISPOSAL POINT APPROX": "JAWLI DRAIN", "DISTANCE FROM RIVER": "APPROX 12.8 KM", "REMARKS": null, "Discharge m3/day": 35.0, "remarks_Frank": null, "Y": 28.731722, "X": 77.300833 }, "geometry": { "type": "Point", "coordinates": [ 77.300833, 28.731722 ] } },
{ "type": "Feature", "properties": { "NAME OF THE INDUSTRY AND ADDRESS": "POOJA PAHAWA,K-11,SEC D-1(P3),APPAREL PARK,TRONICA CITY,LONI,GHAZIABAD", "Sub District": "Loni", "District": "Ghaziabad", "LATITUDE": "28?43'54.2\"N", "LONGITUDE": "77?18'03.0\"E", "PRODUCT AND PRODUCTION CAPACITY": "GARMENT DYEING/WASHING", "QUANTITY OF EFFLUENT (KLD)": "25", "STATUS OF EFFLUENT TREATMENT PLANT (ETP)": "INSTALLED", "ADEQUACY": "-", "EFFLUENT DISPOSAL POINT APPROX": "JAWLI DRAIN", "DISTANCE FROM RIVER": "APPROX 12.8 KM", "REMARKS": null, "Discharge m3/day": 25.0, "remarks_Frank": null, "Y": 28.731722, "X": 77.300833 }, "geometry": { "type": "Point", "coordinates": [ 77.300833, 28.731722 ] } },
{ "type": "Feature", "properties": { "NAME OF THE INDUSTRY AND ADDRESS": "PRADEEP KUMAR,G-92,SEC D-1(P3),APPAREL PARK,TRONICA CITY,LONI,GHAZIABAD", "Sub District": "Loni", "District": "Ghaziabad", "LATITUDE": "28?43'54.2\"N", "LONGITUDE": "77?18'03.0\"E", "PRODUCT AND PRODUCTION CAPACITY": "GARMENT DYEING/WASHING", "QUANTITY OF EFFLUENT (KLD)": "25", "STATUS OF EFFLUENT TREATMENT PLANT (ETP)": "INSTALLED", "ADEQUACY": "-", "EFFLUENT DISPOSAL POINT APPROX": "JAWLI DRAIN", "DISTANCE FROM RIVER": "APPROX 12.8 KM", "REMARKS": null, "Discharge m3/day": 25.0, "remarks_Frank": null, "Y": 28.731722, "X": 77.300833 }, "geometry": { "type": "Point", "coordinates": [ 77.300833, 28.731722 ] } },
{ "type": "Feature", "properties": { "NAME OF THE INDUSTRY AND ADDRESS": "PURAN MUNJAL (NEW NAME ADHUNIK DYEING),H-12,SEC D-1,APPAREL PARK,TRONICA CITY,LONI,GHAZIABAD", "Sub District": "Loni", "District": "Ghaziabad", "LATITUDE": "28?43'54.2\"N", "LONGITUDE": "77?18'03.0\"E", "PRODUCT AND PRODUCTION CAPACITY": "GARMENT DYEING/WASHING", "QUANTITY OF EFFLUENT (KLD)": "55", "STATUS OF EFFLUENT TREATMENT PLANT (ETP)": "INSTALLED", "ADEQUACY": "-", "EFFLUENT DISPOSAL POINT APPROX": "JAWLI DRAIN", "DISTANCE FROM RIVER": "APPROX 12.8 KM", "REMARKS": null, "Discharge m3/day": 55.0, "remarks_Frank": null, "Y": 28.731722, "X": 77.300833 }, "geometry": { "type": "Point", "coordinates": [ 77.300833, 28.731722 ] } },
{ "type": "Feature", "properties": { "NAME OF THE INDUSTRY AND ADDRESS": "QUADRI PROCESSORS,I-8,SEC D-1(P3),APPAREL PARK,TRONICA CITY,LONI,GHAZIABAD", "Sub District": "Loni", "District": "Ghaziabad", "LATITUDE": "28?43'54.2\"N", "LONGITUDE": "77?18'03.0\"E", "PRODUCT AND PRODUCTION CAPACITY": "GARMENT DYEING/WASHING", "QUANTITY OF EFFLUENT (KLD)": "8", "STATUS OF EFFLUENT TREATMENT PLANT (ETP)": "INSTALLED", "ADEQUACY": "-", "EFFLUENT DISPOSAL POINT APPROX": "JAWLI DRAIN", "DISTANCE FROM RIVER": "APPROX 12.8 KM", "REMARKS": null, "Discharge m3/day": 8.0, "remarks_Frank": null, "Y": 28.731722, "X": 77.300833 }, "geometry": { "type": "Point", "coordinates": [ 77.300833, 28.731722 ] } },
{ "type": "Feature", "properties": { "NAME OF THE INDUSTRY AND ADDRESS": "R.R. IMPEX,G-261,SEC D-1(P),APPAREL PARK,TRONICA CITY,LONI,GHAZIABAD", "Sub District": "Loni", "District": "Ghaziabad", "LATITUDE": "28?43'54.2\"N", "LONGITUDE": "77?18'03.0\"E", "PRODUCT AND PRODUCTION CAPACITY": "GARMENT DYEING/WASHING", "QUANTITY OF EFFLUENT (KLD)": "22", "STATUS OF EFFLUENT TREATMENT PLANT (ETP)": "INSTALLED", "ADEQUACY": "-", "EFFLUENT DISPOSAL POINT APPROX": "JAWLI DRAIN", "DISTANCE FROM RIVER": "APPROX 12.8 KM", "REMARKS": null, "Discharge m3/day": 22.0, "remarks_Frank": null, "Y": 28.731722, "X": 77.300833 }, "geometry": { "type": "Point", "coordinates": [ 77.300833, 28.731722 ] } },
{ "type": "Feature", "properties": { "NAME OF THE INDUSTRY AND ADDRESS": "RACHITA PROCESSORS,K-33 & K-34,SEC D-1,APPAREL PARK,TRONICA CITY,LONI,GHAZIABAD", "Sub District": "Loni", "District": "Ghaziabad", "LATITUDE": "28?43'54.2\"N", "LONGITUDE": "77?18'03.0\"E", "PRODUCT AND PRODUCTION CAPACITY": "GARMENT DYEING/WASHING", "QUANTITY OF EFFLUENT (KLD)": "70", "STATUS OF EFFLUENT TREATMENT PLANT (ETP)": "INSTALLED", "ADEQUACY": "-", "EFFLUENT DISPOSAL POINT APPROX": "JAWLI DRAIN", "DISTANCE FROM RIVER": "APPROX 12.8 KM", "REMARKS": null, "Discharge m3/day": 70.0, "remarks_Frank": null, "Y": 28.731722, "X": 77.300833 }, "geometry": { "type": "Point", "coordinates": [ 77.300833, 28.731722 ] } },
{ "type": "Feature", "properties": { "NAME OF THE INDUSTRY AND ADDRESS": "RAGGING SONS,I-13,SEC D-1(P3),APPAREL PARK,TRONICA CITY,LONI,GHAZIABAD", "Sub District": "Loni", "District": "Ghaziabad", "LATITUDE": "28?43'54.2\"N", "LONGITUDE": "77?18'03.0\"E", "PRODUCT AND PRODUCTION CAPACITY": "GARMENT DYEING/WASHING", "QUANTITY OF EFFLUENT (KLD)": "15", "STATUS OF EFFLUENT TREATMENT PLANT (ETP)": "INSTALLED", "ADEQUACY": "-", "EFFLUENT DISPOSAL POINT APPROX": "JAWLI DRAIN", "DISTANCE FROM RIVER": "APPROX 12.8 KM", "REMARKS": null, "Discharge m3/day": 15.0, "remarks_Frank": null, "Y": 28.731722, "X": 77.300833 }, "geometry": { "type": "Point", "coordinates": [ 77.300833, 28.731722 ] } },
{ "type": "Feature", "properties": { "NAME OF THE INDUSTRY AND ADDRESS": "RAJEEV KUMAR,G-64,SEC D-1(P3),APPAREL PARK,TRONICA CITY,LONI,GHAZIABAD", "Sub District": "Loni", "District": "Ghaziabad", "LATITUDE": "28?43'54.2\"N", "LONGITUDE": "77?18'03.0\"E", "PRODUCT AND PRODUCTION CAPACITY": "GARMENT DYEING/WASHING", "QUANTITY OF EFFLUENT (KLD)": "25", "STATUS OF EFFLUENT TREATMENT PLANT (ETP)": "INSTALLED", "ADEQUACY": "-", "EFFLUENT DISPOSAL POINT APPROX": "JAWLI DRAIN", "DISTANCE FROM RIVER": "APPROX 12.8 KM", "REMARKS": null, "Discharge m3/day": 25.0, "remarks_Frank": null, "Y": 28.731722, "X": 77.300833 }, "geometry": { "type": "Point", "coordinates": [ 77.300833, 28.731722 ] } },
{ "type": "Feature", "properties": { "NAME OF THE INDUSTRY AND ADDRESS": "ROBEST INFRATECH PVT LTD.,J-13,APPAREL PARK,SECTOR D-1(P3),TRONICA CITY,LONI,GHAZIABAD", "Sub District": "Loni", "District": "Ghaziabad", "LATITUDE": "28?43'54.2\"N", "LONGITUDE": "77?18'03.0\"E", "PRODUCT AND PRODUCTION CAPACITY": "GARMENT DYEING/WASHING", "QUANTITY OF EFFLUENT (KLD)": "18", "STATUS OF EFFLUENT TREATMENT PLANT (ETP)": "INSTALLED", "ADEQUACY": "-", "EFFLUENT DISPOSAL POINT APPROX": "JAWLI DRAIN", "DISTANCE FROM RIVER": "APPROX 12.8 KM", "REMARKS": null, "Discharge m3/day": 18.0, "remarks_Frank": null, "Y": 28.731722, "X": 77.300833 }, "geometry": { "type": "Point", "coordinates": [ 77.300833, 28.731722 ] } },
{ "type": "Feature", "properties": { "NAME OF THE INDUSTRY AND ADDRESS": "ROOP TRADING COMPANY,E-14,SECT D-1,POCKET-3,APPAREL PARK,TRONICA CITY,LONI,GHAZIABAD", "Sub District": "Loni", "District": "Ghaziabad", "LATITUDE": "28?43'54.2\"N", "LONGITUDE": "77?18'03.0\"E", "PRODUCT AND PRODUCTION CAPACITY": "GARMENT DYEING/WASHING", "QUANTITY OF EFFLUENT (KLD)": "40", "STATUS OF EFFLUENT TREATMENT PLANT (ETP)": "INSTALLED", "ADEQUACY": "-", "EFFLUENT DISPOSAL POINT APPROX": "JAWLI DRAIN", "DISTANCE FROM RIVER": "APPROX 12.8 KM", "REMARKS": null, "Discharge m3/day": 40.0, "remarks_Frank": null, "Y": 28.731722, "X": 77.300833 }, "geometry": { "type": "Point", "coordinates": [ 77.300833, 28.731722 ] } },
{ "type": "Feature", "properties": { "NAME OF THE INDUSTRY AND ADDRESS": "ROOP TRADING COMPANY,K-9,SECT D-1,POCKET-3,APPAREL PARK,TRONICA CITY,LONI,GHAZIABAD", "Sub District": "Loni", "District": "Ghaziabad", "LATITUDE": "28?43'54.2\"N", "LONGITUDE": "77?18'03.0\"E", "PRODUCT AND PRODUCTION CAPACITY": "GARMENT DYEING/WASHING", "QUANTITY OF EFFLUENT (KLD)": "0", "STATUS OF EFFLUENT TREATMENT PLANT (ETP)": "INSTALLED", "ADEQUACY": "-", "EFFLUENT DISPOSAL POINT APPROX": "JAWLI DRAIN", "DISTANCE FROM RIVER": "APPROX 12.8 KM", "REMARKS": null, "Discharge m3/day": 0.0, "remarks_Frank": null, "Y": 28.731722, "X": 77.300833 }, "geometry": { "type": "Point", "coordinates": [ 77.300833, 28.731722 ] } },
{ "type": "Feature", "properties": { "NAME OF THE INDUSTRY AND ADDRESS": "ROYAL TECHNO DYERS,K-47,SEC D-1(P3),APPAREL PARK,TRONICA CITY,LONI,GHAZIABAD", "Sub District": "Loni", "District": "Ghaziabad", "LATITUDE": "28?43'54.2\"N", "LONGITUDE": "77?18'03.0\"E", "PRODUCT AND PRODUCTION CAPACITY": "GARMENT DYEING/WASHING", "QUANTITY OF EFFLUENT (KLD)": "36", "STATUS OF EFFLUENT TREATMENT PLANT (ETP)": "INSTALLED", "ADEQUACY": "-", "EFFLUENT DISPOSAL POINT APPROX": "JAWLI DRAIN", "DISTANCE FROM RIVER": "APPROX 12.8 KM", "REMARKS": null, "Discharge m3/day": 36.0, "remarks_Frank": null, "Y": 28.731722, "X": 77.300833 }, "geometry": { "type": "Point", "coordinates": [ 77.300833, 28.731722 ] } },
{ "type": "Feature", "properties": { "NAME OF THE INDUSTRY AND ADDRESS": "S.D. GARMENTS.I-2,SEC D-1(P),POCKET-3,APPAREL PARK,TRONICA CITY,LONI,GHAZIABAD", "Sub District": "Loni", "District": "Ghaziabad", "LATITUDE": "28?43'54.2\"N", "LONGITUDE": "77?18'03.0\"E", "PRODUCT AND PRODUCTION CAPACITY": "GARMENT DYEING/WASHING", "QUANTITY OF EFFLUENT (KLD)": "15", "STATUS OF EFFLUENT TREATMENT PLANT (ETP)": "INSTALLED", "ADEQUACY": "-", "EFFLUENT DISPOSAL POINT APPROX": "JAWLI DRAIN", "DISTANCE FROM RIVER": "APPROX 12.8 KM", "REMARKS": null, "Discharge m3/day": 15.0, "remarks_Frank": null, "Y": 28.731722, "X": 77.300833 }, "geometry": { "type": "Point", "coordinates": [ 77.300833, 28.731722 ] } },
{ "type": "Feature", "properties": { "NAME OF THE INDUSTRY AND ADDRESS": "S.S. HOSIERY (OLD NAME IS NATIONAL INDUSTRIES),G-264,SEC D-1(P3),APPAREL PARK,TRONICA CITY,LONI,GHAZIABAD", "Sub District": "Loni", "District": "Ghaziabad", "LATITUDE": "28?43'54.2\"N", "LONGITUDE": "77?18'03.0\"E", "PRODUCT AND PRODUCTION CAPACITY": "GARMENT DYEING/WASHING", "QUANTITY OF EFFLUENT (KLD)": "16", "STATUS OF EFFLUENT TREATMENT PLANT (ETP)": "INSTALLED", "ADEQUACY": "-", "EFFLUENT DISPOSAL POINT APPROX": "JAWLI DRAIN", "DISTANCE FROM RIVER": "APPROX 12.8 KM", "REMARKS": null, "Discharge m3/day": 16.0, "remarks_Frank": null, "Y": 28.731722, "X": 77.300833 }, "geometry": { "type": "Point", "coordinates": [ 77.300833, 28.731722 ] } },
{ "type": "Feature", "properties": { "NAME OF THE INDUSTRY AND ADDRESS": "S.T. TRADERS,J-5,APPRAL PARK,TRONICA CITY, LONI,GHAZIABAD", "Sub District": "Loni", "District": "Ghaziabad", "LATITUDE": "28?43'54.2\"N", "LONGITUDE": "77?18'03.0\"E", "PRODUCT AND PRODUCTION CAPACITY": "GARMENT DYEING/WASHING", "QUANTITY OF EFFLUENT (KLD)": "8", "STATUS OF EFFLUENT TREATMENT PLANT (ETP)": "INSTALLED", "ADEQUACY": "-", "EFFLUENT DISPOSAL POINT APPROX": "JAWLI DRAIN", "DISTANCE FROM RIVER": "APPROX 12.8 KM", "REMARKS": null, "Discharge m3/day": 8.0, "remarks_Frank": null, "Y": 28.731722, "X": 77.300833 }, "geometry": { "type": "Point", "coordinates": [ 77.300833, 28.731722 ] } },
{ "type": "Feature", "properties": { "NAME OF THE INDUSTRY AND ADDRESS": "S.V.S. FASHION,J-22,SEC D-1(P3),APPAREL PARK,TRONICA CITY,LONI,GHAZIABAD", "Sub District": "Loni", "District": "Ghaziabad", "LATITUDE": "28?43'54.2\"N", "LONGITUDE": "77?18'03.0\"E", "PRODUCT AND PRODUCTION CAPACITY": "GARMENT DYEING/WASHING", "QUANTITY OF EFFLUENT (KLD)": "8.5", "STATUS OF EFFLUENT TREATMENT PLANT (ETP)": "INSTALLED", "ADEQUACY": "-", "EFFLUENT DISPOSAL POINT APPROX": "JAWLI DRAIN", "DISTANCE FROM RIVER": "APPROX 12.8 KM", "REMARKS": null, "Discharge m3/day": 8.5, "remarks_Frank": null, "Y": 28.731722, "X": 77.300833 }, "geometry": { "type": "Point", "coordinates": [ 77.300833, 28.731722 ] } },
{ "type": "Feature", "properties": { "NAME OF THE INDUSTRY AND ADDRESS": "SAI SARAN GARMENT,(NEW NAME LOTUS KNIT PROCESSING HOUSE),G-108,APPAREL PARK,SECTORD-1(P3),TRONICA CITY,LONI,GHAZIABAD", "Sub District": "Loni", "District": "Ghaziabad", "LATITUDE": "28?43'54.2\"N", "LONGITUDE": "77?18'03.0\"E", "PRODUCT AND PRODUCTION CAPACITY": "GARMENT DYEING/WASHING", "QUANTITY OF EFFLUENT (KLD)": "18", "STATUS OF EFFLUENT TREATMENT PLANT (ETP)": "INSTALLED", "ADEQUACY": "-", "EFFLUENT DISPOSAL POINT APPROX": "JAWLI DRAIN", "DISTANCE FROM RIVER": "APPROX 12.8 KM", "REMARKS": null, "Discharge m3/day": 18.0, "remarks_Frank": null, "Y": 28.731722, "X": 77.300833 }, "geometry": { "type": "Point", "coordinates": [ 77.300833, 28.731722 ] } },
{ "type": "Feature", "properties": { "NAME OF THE INDUSTRY AND ADDRESS": "SANDEEP TYAGI,G-271,SEC D-1(P3),APPAREL PARK,TRONICA CITY,LONI,GHAZIABAD", "Sub District": "Loni", "District": "Ghaziabad", "LATITUDE": "28?43'54.2\"N", "LONGITUDE": "77?18'03.0\"E", "PRODUCT AND PRODUCTION CAPACITY": "GARMENT DYEING/WASHING", "QUANTITY OF EFFLUENT (KLD)": "25", "STATUS OF EFFLUENT TREATMENT PLANT (ETP)": "INSTALLED", "ADEQUACY": "-", "EFFLUENT DISPOSAL POINT APPROX": "JAWLI DRAIN", "DISTANCE FROM RIVER": "APPROX 12.8 KM", "REMARKS": null, "Discharge m3/day": 25.0, "remarks_Frank": null, "Y": 28.731722, "X": 77.300833 }, "geometry": { "type": "Point", "coordinates": [ 77.300833, 28.731722 ] } },
{ "type": "Feature", "properties": { "NAME OF THE INDUSTRY AND ADDRESS": "SARA INTERNATIONAL,G-265-266,SEC D-1(P3),APPAREL PARK,TRONICA CITY,LONI,GHAZIABAD", "Sub District": "Loni", "District": "Ghaziabad", "LATITUDE": "28?43'54.2\"N", "LONGITUDE": "77?18'03.0\"E", "PRODUCT AND PRODUCTION CAPACITY": "GARMENT DYEING/WASHING", "QUANTITY OF EFFLUENT (KLD)": "19", "STATUS OF EFFLUENT TREATMENT PLANT (ETP)": "INSTALLED", "ADEQUACY": "-", "EFFLUENT DISPOSAL POINT APPROX": "JAWLI DRAIN", "DISTANCE FROM RIVER": "APPROX 12.8 KM", "REMARKS": null, "Discharge m3/day": 19.0, "remarks_Frank": null, "Y": 28.731722, "X": 77.300833 }, "geometry": { "type": "Point", "coordinates": [ 77.300833, 28.731722 ] } },
{ "type": "Feature", "properties": { "NAME OF THE INDUSTRY AND ADDRESS": "SHAFALL DYEING,G-84,SEC D-1(P),APPAREL PARK,TRONICA CITY,LONI,GHAZIABAD", "Sub District": "Loni", "District": "Ghaziabad", "LATITUDE": "28?43'54.2\"N", "LONGITUDE": "77?18'03.0\"E", "PRODUCT AND PRODUCTION CAPACITY": "GARMENT DYEING/WASHING", "QUANTITY OF EFFLUENT (KLD)": "18", "STATUS OF EFFLUENT TREATMENT PLANT (ETP)": "INSTALLED", "ADEQUACY": "-", "EFFLUENT DISPOSAL POINT APPROX": "JAWLI DRAIN", "DISTANCE FROM RIVER": "APPROX 12.8 KM", "REMARKS": null, "Discharge m3/day": 18.0, "remarks_Frank": null, "Y": 28.731722, "X": 77.300833 }, "geometry": { "type": "Point", "coordinates": [ 77.300833, 28.731722 ] } },
{ "type": "Feature", "properties": { "NAME OF THE INDUSTRY AND ADDRESS": "SHIVAM COTAGE PVT LTD.,S-110/1,SITE-2,LONI ROAD IND. AREA,GHAZIABAD", "Sub District": "Loni", "District": "Ghaziabad", "LATITUDE": "28?43'54.2\"N", "LONGITUDE": "77?18'03.0\"E", "PRODUCT AND PRODUCTION CAPACITY": "SETTING FABRICATION & HOT DIP GALVANIZING-70000 PCS/DAY", "QUANTITY OF EFFLUENT (KLD)": "10", "STATUS OF EFFLUENT TREATMENT PLANT (ETP)": "INSTALLED", "ADEQUACY": "ADEQUATE", "EFFLUENT DISPOSAL POINT APPROX": "KAREHDA DRAIN", "DISTANCE FROM RIVER": "APPROX 1.12 KM", "REMARKS": null, "Discharge m3/day": 10.0, "remarks_Frank": null, "Y": 28.731722, "X": 77.300833 }, "geometry": { "type": "Point", "coordinates": [ 77.300833, 28.731722 ] } },
{ "type": "Feature", "properties": { "NAME OF THE INDUSTRY AND ADDRESS": "SHRI BALAJI PROCESSORS,S-134,SITE-2,LONI ROAD IND. AREA,GHAZIABAD", "Sub District": "Loni", "District": "Ghaziabad", "LATITUDE": "28?43'54.2\"N", "LONGITUDE": "77?18'03.0\"E", "PRODUCT AND PRODUCTION CAPACITY": "YARN/TEXTILE PROCESSING", "QUANTITY OF EFFLUENT (KLD)": "20", "STATUS OF EFFLUENT TREATMENT PLANT (ETP)": "INSTALLED", "ADEQUACY": "-", "EFFLUENT DISPOSAL POINT APPROX": "KAREHDA DRAIN", "DISTANCE FROM RIVER": "APPROX 1.12 KM", "REMARKS": null, "Discharge m3/day": 20.0, "remarks_Frank": null, "Y": 28.731722, "X": 77.300833 }, "geometry": { "type": "Point", "coordinates": [ 77.300833, 28.731722 ] } },
{ "type": "Feature", "properties": { "NAME OF THE INDUSTRY AND ADDRESS": "SHRI PARAS COLORATION(U.B. DYEING),G-117,SEC D-1(P),APPAREL PARK,TRONICA CITY,LONI,GHAZIABAD", "Sub District": "Loni", "District": "Ghaziabad", "LATITUDE": "28?43'54.2\"N", "LONGITUDE": "77?18'03.0\"E", "PRODUCT AND PRODUCTION CAPACITY": "GARMENT DYEING/WASHING", "QUANTITY OF EFFLUENT (KLD)": "18", "STATUS OF EFFLUENT TREATMENT PLANT (ETP)": "INSTALLED", "ADEQUACY": "-", "EFFLUENT DISPOSAL POINT APPROX": "JAWLI DRAIN", "DISTANCE FROM RIVER": "APPROX 12.8 KM", "REMARKS": null, "Discharge m3/day": 18.0, "remarks_Frank": null, "Y": 28.731722, "X": 77.300833 }, "geometry": { "type": "Point", "coordinates": [ 77.300833, 28.731722 ] } },
{ "type": "Feature", "properties": { "NAME OF THE INDUSTRY AND ADDRESS": "SIDDHI VINAYAK TEXTILE P LTD.,H-11,SEC D-1(P3),APPAREL PARK,TRONICA CITY,LONI,GHAZIABAD", "Sub District": "Loni", "District": "Ghaziabad", "LATITUDE": "28?43'54.2\"N", "LONGITUDE": "77?18'03.0\"E", "PRODUCT AND PRODUCTION CAPACITY": "GARMENT DYEING/WASHING", "QUANTITY OF EFFLUENT (KLD)": "25", "STATUS OF EFFLUENT TREATMENT PLANT (ETP)": "INSTALLED", "ADEQUACY": "-", "EFFLUENT DISPOSAL POINT APPROX": "JAWLI DRAIN", "DISTANCE FROM RIVER": "APPROX 12.8 KM", "REMARKS": null, "Discharge m3/day": 25.0, "remarks_Frank": null, "Y": 28.731722, "X": 77.300833 }, "geometry": { "type": "Point", "coordinates": [ 77.300833, 28.731722 ] } },
{ "type": "Feature", "properties": { "NAME OF THE INDUSTRY AND ADDRESS": "SIDDHI VINAYAK G-103,SEC D-1(P3),APPAREL PARK,TRONICA CITY,LONI,GHAZIABAD", "Sub District": "Loni", "District": "Ghaziabad", "LATITUDE": "28?43'54.2\"N", "LONGITUDE": "77?18'03.0\"E", "PRODUCT AND PRODUCTION CAPACITY": "GARMENT DYEING/WASHING", "QUANTITY OF EFFLUENT (KLD)": "80", "STATUS OF EFFLUENT TREATMENT PLANT (ETP)": "INSTALLED", "ADEQUACY": "-", "EFFLUENT DISPOSAL POINT APPROX": "JAWLI DRAIN", "DISTANCE FROM RIVER": "APPROX 12.8 KM", "REMARKS": null, "Discharge m3/day": 80.0, "remarks_Frank": null, "Y": 28.731722, "X": 77.300833 }, "geometry": { "type": "Point", "coordinates": [ 77.300833, 28.731722 ] } },
{ "type": "Feature", "properties": { "NAME OF THE INDUSTRY AND ADDRESS": "SUDHIR KUMAR JAIN,G-80,SEC D-1(P3),APPAREL PARK,TRONICA CITY,LONI,GHAZIABAD", "Sub District": "Loni", "District": "Ghaziabad", "LATITUDE": "28?43'54.2\"N", "LONGITUDE": "77?18'03.0\"E", "PRODUCT AND PRODUCTION CAPACITY": "GARMENT DYEING/WASHING", "QUANTITY OF EFFLUENT (KLD)": "8", "STATUS OF EFFLUENT TREATMENT PLANT (ETP)": "INSTALLED", "ADEQUACY": "-", "EFFLUENT DISPOSAL POINT APPROX": "JAWLI DRAIN", "DISTANCE FROM RIVER": "APPROX 12.8 KM", "REMARKS": null, "Discharge m3/day": 8.0, "remarks_Frank": null, "Y": 28.731722, "X": 77.300833 }, "geometry": { "type": "Point", "coordinates": [ 77.300833, 28.731722 ] } },
{ "type": "Feature", "properties": { "NAME OF THE INDUSTRY AND ADDRESS": "SUMER MAL( R.K. EXPORTS & IMPORTS),H-13,SEC D-1(P3),APPAREL PARK,TRONICA CITY,LONI,GHAZIABAD", "Sub District": "Loni", "District": "Ghaziabad", "LATITUDE": "28?43'54.2\"N", "LONGITUDE": "77?18'03.0\"E", "PRODUCT AND PRODUCTION CAPACITY": "GARMENT DYEING/WASHING", "QUANTITY OF EFFLUENT (KLD)": "23", "STATUS OF EFFLUENT TREATMENT PLANT (ETP)": "INSTALLED", "ADEQUACY": "-", "EFFLUENT DISPOSAL POINT APPROX": "JAWLI DRAIN", "DISTANCE FROM RIVER": "APPROX 12.8 KM", "REMARKS": null, "Discharge m3/day": 23.0, "remarks_Frank": null, "Y": 28.731722, "X": 77.300833 }, "geometry": { "type": "Point", "coordinates": [ 77.300833, 28.731722 ] } },
{ "type": "Feature", "properties": { "NAME OF THE INDUSTRY AND ADDRESS": "SUN DYERS,I-19,SEC D-1(P3),APPAREL PARK,TRONICA CITY,LONI,GHAZIABAD", "Sub District": "Loni", "District": "Ghaziabad", "LATITUDE": "28?43'54.2\"N", "LONGITUDE": "77?18'03.0\"E", "PRODUCT AND PRODUCTION CAPACITY": "GARMENT DYEING/WASHING", "QUANTITY OF EFFLUENT (KLD)": "18", "STATUS OF EFFLUENT TREATMENT PLANT (ETP)": "INSTALLED", "ADEQUACY": "-", "EFFLUENT DISPOSAL POINT APPROX": "JAWLI DRAIN", "DISTANCE FROM RIVER": "APPROX 12.8 KM", "REMARKS": null, "Discharge m3/day": 18.0, "remarks_Frank": null, "Y": 28.731722, "X": 77.300833 }, "geometry": { "type": "Point", "coordinates": [ 77.300833, 28.731722 ] } },
{ "type": "Feature", "properties": { "NAME OF THE INDUSTRY AND ADDRESS": "SUPREME INDUSTRIES,J-2,APPAREL PARK,TRONICA CITY,LONI,GHAZIABAD", "Sub District": "Loni", "District": "Ghaziabad", "LATITUDE": "28?43'54.2\"N", "LONGITUDE": "77?18'03.0\"E", "PRODUCT AND PRODUCTION CAPACITY": "GARMENT DYEING/WASHING", "QUANTITY OF EFFLUENT (KLD)": "40", "STATUS OF EFFLUENT TREATMENT PLANT (ETP)": "INSTALLED", "ADEQUACY": "ADEQUATE", "EFFLUENT DISPOSAL POINT APPROX": "JAWLI DRAIN", "DISTANCE FROM RIVER": "APPROX 12.8 KM", "REMARKS": null, "Discharge m3/day": 40.0, "remarks_Frank": null, "Y": 28.731722, "X": 77.300833 }, "geometry": { "type": "Point", "coordinates": [ 77.300833, 28.731722 ] } },
{ "type": "Feature", "properties": { "NAME OF THE INDUSTRY AND ADDRESS": "TIWARI FEB,G-255,SEC D-1(P3),APPAREL PARK,TRONICA CITY,LONI,GHAZIABAD", "Sub District": "Loni", "District": "Ghaziabad", "LATITUDE": "28?43'54.2\"N", "LONGITUDE": "77?18'03.0\"E", "PRODUCT AND PRODUCTION CAPACITY": "GARMENT DYEING/WASHING", "QUANTITY OF EFFLUENT (KLD)": "50", "STATUS OF EFFLUENT TREATMENT PLANT (ETP)": "INSTALLED", "ADEQUACY": "-", "EFFLUENT DISPOSAL POINT APPROX": "JAWLI DRAIN", "DISTANCE FROM RIVER": "APPROX 12.8 KM", "REMARKS": null, "Discharge m3/day": 50.0, "remarks_Frank": null, "Y": 28.731722, "X": 77.300833 }, "geometry": { "type": "Point", "coordinates": [ 77.300833, 28.731722 ] } },
{ "type": "Feature", "properties": { "NAME OF THE INDUSTRY AND ADDRESS": "TUSAR GARMENTS (SPECTRUM DYE STUDIO),J-3,SEC D-1(P),APPAREL PARK,TRONICA CITY,LONI,GHAZIABAD", "Sub District": "Loni", "District": "Ghaziabad", "LATITUDE": "28?43'54.2\"N", "LONGITUDE": "77?18'03.0\"E", "PRODUCT AND PRODUCTION CAPACITY": "GARMENT DYEING/WASHING", "QUANTITY OF EFFLUENT (KLD)": "15", "STATUS OF EFFLUENT TREATMENT PLANT (ETP)": "INSTALLED", "ADEQUACY": "-", "EFFLUENT DISPOSAL POINT APPROX": "JAWLI DRAIN", "DISTANCE FROM RIVER": "APPROX 12.8 KM", "REMARKS": null, "Discharge m3/day": 15.0, "remarks_Frank": null, "Y": 28.731722, "X": 77.300833 }, "geometry": { "type": "Point", "coordinates": [ 77.300833, 28.731722 ] } },
{ "type": "Feature", "properties": { "NAME OF THE INDUSTRY AND ADDRESS": "VAISHALI HOSIERY,I-17,SEC-D-1,APPAREL PARK,TRONICA CITY,LONI,GHAZIABAD", "Sub District": "Loni", "District": "Ghaziabad", "LATITUDE": "28?43'54.2\"N", "LONGITUDE": "77?18'03.0\"E", "PRODUCT AND PRODUCTION CAPACITY": "GARMENT DYEING/WASHING", "QUANTITY OF EFFLUENT (KLD)": "15", "STATUS OF EFFLUENT TREATMENT PLANT (ETP)": "INSTALLED", "ADEQUACY": "-", "EFFLUENT DISPOSAL POINT APPROX": "JAWLI DRAIN", "DISTANCE FROM RIVER": "APPROX 12.8 KM", "REMARKS": null, "Discharge m3/day": 15.0, "remarks_Frank": null, "Y": 28.731722, "X": 77.300833 }, "geometry": { "type": "Point", "coordinates": [ 77.300833, 28.731722 ] } },
{ "type": "Feature", "properties": { "NAME OF THE INDUSTRY AND ADDRESS": "VEDANTA ESTATE,I-11,SEC D-1(P3),APPAREL PARK,TRONICA CITY,LONI,GHAZIABAD", "Sub District": "Loni", "District": "Ghaziabad", "LATITUDE": "28?43'54.2\"N", "LONGITUDE": "77?18'03.0\"E", "PRODUCT AND PRODUCTION CAPACITY": "GARMENT DYEING/WASHING", "QUANTITY OF EFFLUENT (KLD)": "18", "STATUS OF EFFLUENT TREATMENT PLANT (ETP)": "INSTALLED", "ADEQUACY": "-", "EFFLUENT DISPOSAL POINT APPROX": "JAWLI DRAIN", "DISTANCE FROM RIVER": "APPROX 12.8 KM", "REMARKS": null, "Discharge m3/day": 18.0, "remarks_Frank": null, "Y": 28.731722, "X": 77.300833 }, "geometry": { "type": "Point", "coordinates": [ 77.300833, 28.731722 ] } },
{ "type": "Feature", "properties": { "NAME OF THE INDUSTRY AND ADDRESS": "VEDANTA ESTATE (NEW NAME A.N. PROCESSORS),I-12,SEC D-1(P3),APPAREL PARK,TRONICA CITY,LONI,GHAZIABAD", "Sub District": "Loni", "District": "Ghaziabad", "LATITUDE": "28?43'54.2\"N", "LONGITUDE": "77?18'03.0\"E", "PRODUCT AND PRODUCTION CAPACITY": "GARMENT DYEING/WASHING", "QUANTITY OF EFFLUENT (KLD)": "18", "STATUS OF EFFLUENT TREATMENT PLANT (ETP)": "INSTALLED", "ADEQUACY": "-", "EFFLUENT DISPOSAL POINT APPROX": "JAWLI DRAIN", "DISTANCE FROM RIVER": "APPROX 12.8 KM", "REMARKS": null, "Discharge m3/day": 18.0, "remarks_Frank": null, "Y": 28.731722, "X": 77.300833 }, "geometry": { "type": "Point", "coordinates": [ 77.300833, 28.731722 ] } },
{ "type": "Feature", "properties": { "NAME OF THE INDUSTRY AND ADDRESS": "VEDANTA ESTATE,J-12,SEC D-1(P3),APPAREL PARK,TRONICA CITY,LONI,GHAZIABAD", "Sub District": "Loni", "District": "Ghaziabad", "LATITUDE": "28?43'54.2\"N", "LONGITUDE": "77?18'03.0\"E", "PRODUCT AND PRODUCTION CAPACITY": "GARMENT DYEING/WASHING", "QUANTITY OF EFFLUENT (KLD)": "18", "STATUS OF EFFLUENT TREATMENT PLANT (ETP)": "INSTALLED", "ADEQUACY": "-", "EFFLUENT DISPOSAL POINT APPROX": "JAWLI DRAIN", "DISTANCE FROM RIVER": "APPROX 12.8 KM", "REMARKS": null, "Discharge m3/day": 18.0, "remarks_Frank": null, "Y": 28.731722, "X": 77.300833 }, "geometry": { "type": "Point", "coordinates": [ 77.300833, 28.731722 ] } },
{ "type": "Feature", "properties": { "NAME OF THE INDUSTRY AND ADDRESS": "U-LIKE INDUSTRY,G-110,SEC D-1(P3),APPAREL PARK,TRONICA CITY,LONI,GHAZIABAD", "Sub District": "Loni", "District": "Ghaziabad", "LATITUDE": "28?43'54.1\"N", "LONGITUDE": "77?18'03.1\"E", "PRODUCT AND PRODUCTION CAPACITY": "GARMENT DYEING/WASHING", "QUANTITY OF EFFLUENT (KLD)": "2", "STATUS OF EFFLUENT TREATMENT PLANT (ETP)": "INSTALLED", "ADEQUACY": "-", "EFFLUENT DISPOSAL POINT APPROX": "JAWLI DRAIN", "DISTANCE FROM RIVER": "APPROX 12.8 KM", "REMARKS": null, "Discharge m3/day": 2.0, "remarks_Frank": null, "Y": 28.731694, "X": 77.300861 }, "geometry": { "type": "Point", "coordinates": [ 77.300861, 28.731694 ] } },
{ "type": "Feature", "properties": { "NAME OF THE INDUSTRY AND ADDRESS": "M/S. NIKITA PAPERS LTD.,INDUSTRIAL AREA,KAIRANA ROAD,SHAMLI", "Sub District": "Kairana road", "District": "Shamli", "LATITUDE": "29?26'42.3\"N?", "LONGITUDE": "77?18'51.3\"E", "PRODUCT AND PRODUCTION CAPACITY": "KRAFT PAPER 125 TPD", "QUANTITY OF EFFLUENT (KLD)": "400", "STATUS OF EFFLUENT TREATMENT PLANT (ETP)": "INSTALLED", "ADEQUACY": "ADEQUATE", "EFFLUENT DISPOSAL POINT APPROX": "STORM WATER DRAIN TO NALA TO RIVER KRISHNI", "DISTANCE FROM RIVER": "25 KM", "REMARKS": "RIVER KRISHNI", "Discharge m3/day": 400.0, "remarks_Frank": null, "Y": 29.445083, "X": 77.31425 }, "geometry": { "type": "Point", "coordinates": [ 77.31425, 29.445083 ] } },
{ "type": "Feature", "properties": { "NAME OF THE INDUSTRY AND ADDRESS": "M/S. UPPER DOAB SUGAR MILLS,SHAMLI", "Sub District": "Dayanand Nagar", "District": "Shamli", "LATITUDE": "29?26'33.8\"N", "LONGITUDE": "77?18'52.5\"E", "PRODUCT AND PRODUCTION CAPACITY": "CRUSHING CAPACITY 6250 TCD", "QUANTITY OF EFFLUENT (KLD)": "1600", "STATUS OF EFFLUENT TREATMENT PLANT (ETP)": "INSTALLED", "ADEQUACY": "ADEQUATE", "EFFLUENT DISPOSAL POINT APPROX": "SHAMLI DRAIN TO RIVER KRISHNI", "DISTANCE FROM RIVER": "20 KM", "REMARKS": "RIVER KRISHNI", "Discharge m3/day": 1600.0, "remarks_Frank": null, "Y": 29.442722, "X": 77.314583 }, "geometry": { "type": "Point", "coordinates": [ 77.314583, 29.442722 ] } },
{ "type": "Feature", "properties": { "NAME OF THE INDUSTRY AND ADDRESS": "FAIR EXPORT (INDIA) PVT LTD.,20/1,SITE-4,IND. AREA,SAHIBABAD,GHAZIABAD. (W/O RENDERING PLANT)", "Sub District": "Sahibabad", "District": "Ghaziabad", "LATITUDE": "28?38'47.8\"N", "LONGITUDE": "77?19'31.1\"E", "PRODUCT AND PRODUCTION CAPACITY": "FROZEN MEAT", "QUANTITY OF EFFLUENT (KLD)": "60", "STATUS OF EFFLUENT TREATMENT PLANT (ETP)": "INSTALLED", "ADEQUACY": "-", "EFFLUENT DISPOSAL POINT APPROX": "SBD DRAIN", "DISTANCE FROM RIVER": "APPROX 5 KM", "REMARKS": null, "Discharge m3/day": 60.0, "remarks_Frank": null, "Y": 28.646611, "X": 77.325306 }, "geometry": { "type": "Point", "coordinates": [ 77.325306, 28.646611 ] } },
{ "type": "Feature", "properties": { "NAME OF THE INDUSTRY AND ADDRESS": "BAJAJ CARPET (P) LTD,VILL-HABIBPUR,NOIDA DADRI ROAD,GREATER NOIDA", "Sub District": "Habibpur", "District": "Greater Noida", "LATITUDE": "28?34'55.8\"N", "LONGITUDE": "77?19'36.0\"E", "PRODUCT AND PRODUCTION CAPACITY": "YARN/TEXTILE PROCESSING", "QUANTITY OF EFFLUENT (KLD)": "8.5", "STATUS OF EFFLUENT TREATMENT PLANT (ETP)": "INSTALLED", "ADEQUACY": "YES", "EFFLUENT DISPOSAL POINT APPROX": "HAWALIA DRAIN", "DISTANCE FROM RIVER": "16 KM", "REMARKS": null, "Discharge m3/day": 8.5, "remarks_Frank": null, "Y": 28.582167, "X": 77.326667 }, "geometry": { "type": "Point", "coordinates": [ 77.326667, 28.582167 ] } },
{ "type": "Feature", "properties": { "NAME OF THE INDUSTRY AND ADDRESS": "NANDI PROCESSORS,4/27,SITE-4,SAHIBABAD IND. AREA,GHAZIABAD", "Sub District": "Sahibabad", "District": "Ghaziabad", "LATITUDE": "28?39'14.4\"N", "LONGITUDE": "77?19'42.8\"E", "PRODUCT AND PRODUCTION CAPACITY": "FABRIC DYEING/WASHING-200 METER/DAY", "QUANTITY OF EFFLUENT (KLD)": "10", "STATUS OF EFFLUENT TREATMENT PLANT (ETP)": "INSTALLED", "ADEQUACY": "ADEQUATE", "EFFLUENT DISPOSAL POINT APPROX": "SBD DRAIN", "DISTANCE FROM RIVER": "APPROX 5 KM", "REMARKS": null, "Discharge m3/day": 10.0, "remarks_Frank": null, "Y": 28.654, "X": 77.328556 }, "geometry": { "type": "Point", "coordinates": [ 77.328556, 28.654 ] } },
{ "type": "Feature", "properties": { "NAME OF THE INDUSTRY AND ADDRESS": "DABUR INDIA LTD,P-22,SITE-4 SAHIBABAD", "Sub District": "Sahibabad", "District": "Ghaziabad", "LATITUDE": "28?38'51.6\"N", "LONGITUDE": "77?19'52.2\"E", "PRODUCT AND PRODUCTION CAPACITY": "AYURVEDIC MEDICINES & CHAWANPRASH", "QUANTITY OF EFFLUENT (KLD)": "350", "STATUS OF EFFLUENT TREATMENT PLANT (ETP)": "INSTALLED", "ADEQUACY": "ADEQUATE", "EFFLUENT DISPOSAL POINT APPROX": "SBD DRAIN", "DISTANCE FROM RIVER": "APPROX 5 KM", "REMARKS": null, "Discharge m3/day": 350.0, "remarks_Frank": null, "Y": 28.647667, "X": 77.331167 }, "geometry": { "type": "Point", "coordinates": [ 77.331167, 28.647667 ] } },
{ "type": "Feature", "properties": { "NAME OF THE INDUSTRY AND ADDRESS": "BHARAT ELECTRONICS LTD.,BHARAT NAGAR,SAHIBABAD INDUSTRIAL AREA,GHAZIABAD", "Sub District": "Sahibabad", "District": "Ghaziabad", "LATITUDE": "28?39'18.5\"N", "LONGITUDE": "77?19'59.1\"E", "PRODUCT AND PRODUCTION CAPACITY": "DEFENCE INSTRUMENTS-SECRET", "QUANTITY OF EFFLUENT (KLD)": "100", "STATUS OF EFFLUENT TREATMENT PLANT (ETP)": "INSTALLED", "ADEQUACY": "ADEQUATE", "EFFLUENT DISPOSAL POINT APPROX": "SBD DRAIN", "DISTANCE FROM RIVER": "APPROX 5 KM", "REMARKS": null, "Discharge m3/day": 100.0, "remarks_Frank": null, "Y": 28.655139, "X": 77.333083 }, "geometry": { "type": "Point", "coordinates": [ 77.333083, 28.655139 ] } },
{ "type": "Feature", "properties": { "NAME OF THE INDUSTRY AND ADDRESS": "J.M.V.L.P.S. LTD.,(EX NAME J.M.V. EARTHING EQUIPMENT PVT LTD) PLOT NO-J-12,SITE-C,UPSIDC,GR. NOIDA", "Sub District": "Budh Vihar", "District": "Greater Noida", "LATITUDE": "28?36'04.8\"N", "LONGITUDE": "77?20'06.1\"E", "PRODUCT AND PRODUCTION CAPACITY": "METAL SURFACE TREATMENT", "QUANTITY OF EFFLUENT (KLD)": "3", "STATUS OF EFFLUENT TREATMENT PLANT (ETP)": "INSTALLED", "ADEQUACY": "YES", "EFFLUENT DISPOSAL POINT APPROX": "HAWALIA DRAIN", "DISTANCE FROM RIVER": "12 KM", "REMARKS": null, "Discharge m3/day": 3.0, "remarks_Frank": null, "Y": 28.601333, "X": 77.335028 }, "geometry": { "type": "Point", "coordinates": [ 77.335028, 28.601333 ] } },
{ "type": "Feature", "properties": { "NAME OF THE INDUSTRY AND ADDRESS": "AJANTA GARTEX PROCESSORS,UNIT-2,18/24,SITE-4,SAHIBABAD,GHAZIABAD", "Sub District": "Sahibabad", "District": "Ghaziabad", "LATITUDE": "28?40'03.2\"N", "LONGITUDE": "77?20'21.0\"E", "PRODUCT AND PRODUCTION CAPACITY": "GARMENT DYEING/WASHING-3000 PCS/DAY", "QUANTITY OF EFFLUENT (KLD)": "50", "STATUS OF EFFLUENT TREATMENT PLANT (ETP)": "INSTALLED", "ADEQUACY": "ADEQUATE", "EFFLUENT DISPOSAL POINT APPROX": "SBD DRAIN", "DISTANCE FROM RIVER": "APPROX 5 KM", "REMARKS": null, "Discharge m3/day": 50.0, "remarks_Frank": null, "Y": 28.667556, "X": 77.339167 }, "geometry": { "type": "Point", "coordinates": [ 77.339167, 28.667556 ] } },
{ "type": "Feature", "properties": { "NAME OF THE INDUSTRY AND ADDRESS": "V.R.S. FOOD LTDS.,(VEDRAM & SONS),UNIT-1,B-56,SITE-4,SAHIBABAD IND. AREA,GHAZIABAD", "Sub District": "Sahibabad", "District": "Ghaziabad", "LATITUDE": "28?39'28.1\"N", "LONGITUDE": "77?20'26.8\"E", "PRODUCT AND PRODUCTION CAPACITY": "MILK PROCESSING-2.5 LAC LTR/DAY", "QUANTITY OF EFFLUENT (KLD)": "150", "STATUS OF EFFLUENT TREATMENT PLANT (ETP)": "INSTALLED", "ADEQUACY": "ADEQUATE", "EFFLUENT DISPOSAL POINT APPROX": "SBD DRAIN", "DISTANCE FROM RIVER": "APPROX 5 KM", "REMARKS": null, "Discharge m3/day": 150.0, "remarks_Frank": null, "Y": 28.657806, "X": 77.340778 }, "geometry": { "type": "Point", "coordinates": [ 77.340778, 28.657806 ] } },
{ "type": "Feature", "properties": { "NAME OF THE INDUSTRY AND ADDRESS": "V.R.S. FOOD LTDS.,(VEDRAM & SONS),UNIT-2,B-33,SITE-4,SAHIBABAD IND. AREA,GHAZIABAD", "Sub District": "Sahibabad", "District": "Ghaziabad", "LATITUDE": "28?39'28.1\"N", "LONGITUDE": "77?20'26.8\"E", "PRODUCT AND PRODUCTION CAPACITY": "DAIRY", "QUANTITY OF EFFLUENT (KLD)": "930", "STATUS OF EFFLUENT TREATMENT PLANT (ETP)": "INSTALLED", "ADEQUACY": "-", "EFFLUENT DISPOSAL POINT APPROX": "SBD DRAIN", "DISTANCE FROM RIVER": "APPROX 5 KM", "REMARKS": null, "Discharge m3/day": 930.0, "remarks_Frank": null, "Y": 28.657806, "X": 77.340778 }, "geometry": { "type": "Point", "coordinates": [ 77.340778, 28.657806 ] } },
{ "type": "Feature", "properties": { "NAME OF THE INDUSTRY AND ADDRESS": "BALAJI ENGINEERING WORKS,351,PANDAV NAGAR,MEHRAULI,GHAZIABAD", "Sub District": "Mehrauli", "District": "Ghaziabad", "LATITUDE": "28?40'31.0\"N", "LONGITUDE": "77?20'28.7\"E", "PRODUCT AND PRODUCTION CAPACITY": "ELECTROPLATING JOB WORK", "QUANTITY OF EFFLUENT (KLD)": "2", "STATUS OF EFFLUENT TREATMENT PLANT (ETP)": "INSTALLED", "ADEQUACY": "ADEQUATE", "EFFLUENT DISPOSAL POINT APPROX": "B.S. ROAD IND. DRAIN", "DISTANCE FROM RIVER": "APPROX 10 KM", "REMARKS": null, "Discharge m3/day": 2.0, "remarks_Frank": null, "Y": 28.675278, "X": 77.341306 }, "geometry": { "type": "Point", "coordinates": [ 77.341306, 28.675278 ] } },
{ "type": "Feature", "properties": { "NAME OF THE INDUSTRY AND ADDRESS": "AIDEN JEANS,B-49/5,SITE-4 IND. AREA,SAHIBABAD,GHAZIABAD", "Sub District": "Sahibabad", "District": "Ghaziabad", "LATITUDE": "28?39'33.9\"N", "LONGITUDE": "77?20'43.3\"E", "PRODUCT AND PRODUCTION CAPACITY": "GARMENT DYEING/WASHING-500 PCS/DAY", "QUANTITY OF EFFLUENT (KLD)": "20", "STATUS OF EFFLUENT TREATMENT PLANT (ETP)": "INSTALLED", "ADEQUACY": "ADEQUATE", "EFFLUENT DISPOSAL POINT APPROX": "SBD DRAIN", "DISTANCE FROM RIVER": "APPROX 5 KM", "REMARKS": null, "Discharge m3/day": 20.0, "remarks_Frank": null, "Y": 28.659417, "X": 77.345361 }, "geometry": { "type": "Point", "coordinates": [ 77.345361, 28.659417 ] } },
{ "type": "Feature", "properties": { "NAME OF THE INDUSTRY AND ADDRESS": "MAHA SHAKTI THREADS MILLS,56/12,SITE-4,SAHIBABAD IND. AREA,GHAZIABAD", "Sub District": "Sahibabad", "District": "Ghaziabad", "LATITUDE": "28?39'55.5\"N", "LONGITUDE": "77?20'48.8\"E", "PRODUCT AND PRODUCTION CAPACITY": "YARN DYEING-400 KG/DAY, GARMENT DYES-200 NOS/DAY", "QUANTITY OF EFFLUENT (KLD)": "25", "STATUS OF EFFLUENT TREATMENT PLANT (ETP)": "INSTALLED", "ADEQUACY": "NOT ADEQUATE", "EFFLUENT DISPOSAL POINT APPROX": "SBD DRAIN", "DISTANCE FROM RIVER": "APPROX 5 KM", "REMARKS": null, "Discharge m3/day": 25.0, "remarks_Frank": null, "Y": 28.665417, "X": 77.346889 }, "geometry": { "type": "Point", "coordinates": [ 77.346889, 28.665417 ] } },
{ "type": "Feature", "properties": { "NAME OF THE INDUSTRY AND ADDRESS": "AKASH GLASS INDUSTRIES,S-50,SITE-4,SAHIBABAD,GHAZIABAD", "Sub District": "Sahibabad", "District": "Ghaziabad", "LATITUDE": "28?40'06.2\"N", "LONGITUDE": "77?20'50.2\"E", "PRODUCT AND PRODUCTION CAPACITY": "ONLY GLASS (MIRROR) TRADING", "QUANTITY OF EFFLUENT (KLD)": "0", "STATUS OF EFFLUENT TREATMENT PLANT (ETP)": "INSTALLED", "ADEQUACY": "-", "EFFLUENT DISPOSAL POINT APPROX": "SBD DRAIN", "DISTANCE FROM RIVER": "APPROX 5 KM", "REMARKS": null, "Discharge m3/day": 0.0, "remarks_Frank": null, "Y": 28.668389, "X": 77.347278 }, "geometry": { "type": "Point", "coordinates": [ 77.347278, 28.668389 ] } },
{ "type": "Feature", "properties": { "NAME OF THE INDUSTRY AND ADDRESS": "PARAS DYEING INDUSTRIES,72/18,RAJINDER NAGAR IND. AREA,MOHAN NAGAR,GHAZIABAD", "Sub District": "Mohan Nagar", "District": "Ghaziabad", "LATITUDE": "28?41'12.7\"N", "LONGITUDE": "77?20'56.3\"E", "PRODUCT AND PRODUCTION CAPACITY": "FABRIC DYEING/WASHING-1500 METER/DAY", "QUANTITY OF EFFLUENT (KLD)": "25", "STATUS OF EFFLUENT TREATMENT PLANT (ETP)": "INSTALLED", "ADEQUACY": "ADEQUATE", "EFFLUENT DISPOSAL POINT APPROX": "SBD DRAIN", "DISTANCE FROM RIVER": "APPROX 4.5 KM", "REMARKS": null, "Discharge m3/day": 25.0, "remarks_Frank": null, "Y": 28.686861, "X": 77.348972 }, "geometry": { "type": "Point", "coordinates": [ 77.348972, 28.686861 ] } },
{ "type": "Feature", "properties": { "NAME OF THE INDUSTRY AND ADDRESS": "SPAK INDIA,56/23,SITE-4,SAHIBABAD IND. AREA,GHAZIABAD", "Sub District": "Sahibabad", "District": "Ghaziabad", "LATITUDE": "28?39'37.0\"N", "LONGITUDE": "77?20'58.4\"E", "PRODUCT AND PRODUCTION CAPACITY": "READYMADE GARMENT DYEING/WASHING-500 PCS/DAY", "QUANTITY OF EFFLUENT (KLD)": "30", "STATUS OF EFFLUENT TREATMENT PLANT (ETP)": "INSTALLED", "ADEQUACY": "ADEQUATE", "EFFLUENT DISPOSAL POINT APPROX": "SBD DRAIN", "DISTANCE FROM RIVER": "APPROX 5 KM", "REMARKS": null, "Discharge m3/day": 30.0, "remarks_Frank": null, "Y": 28.660278, "X": 77.349556 }, "geometry": { "type": "Point", "coordinates": [ 77.349556, 28.660278 ] } },
{ "type": "Feature", "properties": { "NAME OF THE INDUSTRY AND ADDRESS": "ASHA PRINTS,A-5/4,LONI ROAD MOHAN NAGAR,GHAZIABAD", "Sub District": "Mohan Nagar", "District": "Ghaziabad", "LATITUDE": "28?39'51.7\"N", "LONGITUDE": "77?21'01.2\"E", "PRODUCT AND PRODUCTION CAPACITY": "FABRIC PRINTS 500 PCS/DAY", "QUANTITY OF EFFLUENT (KLD)": "10", "STATUS OF EFFLUENT TREATMENT PLANT (ETP)": "INSTALLED", "ADEQUACY": "ADEQUATE", "EFFLUENT DISPOSAL POINT APPROX": "KAREHDA DRAIN", "DISTANCE FROM RIVER": "APPROX 1.12 KM", "REMARKS": null, "Discharge m3/day": 10.0, "remarks_Frank": null, "Y": 28.664361, "X": 77.350333 }, "geometry": { "type": "Point", "coordinates": [ 77.350333, 28.664361 ] } },
{ "type": "Feature", "properties": { "NAME OF THE INDUSTRY AND ADDRESS": "A.B. CYCLE PARTS PVT LTD.,S-24,S.S. OF G.T. ROAD IND. AREA,GHAZIABAD", "Sub District": "G.T. Road", "District": "Ghaziabad", "LATITUDE": "28?40'39.8\"N", "LONGITUDE": "77?21'29.6\"E", "PRODUCT AND PRODUCTION CAPACITY": "CYCLE SPOOKS-500 NOS/DAY", "QUANTITY OF EFFLUENT (KLD)": "1.5", "STATUS OF EFFLUENT TREATMENT PLANT (ETP)": "INSTALLED", "ADEQUACY": "ADEQUATE", "EFFLUENT DISPOSAL POINT APPROX": "B.S. ROAD IND. DRAIN", "DISTANCE FROM RIVER": "APPROX 5 KM", "REMARKS": null, "Discharge m3/day": 1.5, "remarks_Frank": null, "Y": 28.677722, "X": 77.358222 }, "geometry": { "type": "Point", "coordinates": [ 77.358222, 28.677722 ] } },
{ "type": "Feature", "properties": { "NAME OF THE INDUSTRY AND ADDRESS": "AMIT TEXTILES,S-32,S.S. OF G.T ROAD IND. AREA,GHAZIABAD", "Sub District": "G.T. Road", "District": "Ghaziabad", "LATITUDE": "28?40'39.8\"N", "LONGITUDE": "77?21'29.6\"E", "PRODUCT AND PRODUCTION CAPACITY": "HAND MADE TOWEL & FOOT REST", "QUANTITY OF EFFLUENT (KLD)": "2", "STATUS OF EFFLUENT TREATMENT PLANT (ETP)": "INSTALLED", "ADEQUACY": "ADEQUATE", "EFFLUENT DISPOSAL POINT APPROX": "B.S. ROAD IND. DRAIN", "DISTANCE FROM RIVER": "APPROX 5 KM", "REMARKS": null, "Discharge m3/day": 2.0, "remarks_Frank": null, "Y": 28.677722, "X": 77.358222 }, "geometry": { "type": "Point", "coordinates": [ 77.358222, 28.677722 ] } },
{ "type": "Feature", "properties": { "NAME OF THE INDUSTRY AND ADDRESS": "COSMOS ENGINE. COMPONENT P LTD.,A-7,ELECTRO STEEL COMPOUND,S.S. OF G.T. ROAD,GHAZIABAD", "Sub District": "G.T. Road", "District": "Ghaziabad", "LATITUDE": "28?40'39.8\"N", "LONGITUDE": "77?21'29.6\"E", "PRODUCT AND PRODUCTION CAPACITY": "METAL SURFACE TREATMENT", "QUANTITY OF EFFLUENT (KLD)": "0", "STATUS OF EFFLUENT TREATMENT PLANT (ETP)": "INSTALLED", "ADEQUACY": "-", "EFFLUENT DISPOSAL POINT APPROX": "B.S. ROAD IND. DRAIN", "DISTANCE FROM RIVER": "APPROX 5 KM", "REMARKS": null, "Discharge m3/day": 0.0, "remarks_Frank": null, "Y": 28.677722, "X": 77.358222 }, "geometry": { "type": "Point", "coordinates": [ 77.358222, 28.677722 ] } },
{ "type": "Feature", "properties": { "NAME OF THE INDUSTRY AND ADDRESS": "SHITAL INDUSTRIES,S-40.S.S. OF G.T. ROAD IND. AREA,GHAZIABAD", "Sub District": "G.T. Road", "District": "Ghaziabad", "LATITUDE": "28?40'39.8\"N", "LONGITUDE": "77?21'29.6\"E", "PRODUCT AND PRODUCTION CAPACITY": "CYCLE RIM-34 TON/YEAR", "QUANTITY OF EFFLUENT (KLD)": "5", "STATUS OF EFFLUENT TREATMENT PLANT (ETP)": "INSTALLED", "ADEQUACY": "ADEQUATE", "EFFLUENT DISPOSAL POINT APPROX": "B.S. ROAD IND. DRAIN", "DISTANCE FROM RIVER": "APPROX 5 KM", "REMARKS": null, "Discharge m3/day": 5.0, "remarks_Frank": null, "Y": 28.677722, "X": 77.358222 }, "geometry": { "type": "Point", "coordinates": [ 77.358222, 28.677722 ] } },
{ "type": "Feature", "properties": { "NAME OF THE INDUSTRY AND ADDRESS": "SHIVAM FAB TECH PVT LTD.,22/9,S.S. OF G.T. ROAD,IND. AREA,GHAZIABAD", "Sub District": "G.T. Road", "District": "Ghaziabad", "LATITUDE": "28?40'39.8\"N", "LONGITUDE": "77?21'29.6\"E", "PRODUCT AND PRODUCTION CAPACITY": "HOT DIP GALVANIZIED- 900 MT/MONTH", "QUANTITY OF EFFLUENT (KLD)": "10", "STATUS OF EFFLUENT TREATMENT PLANT (ETP)": "INSTALLED", "ADEQUACY": "ADEQUATE", "EFFLUENT DISPOSAL POINT APPROX": "B.S. ROAD IND. DRAIN", "DISTANCE FROM RIVER": "APPROX 5 KM", "REMARKS": null, "Discharge m3/day": 10.0, "remarks_Frank": null, "Y": 28.677722, "X": 77.358222 }, "geometry": { "type": "Point", "coordinates": [ 77.358222, 28.677722 ] } },
{ "type": "Feature", "properties": { "NAME OF THE INDUSTRY AND ADDRESS": "SILBRITE SPOKES P LTD.,S-28,INDUSTRIES.S.S. OF G.T. ROAD IND. AREA,GHAZIABAD", "Sub District": "G.T. Road", "District": "Ghaziabad", "LATITUDE": "28?40'39.8\"N", "LONGITUDE": "77?21'29.6\"E", "PRODUCT AND PRODUCTION CAPACITY": "CYCLE SPOKES-40 MT/MONTH", "QUANTITY OF EFFLUENT (KLD)": "2", "STATUS OF EFFLUENT TREATMENT PLANT (ETP)": "INSTALLED", "ADEQUACY": "ADEQUATE", "EFFLUENT DISPOSAL POINT APPROX": "B.S. ROAD IND. DRAIN", "DISTANCE FROM RIVER": "APPROX 5 KM", "REMARKS": null, "Discharge m3/day": 2.0, "remarks_Frank": null, "Y": 28.677722, "X": 77.358222 }, "geometry": { "type": "Point", "coordinates": [ 77.358222, 28.677722 ] } },
{ "type": "Feature", "properties": { "NAME OF THE INDUSTRY AND ADDRESS": "USHA CYCLE,S.S. OF G.T. ROAD IND. AREA, GHAZIABAD", "Sub District": "G.T. Road", "District": "Ghaziabad", "LATITUDE": "28?40'39.8\"N", "LONGITUDE": "77?21'29.6\"E", "PRODUCT AND PRODUCTION CAPACITY": "CYCLE RIM WITH ELECTROPLATING-1200 PCS/DAY", "QUANTITY OF EFFLUENT (KLD)": "18", "STATUS OF EFFLUENT TREATMENT PLANT (ETP)": "INSTALLED", "ADEQUACY": "ADEQUATE", "EFFLUENT DISPOSAL POINT APPROX": "B.S. ROAD IND. DRAIN", "DISTANCE FROM RIVER": "APPROX 5 KM", "REMARKS": null, "Discharge m3/day": 18.0, "remarks_Frank": null, "Y": 28.677722, "X": 77.358222 }, "geometry": { "type": "Point", "coordinates": [ 77.358222, 28.677722 ] } },
{ "type": "Feature", "properties": { "NAME OF THE INDUSTRY AND ADDRESS": "DREAM BATH,28/1/21,SITE-4,SAHIBABAD INDUSTRIAL AREA,GHAZIABAD", "Sub District": "Sahibabad", "District": "Ghaziabad", "LATITUDE": "28?40'32.4\"N", "LONGITUDE": "77?21'34.9\"E", "PRODUCT AND PRODUCTION CAPACITY": "BATHROOM FITTING ACCESSORIES-200 KG/DAY", "QUANTITY OF EFFLUENT (KLD)": "5", "STATUS OF EFFLUENT TREATMENT PLANT (ETP)": "INSTALLED", "ADEQUACY": "ADEQUATE", "EFFLUENT DISPOSAL POINT APPROX": "SBD DRAIN", "DISTANCE FROM RIVER": "APPROX 5 KM", "REMARKS": null, "Discharge m3/day": 5.0, "remarks_Frank": null, "Y": 28.675667, "X": 77.359694 }, "geometry": { "type": "Point", "coordinates": [ 77.359694, 28.675667 ] } },
{ "type": "Feature", "properties": { "NAME OF THE INDUSTRY AND ADDRESS": "RAMA STEEL TUBE LTD.,B-21 & B-3,SITE-4,SAHIBABAD IND. AREA,GHAZIABAD", "Sub District": "Sahibabad", "District": "Ghaziabad", "LATITUDE": "28?40'02.3\"N?", "LONGITUDE": "77?21'37.0\"E", "PRODUCT AND PRODUCTION CAPACITY": "M.S. BLACK & PIPE-2500 MT/MONTH", "QUANTITY OF EFFLUENT (KLD)": "180", "STATUS OF EFFLUENT TREATMENT PLANT (ETP)": "INSTALLED", "ADEQUACY": "ADEQUATE", "EFFLUENT DISPOSAL POINT APPROX": "SBD DRAIN", "DISTANCE FROM RIVER": "APPROX 5 KM", "REMARKS": null, "Discharge m3/day": 180.0, "remarks_Frank": null, "Y": 28.667306, "X": 77.360278 }, "geometry": { "type": "Point", "coordinates": [ 77.360278, 28.667306 ] } },
{ "type": "Feature", "properties": { "NAME OF THE INDUSTRY AND ADDRESS": "SPARK ELECTROSE P LTD.,A-48/9,SITE-4,SAHIBABAD IND. AREA,GHAZIABAD", "Sub District": "Sahibabad", "District": "Ghaziabad", "LATITUDE": "28?40'24.9\"N?", "LONGITUDE": "77?21'47.2\"E", "PRODUCT AND PRODUCTION CAPACITY": "G.I. PIPE-20 T/MONTH", "QUANTITY OF EFFLUENT (KLD)": "10", "STATUS OF EFFLUENT TREATMENT PLANT (ETP)": "INSTALLED", "ADEQUACY": "ADEQUATE", "EFFLUENT DISPOSAL POINT APPROX": "SBD DRAIN", "DISTANCE FROM RIVER": "APPROX 5 KM", "REMARKS": null, "Discharge m3/day": 10.0, "remarks_Frank": null, "Y": 28.673583, "X": 77.363111 }, "geometry": { "type": "Point", "coordinates": [ 77.363111, 28.673583 ] } },
{ "type": "Feature", "properties": { "NAME OF THE INDUSTRY AND ADDRESS": "M/S. MARUTI PAPERS LTD.,VILL. SIKKA,SHAMLI", "Sub District": "Sikka", "District": "Shamli", "LATITUDE": "29?30'34.6\"N?", "LONGITUDE": "77?22'04.7\"E", "PRODUCT AND PRODUCTION CAPACITY": "KRAFT PAPER 300 TPD", "QUANTITY OF EFFLUENT (KLD)": "1600", "STATUS OF EFFLUENT TREATMENT PLANT (ETP)": "INSTALLED", "ADEQUACY": "ADEQUATE", "EFFLUENT DISPOSAL POINT APPROX": "STORM WATER DRAIN TO NALA TO RIVER KRISHNI", "DISTANCE FROM RIVER": "12 KM", "REMARKS": "RIVER KRISHNI", "Discharge m3/day": 1600.0, "remarks_Frank": null, "Y": 29.509611, "X": 77.367972 }, "geometry": { "type": "Point", "coordinates": [ 77.367972, 29.509611 ] } },
{ "type": "Feature", "properties": { "NAME OF THE INDUSTRY AND ADDRESS": "JYOTI DYEING,18/8,SITE-4,SAHIBABAD IND. AREA,GHAZIABAD", "Sub District": "Sahibabad", "District": "Ghaziabad", "LATITUDE": "28?40'18.2\"N?", "LONGITUDE": "77?22'13.5\"E", "PRODUCT AND PRODUCTION CAPACITY": "FABRIC DYEING/WASHING-2500 METER/DAY", "QUANTITY OF EFFLUENT (KLD)": "70", "STATUS OF EFFLUENT TREATMENT PLANT (ETP)": "INSTALLED", "ADEQUACY": "ADEQUATE", "EFFLUENT DISPOSAL POINT APPROX": "SBD DRAIN", "DISTANCE FROM RIVER": "APPROX 5 KM", "REMARKS": null, "Discharge m3/day": 70.0, "remarks_Frank": null, "Y": 28.671722, "X": 77.370417 }, "geometry": { "type": "Point", "coordinates": [ 77.370417, 28.671722 ] } },
{ "type": "Feature", "properties": { "NAME OF THE INDUSTRY AND ADDRESS": "BEAUTY ART PRINTS INDIA PVT LTD.,54/4,SITE-4,SAHIBABAD IND. AREA,GHAZIABAD", "Sub District": "Sahibabad", "District": "Ghaziabad", "LATITUDE": "28?40'13.2\"N", "LONGITUDE": "77?22'16.1\"E", "PRODUCT AND PRODUCTION CAPACITY": "FABRIC DYEING/ PRINTING-4000 METER/DAY", "QUANTITY OF EFFLUENT (KLD)": "70", "STATUS OF EFFLUENT TREATMENT PLANT (ETP)": "INSTALLED", "ADEQUACY": "ADEQUATE", "EFFLUENT DISPOSAL POINT APPROX": "SBD DRAIN", "DISTANCE FROM RIVER": "APPROX 5 KM", "REMARKS": null, "Discharge m3/day": 70.0, "remarks_Frank": null, "Y": 28.670333, "X": 77.371139 }, "geometry": { "type": "Point", "coordinates": [ 77.371139, 28.670333 ] } },
{ "type": "Feature", "properties": { "NAME OF THE INDUSTRY AND ADDRESS": "ASHOKA PULP & PAPER PVT LTD.,11,LONI ROAD IND. AREA,MOHAN NAGAR,GZB", "Sub District": "Mohan Nagar", "District": "Ghaziabad", "LATITUDE": "28?41'17.4\"N", "LONGITUDE": "77?22'25.6\"E", "PRODUCT AND PRODUCTION CAPACITY": "CRAFT PAPER-150 MT/D", "QUANTITY OF EFFLUENT (KLD)": "750", "STATUS OF EFFLUENT TREATMENT PLANT (ETP)": "INSTALLED", "ADEQUACY": "ADEQUATE", "EFFLUENT DISPOSAL POINT APPROX": "KAREHDA DRAIN", "DISTANCE FROM RIVER": "APPROX 1.12 KM", "REMARKS": null, "Discharge m3/day": 750.0, "remarks_Frank": null, "Y": 28.688167, "X": 77.373778 }, "geometry": { "type": "Point", "coordinates": [ 77.373778, 28.688167 ] } },
{ "type": "Feature", "properties": { "NAME OF THE INDUSTRY AND ADDRESS": "BALAJI WIRE PVT LTD.,139-A,ANAND IND. ESTATE,MOHAN NAGAR,GHAZIABAD", "Sub District": "Mohan Nagar", "District": "Ghaziabad", "LATITUDE": "28?40'32.2\"N", "LONGITUDE": "77?22'35.1\"E", "PRODUCT AND PRODUCTION CAPACITY": "GI WIRE-10 TON/DAY", "QUANTITY OF EFFLUENT (KLD)": "40", "STATUS OF EFFLUENT TREATMENT PLANT (ETP)": "INSTALLED", "ADEQUACY": "ADEQUATE", "EFFLUENT DISPOSAL POINT APPROX": "ARTHALA NALA", "DISTANCE FROM RIVER": "APPROX 5 KM", "REMARKS": null, "Discharge m3/day": 40.0, "remarks_Frank": null, "Y": 28.675611, "X": 77.376417 }, "geometry": { "type": "Point", "coordinates": [ 77.376417, 28.675611 ] } },
{ "type": "Feature", "properties": { "NAME OF THE INDUSTRY AND ADDRESS": "MOHAN MEAKIN LTD.,MOHAN NAGAR GHAZIABAD", "Sub District": "Mohan Nagar", "District": "Ghaziabad", "LATITUDE": "28?40'40.3\"N", "LONGITUDE": "77?23'11.2\"E", "PRODUCT AND PRODUCTION CAPACITY": "BEER 6895.22 KL/YEAR", "QUANTITY OF EFFLUENT (KLD)": "900(ONLY BOTTLING)", "STATUS OF EFFLUENT TREATMENT PLANT (ETP)": "INSTALLED", "ADEQUACY": "ADEQUATE", "EFFLUENT DISPOSAL POINT APPROX": "KAREHDA DRAIN", "DISTANCE FROM RIVER": "APPROX 1.12 KM", "REMARKS": null, "Discharge m3/day": 900.0, "remarks_Frank": null, "Y": 28.677861, "X": 77.386444 }, "geometry": { "type": "Point", "coordinates": [ 77.386444, 28.677861 ] } },
{ "type": "Feature", "properties": { "NAME OF THE INDUSTRY AND ADDRESS": "NEELAM TEX PRINTS PVT LTD.,41/1,SITE-4,SAHIBABAD IND. AREA,GHAZIABAD", "Sub District": "Sahibabad", "District": "Ghaziabad", "LATITUDE": "28?40'30.1\"N", "LONGITUDE": "77?24'04.3\"E", "PRODUCT AND PRODUCTION CAPACITY": "FABRIC DYEING/WASHING-2500 METER/DAY", "QUANTITY OF EFFLUENT (KLD)": "70", "STATUS OF EFFLUENT TREATMENT PLANT (ETP)": "INSTALLED", "ADEQUACY": "ADEQUATE", "EFFLUENT DISPOSAL POINT APPROX": "SBD DRAIN", "DISTANCE FROM RIVER": "APPROX 5 KM", "REMARKS": null, "Discharge m3/day": 70.0, "remarks_Frank": null, "Y": 28.675028, "X": 77.401194 }, "geometry": { "type": "Point", "coordinates": [ 77.401194, 28.675028 ] } },
{ "type": "Feature", "properties": { "NAME OF THE INDUSTRY AND ADDRESS": "NOIDA AUTHORITY SECTOR-123,NOIDA", "Sub District": "?", "District": "Noida", "LATITUDE": "28?35'47.8\"N", "LONGITUDE": "77?24'25.8\"E", "PRODUCT AND PRODUCTION CAPACITY": "-", "QUANTITY OF EFFLUENT (KLD)": "25 MLD", "STATUS OF EFFLUENT TREATMENT PLANT (ETP)": "YES, 35 MLD", "ADEQUACY": "-", "EFFLUENT DISPOSAL POINT APPROX": "-", "DISTANCE FROM RIVER": "HINDON", "REMARKS": null, "Discharge m3/day": 0.0, "remarks_Frank": "adjusted to 0 because this looks like a WWTP and not an industrial site", "Y": 28.596611, "X": 77.407167 }, "geometry": { "type": "Point", "coordinates": [ 77.407167, 28.596611 ] } },
{ "type": "Feature", "properties": { "NAME OF THE INDUSTRY AND ADDRESS": "M/S. BAJAJ HINDUSTHAN SUGAR LTD.,THANABHAWAN,SHAMLI", "Sub District": "Thanabhawan", "District": "Shamli", "LATITUDE": "29?35'38.2\"N", "LONGITUDE": "77?24'39.0\"E", "PRODUCT AND PRODUCTION CAPACITY": "CRUSHING CAPACITY 10000 TCD", "QUANTITY OF EFFLUENT (KLD)": "500", "STATUS OF EFFLUENT TREATMENT PLANT (ETP)": "INSTALLED", "ADEQUACY": "ADEQUATE", "EFFLUENT DISPOSAL POINT APPROX": "STORM WATER DRAIN TO NALA TO RIVER KRISHNI", "DISTANCE FROM RIVER": "12 KM", "REMARKS": "RIVER KRISHNI", "Discharge m3/day": 500.0, "remarks_Frank": null, "Y": 29.593944, "X": 77.410833 }, "geometry": { "type": "Point", "coordinates": [ 77.410833, 29.593944 ] } },
{ "type": "Feature", "properties": { "NAME OF THE INDUSTRY AND ADDRESS": "DURGA STRAW BOARD NONAUTA,SAHARANPUR", "Sub District": "Nonauta", "District": "Saharanpur", "LATITUDE": "29?58'17.6\"N", "LONGITUDE": "77?24'58.3\"E", "PRODUCT AND PRODUCTION CAPACITY": "CLOSED", "QUANTITY OF EFFLUENT (KLD)": "-", "STATUS OF EFFLUENT TREATMENT PLANT (ETP)": "CLOSED", "ADEQUACY": "NOT IN OPERATIONAL(DISMENTALLED)", "EFFLUENT DISPOSAL POINT APPROX": "-", "DISTANCE FROM RIVER": "04 KM", "REMARKS": "HINDON RIVER", "Discharge m3/day": 0.0, "remarks_Frank": "nan", "Y": 29.971556, "X": 77.416194 }, "geometry": { "type": "Point", "coordinates": [ 77.416194, 29.971556 ] } },
{ "type": "Feature", "properties": { "NAME OF THE INDUSTRY AND ADDRESS": "S.M.C. FOODS LTD,NANAUTA,SAHARANPUR", "Sub District": "Nanauta", "District": "Saharanpur", "LATITUDE": "29?58'17.6\"N", "LONGITUDE": "77?24'58.3\"E", "PRODUCT AND PRODUCTION CAPACITY": "MILL PROCESSING 450 K.L./DAY", "QUANTITY OF EFFLUENT (KLD)": "700", "STATUS OF EFFLUENT TREATMENT PLANT (ETP)": "INSTALLED", "ADEQUACY": "OPERATIONAL", "EFFLUENT DISPOSAL POINT APPROX": "THASKA DRAIN", "DISTANCE FROM RIVER": "-", "REMARKS": "KRISHNI RIVER", "Discharge m3/day": 700.0, "remarks_Frank": null, "Y": 29.971556, "X": 77.416194 }, "geometry": { "type": "Point", "coordinates": [ 77.416194, 29.971556 ] } },
{ "type": "Feature", "properties": { "NAME OF THE INDUSTRY AND ADDRESS": "SLAUGHTER HOUSE OF NAGAR NIGAM,KAILA BHATTA,GHAZIABAD", "Sub District": "Kaila Bhatta", "District": "Ghaziabad", "LATITUDE": "28?39'55.1\"N", "LONGITUDE": "77?25'04.7\"E", "PRODUCT AND PRODUCTION CAPACITY": "SLAUGHTER HOUSE & MEAT PROCESSING", "QUANTITY OF EFFLUENT (KLD)": "0", "STATUS OF EFFLUENT TREATMENT PLANT (ETP)": "-", "ADEQUACY": "-", "EFFLUENT DISPOSAL POINT APPROX": "B.S. ROAD IND. DRAIN", "DISTANCE FROM RIVER": "-", "REMARKS": null, "Discharge m3/day": 0.0, "remarks_Frank": null, "Y": 28.665306, "X": 77.417972 }, "geometry": { "type": "Point", "coordinates": [ 77.417972, 28.665306 ] } },
{ "type": "Feature", "properties": { "NAME OF THE INDUSTRY AND ADDRESS": "VENKTESH ENTERPRISES,48/1/7,SITE-4,SAHIBABAD IND. AREA,GHAZIABAD", "Sub District": "Sahibabad", "District": "Ghaziabad", "LATITUDE": "28?40'49.9\"N", "LONGITUDE": "77?25'15.9\"E", "PRODUCT AND PRODUCTION CAPACITY": "GARMENT DYEING/WASHING-1500 KG/DAY", "QUANTITY OF EFFLUENT (KLD)": "50", "STATUS OF EFFLUENT TREATMENT PLANT (ETP)": "INSTALLED", "ADEQUACY": "ADEQUATE", "EFFLUENT DISPOSAL POINT APPROX": "SBD DRAIN", "DISTANCE FROM RIVER": "APPROX 5 KM", "REMARKS": null, "Discharge m3/day": 50.0, "remarks_Frank": null, "Y": 28.680528, "X": 77.421083 }, "geometry": { "type": "Point", "coordinates": [ 77.421083, 28.680528 ] } },
{ "type": "Feature", "properties": { "NAME OF THE INDUSTRY AND ADDRESS": "AGRAWAL GALVENIZING ,A-8/6,SECT.22 MEERUT ROAD IND. AREA,GHAZIABAD", "Sub District": "Meerut Road", "District": "Ghaziabad", "LATITUDE": "28?41'03.0\"N", "LONGITUDE": "77?25'43.6\"E", "PRODUCT AND PRODUCTION CAPACITY": "HOT DIP/ZINC GALVANIZING-25 MT/MONTH", "QUANTITY OF EFFLUENT (KLD)": "2", "STATUS OF EFFLUENT TREATMENT PLANT (ETP)": "INSTALLED", "ADEQUACY": "ADEQUATE", "EFFLUENT DISPOSAL POINT APPROX": "MEERUT ROAD IND. DRAIN", "DISTANCE FROM RIVER": "APPROX 10 KM", "REMARKS": null, "Discharge m3/day": 2.0, "remarks_Frank": null, "Y": 28.684167, "X": 77.428778 }, "geometry": { "type": "Point", "coordinates": [ 77.428778, 28.684167 ] } },
{ "type": "Feature", "properties": { "NAME OF THE INDUSTRY AND ADDRESS": "COSMOS AUTO INDIA,21 MAINAPUR, MEERUT ROAD, GHAZIABAD", "Sub District": "Meerut Road", "District": "Ghaziabad", "LATITUDE": "28?41'03.0\"N", "LONGITUDE": "77?25'43.6\"E", "PRODUCT AND PRODUCTION CAPACITY": "HARD CHROME (JOB WORK)-100 KG/DAY", "QUANTITY OF EFFLUENT (KLD)": "2", "STATUS OF EFFLUENT TREATMENT PLANT (ETP)": "INSTALLED", "ADEQUACY": "ADEQUATE", "EFFLUENT DISPOSAL POINT APPROX": "MEERUT ROAD IND. DRAIN", "DISTANCE FROM RIVER": null, "REMARKS": null, "Discharge m3/day": 2.0, "remarks_Frank": null, "Y": 28.684167, "X": 77.428778 }, "geometry": { "type": "Point", "coordinates": [ 77.428778, 28.684167 ] } },
{ "type": "Feature", "properties": { "NAME OF THE INDUSTRY AND ADDRESS": "HAMDARD (WAKF) LABORATORIES,(1&2) B-2 & 3,MEERUT ROAD", "Sub District": "Meerut Road", "District": "Ghaziabad", "LATITUDE": "28?41'03.0\"N", "LONGITUDE": "77?25'43.6\"E", "PRODUCT AND PRODUCTION CAPACITY": "AYURVEDIC & UNANI MEDICINES,CHAWANPRASH", "QUANTITY OF EFFLUENT (KLD)": "120", "STATUS OF EFFLUENT TREATMENT PLANT (ETP)": "INSTALLED", "ADEQUACY": "ADEQUATE", "EFFLUENT DISPOSAL POINT APPROX": "MEERUT ROAD IND. DRAIN", "DISTANCE FROM RIVER": "APPROX 10 KM", "REMARKS": null, "Discharge m3/day": 120.0, "remarks_Frank": null, "Y": 28.684167, "X": 77.428778 }, "geometry": { "type": "Point", "coordinates": [ 77.428778, 28.684167 ] } },
{ "type": "Feature", "properties": { "NAME OF THE INDUSTRY AND ADDRESS": "RAMSONS ENTERPRISES,D-21,MEERUT ROAD IND. AREA,GHAZIABAD", "Sub District": "Meerut Road", "District": "Ghaziabad", "LATITUDE": "28?41'03.0\"N", "LONGITUDE": "77?25'43.6\"E", "PRODUCT AND PRODUCTION CAPACITY": "CYCLE SPOKES-60 TON/MONTH", "QUANTITY OF EFFLUENT (KLD)": "2", "STATUS OF EFFLUENT TREATMENT PLANT (ETP)": "INSTALLED", "ADEQUACY": "ADEQUATE", "EFFLUENT DISPOSAL POINT APPROX": "MEERUT ROAD IND. DRAIN", "DISTANCE FROM RIVER": "APPROX 10 KM", "REMARKS": null, "Discharge m3/day": 2.0, "remarks_Frank": null, "Y": 28.684167, "X": 77.428778 }, "geometry": { "type": "Point", "coordinates": [ 77.428778, 28.684167 ] } },
{ "type": "Feature", "properties": { "NAME OF THE INDUSTRY AND ADDRESS": "ULTRA ELECTROPLETORES,46 MEERUT ROAD IND. AREA,GHAZIABAD", "Sub District": "Meerut Road", "District": "Ghaziabad", "LATITUDE": "28?41'03.0\"N", "LONGITUDE": "77?25'43.6\"E", "PRODUCT AND PRODUCTION CAPACITY": "ELECTROPLATING,POWER COATING-120 MT/DAY", "QUANTITY OF EFFLUENT (KLD)": "1.5", "STATUS OF EFFLUENT TREATMENT PLANT (ETP)": "INSTALLED", "ADEQUACY": "ADEQUATE", "EFFLUENT DISPOSAL POINT APPROX": "MEERUT ROAD IND. DRAIN", "DISTANCE FROM RIVER": "APPROX 10 KM", "REMARKS": null, "Discharge m3/day": 1.5, "remarks_Frank": null, "Y": 28.684167, "X": 77.428778 }, "geometry": { "type": "Point", "coordinates": [ 77.428778, 28.684167 ] } },
{ "type": "Feature", "properties": { "NAME OF THE INDUSTRY AND ADDRESS": "AL NAVED EXPORT PVT LTD.,C-5,M.G. ROAD,IND. AREA,HAPUR.(W/O RENDERING PLAN)", "Sub District": "Hapur", "District": "Ghaziabad", "LATITUDE": "28?39'58.3\"N", "LONGITUDE": "77?25'44.9\"E", "PRODUCT AND PRODUCTION CAPACITY": "FROZEN MEAT", "QUANTITY OF EFFLUENT (KLD)": "50", "STATUS OF EFFLUENT TREATMENT PLANT (ETP)": "INSTALLED", "ADEQUACY": "-", "EFFLUENT DISPOSAL POINT APPROX": "HASANPUR NALA", "DISTANCE FROM RIVER": null, "REMARKS": null, "Discharge m3/day": 50.0, "remarks_Frank": null, "Y": 28.666194, "X": 77.429139 }, "geometry": { "type": "Point", "coordinates": [ 77.429139, 28.666194 ] } },
{ "type": "Feature", "properties": { "NAME OF THE INDUSTRY AND ADDRESS": "H.M. TRADING CO.,D-1,M.G. ROAD IND. AREA,HAPUR", "Sub District": "Hapur", "District": "Ghaziabad", "LATITUDE": "28?39'58.3\"N", "LONGITUDE": "77?25'44.9\"E", "PRODUCT AND PRODUCTION CAPACITY": "FROZEN MEAT", "QUANTITY OF EFFLUENT (KLD)": "20", "STATUS OF EFFLUENT TREATMENT PLANT (ETP)": "INSTALLED", "ADEQUACY": "-", "EFFLUENT DISPOSAL POINT APPROX": "HASANPUR NALA", "DISTANCE FROM RIVER": null, "REMARKS": null, "Discharge m3/day": 20.0, "remarks_Frank": null, "Y": 28.666194, "X": 77.429139 }, "geometry": { "type": "Point", "coordinates": [ 77.429139, 28.666194 ] } },
{ "type": "Feature", "properties": { "NAME OF THE INDUSTRY AND ADDRESS": "HAMD FOOD PVT LTD.,B-44-45-65-66,M.G. ROAD IND. AREA,HAPUR", "Sub District": "Hapur", "District": "Ghaziabad", "LATITUDE": "28?39'58.3\"N", "LONGITUDE": "77?25'44.9\"E", "PRODUCT AND PRODUCTION CAPACITY": "FROZEN MEAT", "QUANTITY OF EFFLUENT (KLD)": "29", "STATUS OF EFFLUENT TREATMENT PLANT (ETP)": "INSTALLED", "ADEQUACY": "-", "EFFLUENT DISPOSAL POINT APPROX": "HASANPUR NALA", "DISTANCE FROM RIVER": null, "REMARKS": null, "Discharge m3/day": 29.0, "remarks_Frank": null, "Y": 28.666194, "X": 77.429139 }, "geometry": { "type": "Point", "coordinates": [ 77.429139, 28.666194 ] } },
{ "type": "Feature", "properties": { "NAME OF THE INDUSTRY AND ADDRESS": "SHRI RAM PISTON & RINGS LTD., MEERUT ROAD IND. AREA,GHAZIABAD", "Sub District": "Meerut Road", "District": "Ghaziabad", "LATITUDE": "28?41'08.7\"N", "LONGITUDE": "77?25'57.4\"E", "PRODUCT AND PRODUCTION CAPACITY": "PISTON-45000 & C.I. COSTING-300000 PCS/D,PINS-37000 PCS/D,RINGS-75000 PCS/D,VALVES-75000 PCS/D,GEARS-6000 PCS/D", "QUANTITY OF EFFLUENT (KLD)": "450", "STATUS OF EFFLUENT TREATMENT PLANT (ETP)": "INSTALLED", "ADEQUACY": "ADEQUATE", "EFFLUENT DISPOSAL POINT APPROX": "MEERUT ROAD IND. DRAIN", "DISTANCE FROM RIVER": "APPROX 10 KM", "REMARKS": null, "Discharge m3/day": 450.0, "remarks_Frank": null, "Y": 28.68575, "X": 77.432611 }, "geometry": { "type": "Point", "coordinates": [ 77.432611, 28.68575 ] } },
{ "type": "Feature", "properties": { "NAME OF THE INDUSTRY AND ADDRESS": "UNICHEM LABORATORIES,C-31.MEERUT ROAD IND. AREA", "Sub District": "Meerut Road", "District": "Ghaziabad", "LATITUDE": "28?40'59.0\"N", "LONGITUDE": "77?26'07.2\"E", "PRODUCT AND PRODUCTION CAPACITY": "ALLOPATHIC MEDICINE SYRUP-46 KL/YR,INJECTION-6 KL/YEAR,TABLETS-56 CRORE PCS/YEAR", "QUANTITY OF EFFLUENT (KLD)": "180", "STATUS OF EFFLUENT TREATMENT PLANT (ETP)": "INSTALLED", "ADEQUACY": "ADEQUATE", "EFFLUENT DISPOSAL POINT APPROX": "MEERUT ROAD IND. DRAIN", "DISTANCE FROM RIVER": "APPROX 10 KM", "REMARKS": null, "Discharge m3/day": 180.0, "remarks_Frank": null, "Y": 28.683056, "X": 77.435333 }, "geometry": { "type": "Point", "coordinates": [ 77.435333, 28.683056 ] } },
{ "type": "Feature", "properties": { "NAME OF THE INDUSTRY AND ADDRESS": "NORTH LAND CYCLE CO.,D-21,MEERUT ROAD IND. AREA,GHAZIABAD", "Sub District": "Meerut Road", "District": "Ghaziabad", "LATITUDE": "28?41'05.0\"N", "LONGITUDE": "77?26'18.3\"E", "PRODUCT AND PRODUCTION CAPACITY": "CYCLE SPOKES-40 TON/MONTH", "QUANTITY OF EFFLUENT (KLD)": "2", "STATUS OF EFFLUENT TREATMENT PLANT (ETP)": "INSTALLED", "ADEQUACY": "ADEQUATE", "EFFLUENT DISPOSAL POINT APPROX": "MEERUT ROAD IND. DRAIN", "DISTANCE FROM RIVER": "APPROX 10 KM", "REMARKS": null, "Discharge m3/day": 2.0, "remarks_Frank": null, "Y": 28.684722, "X": 77.438417 }, "geometry": { "type": "Point", "coordinates": [ 77.438417, 28.684722 ] } },
{ "type": "Feature", "properties": { "NAME OF THE INDUSTRY AND ADDRESS": "KATHURIA BROTHERS (CYCLE SECTION),A-12,MEERUT ROAD IND. AREA,GHAZIABAD", "Sub District": "Meerut Road", "District": "Ghaziabad", "LATITUDE": "28?41'33.7\"N", "LONGITUDE": "77?26'20.9\"E", "PRODUCT AND PRODUCTION CAPACITY": "SPOKES-2000 GROSSE/MONTH", "QUANTITY OF EFFLUENT (KLD)": "20", "STATUS OF EFFLUENT TREATMENT PLANT (ETP)": "INSTALLED", "ADEQUACY": "ADEQUATE", "EFFLUENT DISPOSAL POINT APPROX": "MEERUT ROAD IND. DRAIN", "DISTANCE FROM RIVER": "APPROX 10 KM", "REMARKS": null, "Discharge m3/day": 20.0, "remarks_Frank": null, "Y": 28.692694, "X": 77.439139 }, "geometry": { "type": "Point", "coordinates": [ 77.439139, 28.692694 ] } },
{ "type": "Feature", "properties": { "NAME OF THE INDUSTRY AND ADDRESS": "KATHURIA BROTHERS,A-12,MEERUT ROAD IND. AREA,GHAZIABAD", "Sub District": "Meerut Road", "District": "Ghaziabad", "LATITUDE": "28?41'33.7\"N", "LONGITUDE": "77?26'20.9\"E", "PRODUCT AND PRODUCTION CAPACITY": "SEMI FINISHED LEATHER-2000 PCS/DAY", "QUANTITY OF EFFLUENT (KLD)": "75", "STATUS OF EFFLUENT TREATMENT PLANT (ETP)": "INSTALLED", "ADEQUACY": "ADEQUATE", "EFFLUENT DISPOSAL POINT APPROX": "MEERUT ROAD IND. DRAIN", "DISTANCE FROM RIVER": "APPROX 10 KM", "REMARKS": null, "Discharge m3/day": 75.0, "remarks_Frank": null, "Y": 28.692694, "X": 77.439139 }, "geometry": { "type": "Point", "coordinates": [ 77.439139, 28.692694 ] } },
{ "type": "Feature", "properties": { "NAME OF THE INDUSTRY AND ADDRESS": "TECHNO ENTERPRISES,A-13/12,MEERUT ROAD IND. AREA,GHAZIABAD", "Sub District": "Meerut Road", "District": "Ghaziabad", "LATITUDE": "28?41'31.6\"N", "LONGITUDE": "77?26'26.5\"E", "PRODUCT AND PRODUCTION CAPACITY": "HARD CHROME(JOB WORK)-100 KG/DAY (METAL PCS)", "QUANTITY OF EFFLUENT (KLD)": "4", "STATUS OF EFFLUENT TREATMENT PLANT (ETP)": "INSTALLED", "ADEQUACY": "ADEQUATE", "EFFLUENT DISPOSAL POINT APPROX": "MEERUT ROAD IND. DRAIN", "DISTANCE FROM RIVER": "APPROX 10 KM", "REMARKS": null, "Discharge m3/day": 4.0, "remarks_Frank": null, "Y": 28.692111, "X": 77.440694 }, "geometry": { "type": "Point", "coordinates": [ 77.440694, 28.692111 ] } },
{ "type": "Feature", "properties": { "NAME OF THE INDUSTRY AND ADDRESS": "MARSHAL CYCLES,B-17/18,MEERUT ROAD IND. AREA,GHAZIABAD", "Sub District": "Meerut Road", "District": "Ghaziabad", "LATITUDE": "28?41'22.5\"N", "LONGITUDE": "77?26'28.4\"E", "PRODUCT AND PRODUCTION CAPACITY": "CYCLE RIM-25000 NOS/MONTH", "QUANTITY OF EFFLUENT (KLD)": "40", "STATUS OF EFFLUENT TREATMENT PLANT (ETP)": "INSTALLED", "ADEQUACY": "ADEQUATE", "EFFLUENT DISPOSAL POINT APPROX": "MEERUT ROAD IND. DRAIN", "DISTANCE FROM RIVER": "APPROX 10 KM", "REMARKS": null, "Discharge m3/day": 40.0, "remarks_Frank": null, "Y": 28.689583, "X": 77.441222 }, "geometry": { "type": "Point", "coordinates": [ 77.441222, 28.689583 ] } },
{ "type": "Feature", "properties": { "NAME OF THE INDUSTRY AND ADDRESS": "SURUCHI DYEING 37,S.S. OF G.T. ROAD IND. AREA,GHAZIABAD", "Sub District": "G.T. Road", "District": "Ghaziabad", "LATITUDE": "28?38'20.6\"N", "LONGITUDE": "77?26'40.3\"E", "PRODUCT AND PRODUCTION CAPACITY": "YARN/TEXTILE PROCESSING", "QUANTITY OF EFFLUENT (KLD)": "15", "STATUS OF EFFLUENT TREATMENT PLANT (ETP)": "INSTALLED", "ADEQUACY": "-", "EFFLUENT DISPOSAL POINT APPROX": "B.S. ROAD IND. DRAIN", "DISTANCE FROM RIVER": "APPROX 5 KM", "REMARKS": null, "Discharge m3/day": 15.0, "remarks_Frank": null, "Y": 28.639056, "X": 77.444528 }, "geometry": { "type": "Point", "coordinates": [ 77.444528, 28.639056 ] } },
{ "type": "Feature", "properties": { "NAME OF THE INDUSTRY AND ADDRESS": "SARA EXPORTS,35, S.S. OF G.T. ROAD IND. AREA,GHAZIABAD", "Sub District": "G.T. Road", "District": "Ghaziabad", "LATITUDE": "28?38'17.1\"N", "LONGITUDE": "77?26'46.0\"E", "PRODUCT AND PRODUCTION CAPACITY": "H. ACID( DYES INTERMEDIATE)-2.5 TON/DAY", "QUANTITY OF EFFLUENT (KLD)": "40", "STATUS OF EFFLUENT TREATMENT PLANT (ETP)": "INSTALLED", "ADEQUACY": "ADEQUATE", "EFFLUENT DISPOSAL POINT APPROX": "B.S. ROAD IND. DRAIN", "DISTANCE FROM RIVER": "APPROX 5 KM", "REMARKS": null, "Discharge m3/day": 40.0, "remarks_Frank": null, "Y": 28.638083, "X": 77.446111 }, "geometry": { "type": "Point", "coordinates": [ 77.446111, 28.638083 ] } },
{ "type": "Feature", "properties": { "NAME OF THE INDUSTRY AND ADDRESS": "THE KISAN SAHAKARI CHINI MILL,NANAUTA,SAHARANPUR", "Sub District": "Nanauta", "District": "Saharanpur", "LATITUDE": "29?42'44.4\"N", "LONGITUDE": "77?26'48.3\"E", "PRODUCT AND PRODUCTION CAPACITY": "SUGAR CANE 5000 TCD", "QUANTITY OF EFFLUENT (KLD)": "-", "STATUS OF EFFLUENT TREATMENT PLANT (ETP)": "INSTALLED", "ADEQUACY": "OPERATIONAL", "EFFLUENT DISPOSAL POINT APPROX": "THASKA DRAIN", "DISTANCE FROM RIVER": "-", "REMARKS": "KRISHNI RIVER", "Discharge m3/day": 0.0, "remarks_Frank": "nan", "Y": 29.712333, "X": 77.44675 }, "geometry": { "type": "Point", "coordinates": [ 77.44675, 29.712333 ] } },
{ "type": "Feature", "properties": { "NAME OF THE INDUSTRY AND ADDRESS": "U.P. CO-OPERATIVE SUGAR FACTORY,NANAUTA SAHARANPUR", "Sub District": "Nanauta", "District": "Saharanpur", "LATITUDE": "29?42'44.4\"N", "LONGITUDE": "77?26'48.3\"E", "PRODUCT AND PRODUCTION CAPACITY": "30 KLD RECTIFIED SPIRIT", "QUANTITY OF EFFLUENT (KLD)": "0", "STATUS OF EFFLUENT TREATMENT PLANT (ETP)": "INSTALLED", "ADEQUACY": "NOT OPERATIONAL", "EFFLUENT DISPOSAL POINT APPROX": "THASKA DRAIN", "DISTANCE FROM RIVER": "-", "REMARKS": "KRISHNI RIVER", "Discharge m3/day": 0.0, "remarks_Frank": null, "Y": 29.712333, "X": 77.44675 }, "geometry": { "type": "Point", "coordinates": [ 77.44675, 29.712333 ] } },
{ "type": "Feature", "properties": { "NAME OF THE INDUSTRY AND ADDRESS": "CONTINENTAL CARBON INDIA LTD.,A-14,S.S. OF G.T. ROAD", "Sub District": "G.T. Road", "District": "Ghaziabad", "LATITUDE": "28?38'10.2\"N", "LONGITUDE": "77?26'54.6\"E", "PRODUCT AND PRODUCTION CAPACITY": "CARBON BLACK-9166 MT/MONTH", "QUANTITY OF EFFLUENT (KLD)": "500", "STATUS OF EFFLUENT TREATMENT PLANT (ETP)": "INSTALLED", "ADEQUACY": "ADEQUATE", "EFFLUENT DISPOSAL POINT APPROX": "B.S. ROAD IND. DRAIN", "DISTANCE FROM RIVER": "APPROX 5 KM", "REMARKS": null, "Discharge m3/day": 500.0, "remarks_Frank": null, "Y": 28.636167, "X": 77.4485 }, "geometry": { "type": "Point", "coordinates": [ 77.4485, 28.636167 ] } },
{ "type": "Feature", "properties": { "NAME OF THE INDUSTRY AND ADDRESS": "CONTINENTAL MIKOSE (INDIA) LTD,HABIBPUR,KULESRA,GREATER NOIDA", "Sub District": "Kulesra", "District": "Greater Noida", "LATITUDE": "28?31'57.9\"N", "LONGITUDE": "77?27'00.0\"E", "PRODUCT AND PRODUCTION CAPACITY": "MILK PROCESSING", "QUANTITY OF EFFLUENT (KLD)": "0", "STATUS OF EFFLUENT TREATMENT PLANT (ETP)": "INSTALLED", "ADEQUACY": "CLOSED AT PRESENT", "EFFLUENT DISPOSAL POINT APPROX": "YAMAHA DRAIN", "DISTANCE FROM RIVER": "16 KM", "REMARKS": null, "Discharge m3/day": 0.0, "remarks_Frank": null, "Y": 28.53275, "X": 77.45 }, "geometry": { "type": "Point", "coordinates": [ 77.45, 28.53275 ] } },
{ "type": "Feature", "properties": { "NAME OF THE INDUSTRY AND ADDRESS": "GOURANG PRODUCTS PVT LTD,GT ROAD,INDUSTRIAL AREA,GHAZIABAD", "Sub District": "G.T. Road", "District": "Ghaziabad", "LATITUDE": "28?38'16.1\"N", "LONGITUDE": "77?27'09.7\"E", "PRODUCT AND PRODUCTION CAPACITY": "MS BLACK PIPE,GI PIPE", "QUANTITY OF EFFLUENT (KLD)": "12", "STATUS OF EFFLUENT TREATMENT PLANT (ETP)": "INSTALLED", "ADEQUACY": "ADEQUATE", "EFFLUENT DISPOSAL POINT APPROX": "B.S. ROAD IND. DRAIN", "DISTANCE FROM RIVER": "APPROX 5 KM", "REMARKS": null, "Discharge m3/day": 12.0, "remarks_Frank": null, "Y": 28.637806, "X": 77.452694 }, "geometry": { "type": "Point", "coordinates": [ 77.452694, 28.637806 ] } },
{ "type": "Feature", "properties": { "NAME OF THE INDUSTRY AND ADDRESS": "J.D.M. ENTERPRISES,C-223/1,B.S. ROAD INDUSTRIAL AREA,GHAZIABAD", "Sub District": "Kavi nagar", "District": "Ghaziabad", "LATITUDE": "28?40'09.1\"N", "LONGITUDE": "77?27'13.6\"E", "PRODUCT AND PRODUCTION CAPACITY": "HARD CHROME(JOB WORK)-100 KG/DAY", "QUANTITY OF EFFLUENT (KLD)": "4", "STATUS OF EFFLUENT TREATMENT PLANT (ETP)": "INSTALLED", "ADEQUACY": "ADEQUATE", "EFFLUENT DISPOSAL POINT APPROX": "B.S. ROAD IND. DRAIN", "DISTANCE FROM RIVER": "APPROX 10 KM", "REMARKS": null, "Discharge m3/day": 4.0, "remarks_Frank": null, "Y": 28.669194, "X": 77.453778 }, "geometry": { "type": "Point", "coordinates": [ 77.453778, 28.669194 ] } },
{ "type": "Feature", "properties": { "NAME OF THE INDUSTRY AND ADDRESS": "SAKSHI METAL WORKS,D-1/A,KAVI NAGAR IND. AREA,GHAZIABAD", "Sub District": "Kavi nagar", "District": "Ghaziabad", "LATITUDE": "28?39'42.7\"N", "LONGITUDE": "77?27'26.2\"E", "PRODUCT AND PRODUCTION CAPACITY": "BATHROOM FITTING-100 KG/DAY", "QUANTITY OF EFFLUENT (KLD)": "0.2", "STATUS OF EFFLUENT TREATMENT PLANT (ETP)": "INSTALLED", "ADEQUACY": "ADEQUATE", "EFFLUENT DISPOSAL POINT APPROX": "B.S. ROAD IND. DRAIN", "DISTANCE FROM RIVER": "APPROX 5 KM", "REMARKS": null, "Discharge m3/day": 0.2, "remarks_Frank": null, "Y": 28.661861, "X": 77.457278 }, "geometry": { "type": "Point", "coordinates": [ 77.457278, 28.661861 ] } },
{ "type": "Feature", "properties": { "NAME OF THE INDUSTRY AND ADDRESS": "SHRI BALAJI METAL,E-17,KAVI NAGARIND. AREA,GHAZIABAD", "Sub District": "Kavi nagar", "District": "Ghaziabad", "LATITUDE": "28?39'32.4\"N", "LONGITUDE": "77?27'26.2\"E", "PRODUCT AND PRODUCTION CAPACITY": "BATHROOM FITTING-3000 PCS/DAY", "QUANTITY OF EFFLUENT (KLD)": "0.1", "STATUS OF EFFLUENT TREATMENT PLANT (ETP)": "INSTALLED", "ADEQUACY": "ADEQUATE", "EFFLUENT DISPOSAL POINT APPROX": "B.S. ROAD IND. DRAIN", "DISTANCE FROM RIVER": "APPROX 5 KM", "REMARKS": null, "Discharge m3/day": 0.1, "remarks_Frank": null, "Y": 28.659, "X": 77.457278 }, "geometry": { "type": "Point", "coordinates": [ 77.457278, 28.659 ] } },
{ "type": "Feature", "properties": { "NAME OF THE INDUSTRY AND ADDRESS": "MOHAK CARPET PLOT NO-8,MIHILA UDYAMI PARK-2,GR. NOIDA", "Sub District": "Ecotech-3", "District": "Greater Noida", "LATITUDE": "28?32'07.6\"N", "LONGITUDE": "77?27'30.9\"E", "PRODUCT AND PRODUCTION CAPACITY": "YARN/TEXTILE PROCESSING", "QUANTITY OF EFFLUENT (KLD)": "0", "STATUS OF EFFLUENT TREATMENT PLANT (ETP)": "INSTALLED", "ADEQUACY": "SELF CLOSED", "EFFLUENT DISPOSAL POINT APPROX": "YAMAHA DRAIN", "DISTANCE FROM RIVER": "16 KM", "REMARKS": null, "Discharge m3/day": 0.0, "remarks_Frank": null, "Y": 28.535444, "X": 77.458583 }, "geometry": { "type": "Point", "coordinates": [ 77.458583, 28.535444 ] } },
{ "type": "Feature", "properties": { "NAME OF THE INDUSTRY AND ADDRESS": "JACKSON ENGINEERS LTD.,PLOT NO-25,ECOTECH-3,UK,GR. NOIDA", "Sub District": "Ecotech-3", "District": "Greater Noida", "LATITUDE": "28?32'44.7\"N", "LONGITUDE": "77?27'35.1\"E", "PRODUCT AND PRODUCTION CAPACITY": "METAL SURFACE TREATMENT", "QUANTITY OF EFFLUENT (KLD)": "7", "STATUS OF EFFLUENT TREATMENT PLANT (ETP)": "INSTALLED", "ADEQUACY": "YES", "EFFLUENT DISPOSAL POINT APPROX": "YAMAHA DRAIN", "DISTANCE FROM RIVER": "16 KM", "REMARKS": null, "Discharge m3/day": 7.0, "remarks_Frank": null, "Y": 28.54575, "X": 77.45975 }, "geometry": { "type": "Point", "coordinates": [ 77.45975, 28.54575 ] } },
{ "type": "Feature", "properties": { "NAME OF THE INDUSTRY AND ADDRESS": "N.G. TEX PRINTS P. LTD.,E-13/2,KAVI NAGAR IND. AREA,GHAZIABAD", "Sub District": "Kavi nagar", "District": "Ghaziabad", "LATITUDE": "28?39'32.4\"N", "LONGITUDE": "77?27'40.9\"E", "PRODUCT AND PRODUCTION CAPACITY": "DYEING PRINTING OF CLOTHES-1500 MTR/DAY", "QUANTITY OF EFFLUENT (KLD)": "25", "STATUS OF EFFLUENT TREATMENT PLANT (ETP)": "INSTALLED", "ADEQUACY": "ADEQUATE", "EFFLUENT DISPOSAL POINT APPROX": "B.S. ROAD IND. DRAIN", "DISTANCE FROM RIVER": "APPROX 5 KM", "REMARKS": null, "Discharge m3/day": 25.0, "remarks_Frank": null, "Y": 28.659, "X": 77.461361 }, "geometry": { "type": "Point", "coordinates": [ 77.461361, 28.659 ] } },
{ "type": "Feature", "properties": { "NAME OF THE INDUSTRY AND ADDRESS": "CNH INDUSTRIAL INDIA PVT LTD.,(NEW HOLLAND TRACTORS (P) LTD),PLOT NO-3,UDYOG KENDRA,GR. NOIDA", "Sub District": "Udyog Kendra", "District": "Greater Noida", "LATITUDE": "28?32'19.0\"N", "LONGITUDE": "77?27'57.3\"E", "PRODUCT AND PRODUCTION CAPACITY": "AUTOMOBILE", "QUANTITY OF EFFLUENT (KLD)": "1100", "STATUS OF EFFLUENT TREATMENT PLANT (ETP)": "INSTALLED", "ADEQUACY": "YES", "EFFLUENT DISPOSAL POINT APPROX": "YAMAHA DRAIN", "DISTANCE FROM RIVER": "16 KM", "REMARKS": null, "Discharge m3/day": 1100.0, "remarks_Frank": null, "Y": 28.538611, "X": 77.465917 }, "geometry": { "type": "Point", "coordinates": [ 77.465917, 28.538611 ] } },
{ "type": "Feature", "properties": { "NAME OF THE INDUSTRY AND ADDRESS": "AMKO EXPORT,A-1,B.S ROAD IND. AREA GHAZIABAD", "Sub District": "B.S. Road", "District": "Ghaziabad", "LATITUDE": "28?39'33.4\"N", "LONGITUDE": "77?27'58.3\"E", "PRODUCT AND PRODUCTION CAPACITY": "DYEING/BLEACHING/PRINTING OF CLOTH-4.5 LAKH SQUARE METER/YEAR", "QUANTITY OF EFFLUENT (KLD)": "275", "STATUS OF EFFLUENT TREATMENT PLANT (ETP)": "INSTALLED", "ADEQUACY": "ADEQUATE", "EFFLUENT DISPOSAL POINT APPROX": "B.S. ROAD IND. DRAIN", "DISTANCE FROM RIVER": "APPROX 10 KM", "REMARKS": null, "Discharge m3/day": 275.0, "remarks_Frank": null, "Y": 28.659278, "X": 77.466194 }, "geometry": { "type": "Point", "coordinates": [ 77.466194, 28.659278 ] } },
{ "type": "Feature", "properties": { "NAME OF THE INDUSTRY AND ADDRESS": "A.C.E. HARDWARE,B-5,B.S. ROAD IND. AREA, GHAZIABAD.", "Sub District": "B.S. Road", "District": "Ghaziabad", "LATITUDE": "28?39'30.3\"N", "LONGITUDE": "77?27'59.2\"E", "PRODUCT AND PRODUCTION CAPACITY": "BRASS HARDWARE ITEMS-1000 KG/DAY(SAND CASTING) & 3000 KG/DAY (DYE CASTING)", "QUANTITY OF EFFLUENT (KLD)": "10", "STATUS OF EFFLUENT TREATMENT PLANT (ETP)": "INSTALLED", "ADEQUACY": "ADEQUATE", "EFFLUENT DISPOSAL POINT APPROX": "B.S. ROAD IND. DRAIN", "DISTANCE FROM RIVER": "APPROX 10 KM", "REMARKS": null, "Discharge m3/day": 10.0, "remarks_Frank": null, "Y": 28.658417, "X": 77.466444 }, "geometry": { "type": "Point", "coordinates": [ 77.466444, 28.658417 ] } },
{ "type": "Feature", "properties": { "NAME OF THE INDUSTRY AND ADDRESS": "KARAM CHANDRA RUBBER PVT LTD.,C-230,B.S. ROAD IND. AREA,GHAZIABAD", "Sub District": "B.S. Road", "District": "Ghaziabad", "LATITUDE": "28?39'37.2\"N", "LONGITUDE": "77?28'00.8\"E", "PRODUCT AND PRODUCTION CAPACITY": "CYCLE RIM-75000 NOS/DAY", "QUANTITY OF EFFLUENT (KLD)": "50", "STATUS OF EFFLUENT TREATMENT PLANT (ETP)": "INSTALLED", "ADEQUACY": "ADEQUATE", "EFFLUENT DISPOSAL POINT APPROX": "B.S. ROAD IND. DRAIN", "DISTANCE FROM RIVER": "APPROX 10 KM", "REMARKS": null, "Discharge m3/day": 50.0, "remarks_Frank": null, "Y": 28.660333, "X": 77.466889 }, "geometry": { "type": "Point", "coordinates": [ 77.466889, 28.660333 ] } },
{ "type": "Feature", "properties": { "NAME OF THE INDUSTRY AND ADDRESS": "LION CYCLE & RIKSHA INDUSTRIES,E-10,B.S. ROAD IND. AREA,GHAZIABAD", "Sub District": "B.S. Road", "District": "Ghaziabad", "LATITUDE": "28?39'37.2\"N", "LONGITUDE": "77?28'00.8\"E", "PRODUCT AND PRODUCTION CAPACITY": "METAL SURFACE TREATMENT", "QUANTITY OF EFFLUENT (KLD)": "0.5", "STATUS OF EFFLUENT TREATMENT PLANT (ETP)": "INSTALLED", "ADEQUACY": "-", "EFFLUENT DISPOSAL POINT APPROX": "B.S. ROAD IND. DRAIN", "DISTANCE FROM RIVER": "APPROX 10 KM", "REMARKS": null, "Discharge m3/day": 0.5, "remarks_Frank": null, "Y": 28.660333, "X": 77.466889 }, "geometry": { "type": "Point", "coordinates": [ 77.466889, 28.660333 ] } },
{ "type": "Feature", "properties": { "NAME OF THE INDUSTRY AND ADDRESS": "MALIK NIDDLES & ALLIDE PRODUCTS,C-108,B.S. ROAD IND. AREA GHAZIABAD", "Sub District": "B.S. Road", "District": "Ghaziabad", "LATITUDE": "28?39'37.2\"N", "LONGITUDE": "77?28'00.8\"E", "PRODUCT AND PRODUCTION CAPACITY": "SEWING MACHINE NEEDLES-600 PACKET/DAY, SAFETY NEEDLE-300 PACKET/DAY", "QUANTITY OF EFFLUENT (KLD)": "3.2", "STATUS OF EFFLUENT TREATMENT PLANT (ETP)": "INSTALLED", "ADEQUACY": "ADEQUATE", "EFFLUENT DISPOSAL POINT APPROX": "B.S. ROAD IND. DRAIN", "DISTANCE FROM RIVER": "APPROX 10 KM", "REMARKS": null, "Discharge m3/day": 3.2, "remarks_Frank": null, "Y": 28.660333, "X": 77.466889 }, "geometry": { "type": "Point", "coordinates": [ 77.466889, 28.660333 ] } },
{ "type": "Feature", "properties": { "NAME OF THE INDUSTRY AND ADDRESS": "NIP MAN FASTNERS INDIA PVT LTD.,C-197,B.S. ROAD IND. AREA,GHAZIABAD", "Sub District": "B.S. Road", "District": "Ghaziabad", "LATITUDE": "28?39'37.2\"N", "LONGITUDE": "77?28'00.8\"E", "PRODUCT AND PRODUCTION CAPACITY": "VARIOUS SCREW & NUT BOLT-2 TON/DAY", "QUANTITY OF EFFLUENT (KLD)": "41", "STATUS OF EFFLUENT TREATMENT PLANT (ETP)": "INSTALLED", "ADEQUACY": "ADEQUATE", "EFFLUENT DISPOSAL POINT APPROX": "B.S. ROAD IND. DRAIN", "DISTANCE FROM RIVER": "APPROX 10 KM", "REMARKS": null, "Discharge m3/day": 41.0, "remarks_Frank": null, "Y": 28.660333, "X": 77.466889 }, "geometry": { "type": "Point", "coordinates": [ 77.466889, 28.660333 ] } },
{ "type": "Feature", "properties": { "NAME OF THE INDUSTRY AND ADDRESS": "S.D. INDUSTRIES( OLD NAME IS S.D. ENTERPRISES),E-124,B.S. ROAD IND. AREA,GHAZIABAD", "Sub District": "B.S. Road", "District": "Ghaziabad", "LATITUDE": "28?39'33.0\"N", "LONGITUDE": "77?28'03.4\"E", "PRODUCT AND PRODUCTION CAPACITY": "ZN PLATING JOB WORK-1200 KG/DAY", "QUANTITY OF EFFLUENT (KLD)": "2", "STATUS OF EFFLUENT TREATMENT PLANT (ETP)": "INSTALLED", "ADEQUACY": "ADEQUATE", "EFFLUENT DISPOSAL POINT APPROX": "B.S. ROAD IND. DRAIN", "DISTANCE FROM RIVER": "APPROX 10 KM", "REMARKS": null, "Discharge m3/day": 2.0, "remarks_Frank": null, "Y": 28.659167, "X": 77.467611 }, "geometry": { "type": "Point", "coordinates": [ 77.467611, 28.659167 ] } },
{ "type": "Feature", "properties": { "NAME OF THE INDUSTRY AND ADDRESS": "MANAV BEVERAGE P LTD,C-128,BSR IND. AREA", "Sub District": "B.S. Road", "District": "Ghaziabad", "LATITUDE": "28?39'22.3\"N", "LONGITUDE": "77?28'10.9\"E", "PRODUCT AND PRODUCTION CAPACITY": "BEVERAGE", "QUANTITY OF EFFLUENT (KLD)": "0", "STATUS OF EFFLUENT TREATMENT PLANT (ETP)": "INSTALLED", "ADEQUACY": "-", "EFFLUENT DISPOSAL POINT APPROX": "B.S. ROAD IND. DRAIN", "DISTANCE FROM RIVER": "APPROX 10 KM", "REMARKS": null, "Discharge m3/day": 0.0, "remarks_Frank": null, "Y": 28.656194, "X": 77.469694 }, "geometry": { "type": "Point", "coordinates": [ 77.469694, 28.656194 ] } },
{ "type": "Feature", "properties": { "NAME OF THE INDUSTRY AND ADDRESS": "SPACK AUTOMOTIVES PVT LTD,KASNA ROAD,SURAJPUR,GR. NOIDA", "Sub District": "Surajpur", "District": "Greater Noida", "LATITUDE": "28?30'42.9\"N", "LONGITUDE": "77?28'12.6\"E", "PRODUCT AND PRODUCTION CAPACITY": "METAL SURFACE TREATMENT", "QUANTITY OF EFFLUENT (KLD)": "53", "STATUS OF EFFLUENT TREATMENT PLANT (ETP)": "INSTALLED", "ADEQUACY": "YES", "EFFLUENT DISPOSAL POINT APPROX": "HAWALIA DRAIN", "DISTANCE FROM RIVER": "9 KM", "REMARKS": null, "Discharge m3/day": 53.0, "remarks_Frank": null, "Y": 28.511917, "X": 77.470167 }, "geometry": { "type": "Point", "coordinates": [ 77.470167, 28.511917 ] } },
{ "type": "Feature", "properties": { "NAME OF THE INDUSTRY AND ADDRESS": "SUNSHINE AUTO INDUSTRIES,PLOT NO.-F-24,SITE-B,SURAJPUR,GR. NOIDA", "Sub District": "Surajpur", "District": "Greater Noida", "LATITUDE": "28?30'47.7\"N", "LONGITUDE": "77?28'28.1\"E", "PRODUCT AND PRODUCTION CAPACITY": "METAL SURFACE TREATMENT", "QUANTITY OF EFFLUENT (KLD)": "32", "STATUS OF EFFLUENT TREATMENT PLANT (ETP)": "INSTALLED", "ADEQUACY": "YES", "EFFLUENT DISPOSAL POINT APPROX": "HAWALIA DRAIN", "DISTANCE FROM RIVER": "12 KM", "REMARKS": null, "Discharge m3/day": 32.0, "remarks_Frank": null, "Y": 28.51325, "X": 77.474472 }, "geometry": { "type": "Point", "coordinates": [ 77.474472, 28.51325 ] } },
{ "type": "Feature", "properties": { "NAME OF THE INDUSTRY AND ADDRESS": "SURYA FRESH FOODS LTD.,14,DADRI ROAD,SURAJPUR,GR. NOIDA", "Sub District": "Surajpur", "District": "Greater Noida", "LATITUDE": "28?30'47.7\"N", "LONGITUDE": "77?28'28.1\"E", "PRODUCT AND PRODUCTION CAPACITY": "BEVERAGE (FRUIT JUICE,NECTOR)", "QUANTITY OF EFFLUENT (KLD)": "25", "STATUS OF EFFLUENT TREATMENT PLANT (ETP)": "INSTALLED", "ADEQUACY": "YES", "EFFLUENT DISPOSAL POINT APPROX": "HAWALIA DRAIN", "DISTANCE FROM RIVER": "12 KM", "REMARKS": null, "Discharge m3/day": 25.0, "remarks_Frank": null, "Y": 28.51325, "X": 77.474472 }, "geometry": { "type": "Point", "coordinates": [ 77.474472, 28.51325 ] } },
{ "type": "Feature", "properties": { "NAME OF THE INDUSTRY AND ADDRESS": "S.S. ENTERPRISES,363,PANDAV NAGAR,B.S. ROAD,MAHARAULI,GHAZIABAD", "Sub District": "Mehrauli", "District": "Ghaziabad", "LATITUDE": "28?39'35.4\"N", "LONGITUDE": "77?28'47.7\"E", "PRODUCT AND PRODUCTION CAPACITY": "ZINC & TIN PLATING-1000 PCS/DAY", "QUANTITY OF EFFLUENT (KLD)": "1.2", "STATUS OF EFFLUENT TREATMENT PLANT (ETP)": "INSTALLED", "ADEQUACY": "ADEQUATE", "EFFLUENT DISPOSAL POINT APPROX": "B.S. ROAD IND. DRAIN", "DISTANCE FROM RIVER": "APPROX 10 KM", "REMARKS": null, "Discharge m3/day": 1.2, "remarks_Frank": null, "Y": 28.659833, "X": 77.479917 }, "geometry": { "type": "Point", "coordinates": [ 77.479917, 28.659833 ] } },
{ "type": "Feature", "properties": { "NAME OF THE INDUSTRY AND ADDRESS": "MATESHWARI INDUSTRIES,G-30,M.G. ROAD IND. AREA,HAPUR", "Sub District": "Hapur", "District": "Ghaziabad", "LATITUDE": "28?40'23.0\"N?", "LONGITUDE": "77?29'23.8\"E", "PRODUCT AND PRODUCTION CAPACITY": "DYEING OF COTTON YARN-500 KG/DAY", "QUANTITY OF EFFLUENT (KLD)": "10", "STATUS OF EFFLUENT TREATMENT PLANT (ETP)": "INSTALLED", "ADEQUACY": "ADEQUATE", "EFFLUENT DISPOSAL POINT APPROX": "HASANPUR NALA", "DISTANCE FROM RIVER": null, "REMARKS": null, "Discharge m3/day": 10.0, "remarks_Frank": null, "Y": 28.673056, "X": 77.489944 }, "geometry": { "type": "Point", "coordinates": [ 77.489944, 28.673056 ] } },
{ "type": "Feature", "properties": { "NAME OF THE INDUSTRY AND ADDRESS": "INDUS TUBES LTD.,VILL-CHHAPROULLA,G.T. ROAD,GR. NOIDA", "Sub District": "Chhaproullaa", "District": "Greater Noida", "LATITUDE": "28?36'43.7\"N", "LONGITUDE": "77?29'28.5\"E", "PRODUCT AND PRODUCTION CAPACITY": "METAL SURFACE TREATMENT", "QUANTITY OF EFFLUENT (KLD)": "9", "STATUS OF EFFLUENT TREATMENT PLANT (ETP)": "INSTALLED", "ADEQUACY": "YES", "EFFLUENT DISPOSAL POINT APPROX": "DASANA DRAIN", "DISTANCE FROM RIVER": "20 KM", "REMARKS": null, "Discharge m3/day": 9.0, "remarks_Frank": null, "Y": 28.612139, "X": 77.49125 }, "geometry": { "type": "Point", "coordinates": [ 77.49125, 28.612139 ] } },
{ "type": "Feature", "properties": { "NAME OF THE INDUSTRY AND ADDRESS": "COLOUR & STYLE (P) LTD.,A-1/2,8/9,SITE-B,SURAJPUR,GREATER NOIDA", "Sub District": "Surajpur", "District": "Greater Noida", "LATITUDE": "28?30'25.4\"N", "LONGITUDE": "77?29'42.3\"E", "PRODUCT AND PRODUCTION CAPACITY": "DYEING OF FABRIC", "QUANTITY OF EFFLUENT (KLD)": "600", "STATUS OF EFFLUENT TREATMENT PLANT (ETP)": "INSTALLED", "ADEQUACY": "YES", "EFFLUENT DISPOSAL POINT APPROX": "HAWALIA DRAIN", "DISTANCE FROM RIVER": "12 KM", "REMARKS": null, "Discharge m3/day": 600.0, "remarks_Frank": null, "Y": 28.507056, "X": 77.495083 }, "geometry": { "type": "Point", "coordinates": [ 77.495083, 28.507056 ] } },
{ "type": "Feature", "properties": { "NAME OF THE INDUSTRY AND ADDRESS": "M/S BAJAJ HINDUSTHAN SUGAR LTD.,BHASANA,BUDHANA,MUZAFFARNAGAR,U.P", "Sub District": "Budhana", "District": "Muzaffarnagar", "LATITUDE": "29?17'25.9\"N", "LONGITUDE": "77?29'43.0\"E", "PRODUCT AND PRODUCTION CAPACITY": "CRUSHING CAPACITY 10000 TCD", "QUANTITY OF EFFLUENT (KLD)": "750", "STATUS OF EFFLUENT TREATMENT PLANT (ETP)": "INSTALLED", "ADEQUACY": "ADEQUATE", "EFFLUENT DISPOSAL POINT APPROX": "RIVER HINDON", "DISTANCE FROM RIVER": "1 KM", "REMARKS": "RIVER HINDON", "Discharge m3/day": 750.0, "remarks_Frank": null, "Y": 29.290528, "X": 77.495278 }, "geometry": { "type": "Point", "coordinates": [ 77.495278, 29.290528 ] } },
{ "type": "Feature", "properties": { "NAME OF THE INDUSTRY AND ADDRESS": "GARG TUBE CO. LTD.VILL-CHHAPROULLA,G.T. ROAD,GR. NOIDA", "Sub District": "Chhaproullaa", "District": "Greater Noida", "LATITUDE": "28?36'32.0\"N", "LONGITUDE": "77?29'44.2\"E", "PRODUCT AND PRODUCTION CAPACITY": "METAL SURFACE TREATMENT", "QUANTITY OF EFFLUENT (KLD)": "15", "STATUS OF EFFLUENT TREATMENT PLANT (ETP)": "INSTALLED", "ADEQUACY": "YES", "EFFLUENT DISPOSAL POINT APPROX": "DASANA DRAIN", "DISTANCE FROM RIVER": "20 KM", "REMARKS": null, "Discharge m3/day": 15.0, "remarks_Frank": null, "Y": 28.608889, "X": 77.495611 }, "geometry": { "type": "Point", "coordinates": [ 77.495611, 28.608889 ] } },
{ "type": "Feature", "properties": { "NAME OF THE INDUSTRY AND ADDRESS": "BIR HORIZONS PVT LTD.,PLOT NO.-F-79,SITE-B,SURAJPUR,GREATER NOIDA", "Sub District": "Surajpur", "District": "Greater Noida", "LATITUDE": "28?30'41.6\"N", "LONGITUDE": "77?29'47.1\"E", "PRODUCT AND PRODUCTION CAPACITY": "YARN/TEXTILE PROCESSING", "QUANTITY OF EFFLUENT (KLD)": "353", "STATUS OF EFFLUENT TREATMENT PLANT (ETP)": "INSTALLED", "ADEQUACY": "YES", "EFFLUENT DISPOSAL POINT APPROX": "HAWALIA DRAIN", "DISTANCE FROM RIVER": "12 KM", "REMARKS": null, "Discharge m3/day": 353.0, "remarks_Frank": null, "Y": 28.511556, "X": 77.496417 }, "geometry": { "type": "Point", "coordinates": [ 77.496417, 28.511556 ] } },
{ "type": "Feature", "properties": { "NAME OF THE INDUSTRY AND ADDRESS": "CAPITAL DYEING WORKS,PLOT NO.C-6,SITE-C,SURAJPUR,GREATER NOIDA", "Sub District": "Surajpur", "District": "Greater Noida", "LATITUDE": "28?30'41.6\"N", "LONGITUDE": "77?29'47.1\"E", "PRODUCT AND PRODUCTION CAPACITY": "YARN/TEXTILE PROCESSING", "QUANTITY OF EFFLUENT (KLD)": "0", "STATUS OF EFFLUENT TREATMENT PLANT (ETP)": "INSTALLED", "ADEQUACY": "SELF CLOSED", "EFFLUENT DISPOSAL POINT APPROX": "HAWALIA DRAIN", "DISTANCE FROM RIVER": "12 KM", "REMARKS": null, "Discharge m3/day": 0.0, "remarks_Frank": null, "Y": 28.511556, "X": 77.496417 }, "geometry": { "type": "Point", "coordinates": [ 77.496417, 28.511556 ] } },
{ "type": "Feature", "properties": { "NAME OF THE INDUSTRY AND ADDRESS": "CELEBRATION COLLECTIONS PVT LTD.,D-107,EPIP INDUSTRIAL AREA,SITE-5,GREATER NOIDA", "Sub District": "Surajpur", "District": "Greater Noida", "LATITUDE": "28?30'41.6\"N", "LONGITUDE": "77?29'47.1\"E", "PRODUCT AND PRODUCTION CAPACITY": "ANODIZING", "QUANTITY OF EFFLUENT (KLD)": "1.5", "STATUS OF EFFLUENT TREATMENT PLANT (ETP)": "INSTALLED", "ADEQUACY": "YES", "EFFLUENT DISPOSAL POINT APPROX": "NEW HAWALIA DRAIN", "DISTANCE FROM RIVER": "6 KM", "REMARKS": null, "Discharge m3/day": 1.5, "remarks_Frank": null, "Y": 28.511556, "X": 77.496417 }, "geometry": { "type": "Point", "coordinates": [ 77.496417, 28.511556 ] } },
{ "type": "Feature", "properties": { "NAME OF THE INDUSTRY AND ADDRESS": "CHAUDHARY SKIN TRADING COMPANY,D-34,SITE-B,SURAJPUR,GREATER NOIDA", "Sub District": "Surajpur", "District": "Greater Noida", "LATITUDE": "28?30'41.6\"N", "LONGITUDE": "77?29'47.1\"E", "PRODUCT AND PRODUCTION CAPACITY": "SLAUGHTER HOUSE", "QUANTITY OF EFFLUENT (KLD)": "190", "STATUS OF EFFLUENT TREATMENT PLANT (ETP)": "INSTALLED", "ADEQUACY": "YES", "EFFLUENT DISPOSAL POINT APPROX": "HAWALIA DRAIN", "DISTANCE FROM RIVER": "12 KM", "REMARKS": null, "Discharge m3/day": 190.0, "remarks_Frank": null, "Y": 28.511556, "X": 77.496417 }, "geometry": { "type": "Point", "coordinates": [ 77.496417, 28.511556 ] } },
{ "type": "Feature", "properties": { "NAME OF THE INDUSTRY AND ADDRESS": "M.K. LEATHER TRADING COMPANY,D-33,SITE-B,SURAJPUR.GR. NOIDA", "Sub District": "Surajpur", "District": "Greater Noida", "LATITUDE": "28?30'28.0\"N", "LONGITUDE": "77?29'48.4\"E", "PRODUCT AND PRODUCTION CAPACITY": "TANNERY", "QUANTITY OF EFFLUENT (KLD)": "125", "STATUS OF EFFLUENT TREATMENT PLANT (ETP)": "INSTALLED", "ADEQUACY": "YES", "EFFLUENT DISPOSAL POINT APPROX": "HAWALIA DRAIN", "DISTANCE FROM RIVER": "12 KM", "REMARKS": null, "Discharge m3/day": 125.0, "remarks_Frank": null, "Y": 28.507778, "X": 77.496778 }, "geometry": { "type": "Point", "coordinates": [ 77.496778, 28.507778 ] } },
{ "type": "Feature", "properties": { "NAME OF THE INDUSTRY AND ADDRESS": "HERO MOTORS LTD.,(PUCH DIVISION),VILL-ACCHEJA,G.T. ROAD, GR. NOIDA", "Sub District": "Accheja", "District": "Greater Noida", "LATITUDE": "28?36'00.9\"N", "LONGITUDE": "77?29'55.7\"E", "PRODUCT AND PRODUCTION CAPACITY": "METAL SURFACE TREATMENT", "QUANTITY OF EFFLUENT (KLD)": "135", "STATUS OF EFFLUENT TREATMENT PLANT (ETP)": "INSTALLED", "ADEQUACY": "YES", "EFFLUENT DISPOSAL POINT APPROX": "DASANA DRAIN", "DISTANCE FROM RIVER": "20 KM", "REMARKS": null, "Discharge m3/day": 135.0, "remarks_Frank": null, "Y": 28.60025, "X": 77.498806 }, "geometry": { "type": "Point", "coordinates": [ 77.498806, 28.60025 ] } },
{ "type": "Feature", "properties": { "NAME OF THE INDUSTRY AND ADDRESS": "MAHANA LEATHERS (P) LTD.E-101,SURAJPUR,SITE-B,GREATER NOIDA", "Sub District": "Surajpur", "District": "Greater Noida", "LATITUDE": "28?30'17.5\"N", "LONGITUDE": "77?29'57.9\"E", "PRODUCT AND PRODUCTION CAPACITY": "LEATHER DYING", "QUANTITY OF EFFLUENT (KLD)": "7.5", "STATUS OF EFFLUENT TREATMENT PLANT (ETP)": "INSTALLED", "ADEQUACY": "YES", "EFFLUENT DISPOSAL POINT APPROX": "HAWALIA DRAIN", "DISTANCE FROM RIVER": "12 KM", "REMARKS": null, "Discharge m3/day": 7.5, "remarks_Frank": null, "Y": 28.504861, "X": 77.499417 }, "geometry": { "type": "Point", "coordinates": [ 77.499417, 28.504861 ] } },
{ "type": "Feature", "properties": { "NAME OF THE INDUSTRY AND ADDRESS": "MATERIAL MOVELL INDIA (P) LTD.,PLOT NO. G-86/1,SITE-5,UPSIDC,GR. NOIDA", "Sub District": "Surajpur", "District": "Greater Noida", "LATITUDE": "28?30'17.5\"N", "LONGITUDE": "77?29'57.9\"E", "PRODUCT AND PRODUCTION CAPACITY": "METAL SURFACE TREATMENT", "QUANTITY OF EFFLUENT (KLD)": "5", "STATUS OF EFFLUENT TREATMENT PLANT (ETP)": "INSTALLED", "ADEQUACY": "YES", "EFFLUENT DISPOSAL POINT APPROX": "NEW HAWALIA DRAIN", "DISTANCE FROM RIVER": "6 KM", "REMARKS": null, "Discharge m3/day": 5.0, "remarks_Frank": null, "Y": 28.504861, "X": 77.499417 }, "geometry": { "type": "Point", "coordinates": [ 77.499417, 28.504861 ] } },
{ "type": "Feature", "properties": { "NAME OF THE INDUSTRY AND ADDRESS": "NEUMAN COMPONENTS PVT LTD.,PLOT NO-35,SEC-31,KASNA,GR. NOIDA", "Sub District": "Kasna", "District": "Greater Noida", "LATITUDE": "28?30'49.6\"N", "LONGITUDE": "77?30'11.3\"E", "PRODUCT AND PRODUCTION CAPACITY": "METAL SURFACE TREATMENT", "QUANTITY OF EFFLUENT (KLD)": "8", "STATUS OF EFFLUENT TREATMENT PLANT (ETP)": "INSTALLED", "ADEQUACY": "YES", "EFFLUENT DISPOSAL POINT APPROX": "HAWALIA DRAIN", "DISTANCE FROM RIVER": "8 KM", "REMARKS": null, "Discharge m3/day": 8.0, "remarks_Frank": null, "Y": 28.513778, "X": 77.503139 }, "geometry": { "type": "Point", "coordinates": [ 77.503139, 28.513778 ] } },
{ "type": "Feature", "properties": { "NAME OF THE INDUSTRY AND ADDRESS": "RASANDIK ENGG. INDIA LTD.,PLOT NO-A-1/2-1,SURAJPUR INDUSTRIAL AREA,GR. NOIDA", "Sub District": "Surajpur", "District": "Greater Noida", "LATITUDE": "28?30'21.2\"N", "LONGITUDE": "77?30'11.3\"E", "PRODUCT AND PRODUCTION CAPACITY": "METAL SURFACE TREATMENT", "QUANTITY OF EFFLUENT (KLD)": "8", "STATUS OF EFFLUENT TREATMENT PLANT (ETP)": "INSTALLED", "ADEQUACY": "YES", "EFFLUENT DISPOSAL POINT APPROX": "HAWALIA DRAIN", "DISTANCE FROM RIVER": "12 KM", "REMARKS": null, "Discharge m3/day": 8.0, "remarks_Frank": null, "Y": 28.505889, "X": 77.503139 }, "geometry": { "type": "Point", "coordinates": [ 77.503139, 28.505889 ] } },
{ "type": "Feature", "properties": { "NAME OF THE INDUSTRY AND ADDRESS": "S.P. METAL TECH PVT LTD.,(OLD NAME S.P. WIRE PVT LTD.),PLOT NO.G-81,SITE-B,IND. AREA,GR. NOIDA", "Sub District": "Surajpur", "District": "Greater Noida", "LATITUDE": "28?30'21.2\"N", "LONGITUDE": "77?30'11.3\"E", "PRODUCT AND PRODUCTION CAPACITY": "METAL SURFACE TREATMENT", "QUANTITY OF EFFLUENT (KLD)": "2.6", "STATUS OF EFFLUENT TREATMENT PLANT (ETP)": "INSTALLED", "ADEQUACY": "YES", "EFFLUENT DISPOSAL POINT APPROX": "HAWALIA DRAIN", "DISTANCE FROM RIVER": "12 KM", "REMARKS": null, "Discharge m3/day": 2.6, "remarks_Frank": null, "Y": 28.505889, "X": 77.503139 }, "geometry": { "type": "Point", "coordinates": [ 77.503139, 28.505889 ] } },
{ "type": "Feature", "properties": { "NAME OF THE INDUSTRY AND ADDRESS": "SKY LARK DYEING (P) LTD.,PLOT NO. B-2/14,SITE-B,SURAJPUR,GR. NOIDA", "Sub District": "Surajpur", "District": "Greater Noida", "LATITUDE": "28?30'49.5\"N", "LONGITUDE": "77?30'14.3\"E", "PRODUCT AND PRODUCTION CAPACITY": "DYEING", "QUANTITY OF EFFLUENT (KLD)": "600", "STATUS OF EFFLUENT TREATMENT PLANT (ETP)": "INSTALLED", "ADEQUACY": "YES", "EFFLUENT DISPOSAL POINT APPROX": "HAWALIA DRAIN", "DISTANCE FROM RIVER": "12 KM", "REMARKS": null, "Discharge m3/day": 600.0, "remarks_Frank": null, "Y": 28.51375, "X": 77.503972 }, "geometry": { "type": "Point", "coordinates": [ 77.503972, 28.51375 ] } },
{ "type": "Feature", "properties": { "NAME OF THE INDUSTRY AND ADDRESS": "LAXMI FABDYE PRINTING PVT LTD.,PLOT NO-C-7,INDUSTRIAL AREA,SITE-C,SURAJPUR,GR. NOIDA", "Sub District": "Surajpur", "District": "Greater Noida", "LATITUDE": "28?31'00.4\"N", "LONGITUDE": "77?30'35.1\"E", "PRODUCT AND PRODUCTION CAPACITY": "FABRIC PROCESSING (DYEING,PRINTING,BLEACHING", "QUANTITY OF EFFLUENT (KLD)": "70", "STATUS OF EFFLUENT TREATMENT PLANT (ETP)": "INSTALLED", "ADEQUACY": "YES", "EFFLUENT DISPOSAL POINT APPROX": "HAWALIA DRAIN", "DISTANCE FROM RIVER": "12 KM", "REMARKS": null, "Discharge m3/day": 70.0, "remarks_Frank": null, "Y": 28.516778, "X": 77.50975 }, "geometry": { "type": "Point", "coordinates": [ 77.50975, 28.516778 ] } },
{ "type": "Feature", "properties": { "NAME OF THE INDUSTRY AND ADDRESS": "BATIK INDIA,D-13,UDYOG KUNJ,DASNA,GHAZIABAD", "Sub District": "Dasna", "District": "Ghaziabad", "LATITUDE": "28?40'50.6\"N", "LONGITUDE": "77?30'56.0\"E", "PRODUCT AND PRODUCTION CAPACITY": "STITCHING/DYES OF FABRIC 325 PCS/DAY", "QUANTITY OF EFFLUENT (KLD)": "30", "STATUS OF EFFLUENT TREATMENT PLANT (ETP)": "INSTALLED", "ADEQUACY": "ADEQUATE", "EFFLUENT DISPOSAL POINT APPROX": "DASNA DRAIN", "DISTANCE FROM RIVER": "APPROX 11.4 KM", "REMARKS": null, "Discharge m3/day": 30.0, "remarks_Frank": null, "Y": 28.680722, "X": 77.515556 }, "geometry": { "type": "Point", "coordinates": [ 77.515556, 28.680722 ] } },
{ "type": "Feature", "properties": { "NAME OF THE INDUSTRY AND ADDRESS": "SIDDHARTH TEXTILE,CHILKANA ROAD,SAHARANPUR", "Sub District": "Chilkana Road", "District": "Saharanpur", "LATITUDE": "30?01'00.2\"N", "LONGITUDE": "77?30'58.9\"E", "PRODUCT AND PRODUCTION CAPACITY": "200-250 KG BLEECHING AND DYING", "QUANTITY OF EFFLUENT (KLD)": "20", "STATUS OF EFFLUENT TREATMENT PLANT (ETP)": "INSTALLED", "ADEQUACY": "OPERATIONAL", "EFFLUENT DISPOSAL POINT APPROX": "DHAMOLA", "DISTANCE FROM RIVER": "06 KM", "REMARKS": "HINDON RIVER", "Discharge m3/day": 20.0, "remarks_Frank": null, "Y": 30.016722, "X": 77.516361 }, "geometry": { "type": "Point", "coordinates": [ 77.516361, 30.016722 ] } },
{ "type": "Feature", "properties": { "NAME OF THE INDUSTRY AND ADDRESS": "M.D. FROZEN FOOD EXPORTS,KHASRA NO. 2689,BHOOR GARI ROAD,DASNA GHAZIABAD", "Sub District": "Dasna", "District": "Ghaziabad", "LATITUDE": "28?40'50.0\"N", "LONGITUDE": "77?30'59.4\"E", "PRODUCT AND PRODUCTION CAPACITY": "BONE/MEAL,CRUSHED BONE & TALLOW-30000 TON/YEAR", "QUANTITY OF EFFLUENT (KLD)": "40", "STATUS OF EFFLUENT TREATMENT PLANT (ETP)": "INSTALLED", "ADEQUACY": "ADEQUATE", "EFFLUENT DISPOSAL POINT APPROX": "BHOORGARHI NALA", "DISTANCE FROM RIVER": "APPROX 14 KM", "REMARKS": null, "Discharge m3/day": 40.0, "remarks_Frank": null, "Y": 28.680556, "X": 77.5165 }, "geometry": { "type": "Point", "coordinates": [ 77.5165, 28.680556 ] } },
{ "type": "Feature", "properties": { "NAME OF THE INDUSTRY AND ADDRESS": "SLAUGHTER HOUSE OF TOWN AREA COMMITTEE,DASNA,GHAZIABAD", "Sub District": "Dasna", "District": "Ghaziabad", "LATITUDE": "28?40'50.6\"N", "LONGITUDE": "77?31'03.6\"E", "PRODUCT AND PRODUCTION CAPACITY": "SLAUGHTER HOUSE & MEAT PROCESSING", "QUANTITY OF EFFLUENT (KLD)": "0", "STATUS OF EFFLUENT TREATMENT PLANT (ETP)": "-", "ADEQUACY": "-", "EFFLUENT DISPOSAL POINT APPROX": "DASNA DRAIN", "DISTANCE FROM RIVER": "APPROX 14 KM", "REMARKS": null, "Discharge m3/day": 0.0, "remarks_Frank": null, "Y": 28.680722, "X": 77.517667 }, "geometry": { "type": "Point", "coordinates": [ 77.517667, 28.680722 ] } },
{ "type": "Feature", "properties": { "NAME OF THE INDUSTRY AND ADDRESS": "JBM AUTOTECH ,PLOT NO-J-5,SITE-C, FR. NOIDA", "Sub District": "Surajpur", "District": "Greater Noida", "LATITUDE": "28?31'04.0\"N", "LONGITUDE": "77?31'09.0\"E", "PRODUCT AND PRODUCTION CAPACITY": "METAL SURFACE TREATMENT", "QUANTITY OF EFFLUENT (KLD)": "4.1", "STATUS OF EFFLUENT TREATMENT PLANT (ETP)": "INSTALLED", "ADEQUACY": "YES", "EFFLUENT DISPOSAL POINT APPROX": "HAWALIA DRAIN", "DISTANCE FROM RIVER": "12 KM", "REMARKS": null, "Discharge m3/day": 4.1, "remarks_Frank": null, "Y": 28.517778, "X": 77.519167 }, "geometry": { "type": "Point", "coordinates": [ 77.519167, 28.517778 ] } },
{ "type": "Feature", "properties": { "NAME OF THE INDUSTRY AND ADDRESS": "VIMAL DYEING,PLOT NO.H-41,SITE-C,GR. NOIDA", "Sub District": "Surajpur", "District": "Greater Noida", "LATITUDE": "28?30'49.7\"N", "LONGITUDE": "77?31'12.6\"E", "PRODUCT AND PRODUCTION CAPACITY": "YARN/TEXTILE PROCESSING", "QUANTITY OF EFFLUENT (KLD)": "51", "STATUS OF EFFLUENT TREATMENT PLANT (ETP)": "INSTALLED", "ADEQUACY": "YES", "EFFLUENT DISPOSAL POINT APPROX": "HAWALIA DRAIN", "DISTANCE FROM RIVER": "12 KM", "REMARKS": null, "Discharge m3/day": 51.0, "remarks_Frank": null, "Y": 28.513806, "X": 77.520167 }, "geometry": { "type": "Point", "coordinates": [ 77.520167, 28.513806 ] } },
{ "type": "Feature", "properties": { "NAME OF THE INDUSTRY AND ADDRESS": "EAGLE CONTINENTAL FOODS P LTD.,KALLUA GARHI ROAD,DASNA,GHAZIABAD", "Sub District": "Dasna", "District": "Ghaziabad", "LATITUDE": "28?41'18.2\"N", "LONGITUDE": "77?31'20.9\"E", "PRODUCT AND PRODUCTION CAPACITY": "SLAUGHTERING CAPACITY 400 BUFFALOS & 200 SHEEP/GOAT PER DAY. (PRESENTLY ONLY BUFFALOS SLAUGHTERING)SLAUGHTERED MEAT-50 MT/DAY", "QUANTITY OF EFFLUENT (KLD)": "200", "STATUS OF EFFLUENT TREATMENT PLANT (ETP)": "INSTALLED", "ADEQUACY": "ADEQUATE", "EFFLUENT DISPOSAL POINT APPROX": "DASNA DRAIN", "DISTANCE FROM RIVER": "APPROX 14 KM", "REMARKS": null, "Discharge m3/day": 200.0, "remarks_Frank": null, "Y": 28.688389, "X": 77.522472 }, "geometry": { "type": "Point", "coordinates": [ 77.522472, 28.688389 ] } },
{ "type": "Feature", "properties": { "NAME OF THE INDUSTRY AND ADDRESS": "FUTURO COMPONENTS PVT LTD.,DASNA HAPUR ROAD GHAZIABAD", "Sub District": "Dasna", "District": "Ghaziabad", "LATITUDE": "28?41'18.2\"N", "LONGITUDE": "77?31'20.9\"E", "PRODUCT AND PRODUCTION CAPACITY": "CYCLE RIM-75000 NOS/MONTH", "QUANTITY OF EFFLUENT (KLD)": "50", "STATUS OF EFFLUENT TREATMENT PLANT (ETP)": "INSTALLED", "ADEQUACY": "ADEQUATE", "EFFLUENT DISPOSAL POINT APPROX": "DASNA DRAIN", "DISTANCE FROM RIVER": "APPROX 14 KM", "REMARKS": null, "Discharge m3/day": 50.0, "remarks_Frank": null, "Y": 28.688389, "X": 77.522472 }, "geometry": { "type": "Point", "coordinates": [ 77.522472, 28.688389 ] } },
{ "type": "Feature", "properties": { "NAME OF THE INDUSTRY AND ADDRESS": "C & S LTD.,PLOT NO. B-1,SITE-4,KASNA,GREATER NOIDA", "Sub District": "Kasna", "District": "Greater Noida", "LATITUDE": "28?27'22.5\"N", "LONGITUDE": "77?31'27.7\"E", "PRODUCT AND PRODUCTION CAPACITY": "METAL SURFACE TREATMENT", "QUANTITY OF EFFLUENT (KLD)": "15", "STATUS OF EFFLUENT TREATMENT PLANT (ETP)": "INSTALLED", "ADEQUACY": "YES", "EFFLUENT DISPOSAL POINT APPROX": "HAWALIA DRAIN", "DISTANCE FROM RIVER": "8 KM", "REMARKS": null, "Discharge m3/day": 15.0, "remarks_Frank": null, "Y": 28.45625, "X": 77.524361 }, "geometry": { "type": "Point", "coordinates": [ 77.524361, 28.45625 ] } },
{ "type": "Feature", "properties": { "NAME OF THE INDUSTRY AND ADDRESS": "AMBER ENTERPRISES LTD.,PLOT NO-C-3,SITE-4,KSANA GREATER NOIDA", "Sub District": "Surajpur", "District": "Greater Noida", "LATITUDE": "28?27'28.9\"N", "LONGITUDE": "77?31'38.1\"E", "PRODUCT AND PRODUCTION CAPACITY": "METAL SURFACE TREATMENT", "QUANTITY OF EFFLUENT (KLD)": "13.5", "STATUS OF EFFLUENT TREATMENT PLANT (ETP)": "INSTALLED", "ADEQUACY": "YES", "EFFLUENT DISPOSAL POINT APPROX": "HAWALIA DRAIN", "DISTANCE FROM RIVER": "8 KM", "REMARKS": null, "Discharge m3/day": 13.5, "remarks_Frank": null, "Y": 28.458028, "X": 77.52725 }, "geometry": { "type": "Point", "coordinates": [ 77.52725, 28.458028 ] } },
{ "type": "Feature", "properties": { "NAME OF THE INDUSTRY AND ADDRESS": "ARICAB FAB (P) LTD,C-4,SITE-4,SURAJPUR,GREATER NOIDA", "Sub District": "Surajpur", "District": "Greater Noida", "LATITUDE": "28?27'28.9\"N", "LONGITUDE": "77?31'38.1\"E", "PRODUCT AND PRODUCTION CAPACITY": "DYEING", "QUANTITY OF EFFLUENT (KLD)": "0", "STATUS OF EFFLUENT TREATMENT PLANT (ETP)": "INSTALLED", "ADEQUACY": "S`", "EFFLUENT DISPOSAL POINT APPROX": "HAWALIA DRAIN", "DISTANCE FROM RIVER": "8 KM", "REMARKS": null, "Discharge m3/day": 0.0, "remarks_Frank": null, "Y": 28.458028, "X": 77.52725 }, "geometry": { "type": "Point", "coordinates": [ 77.52725, 28.458028 ] } },
{ "type": "Feature", "properties": { "NAME OF THE INDUSTRY AND ADDRESS": "HONDA CARS INDIA LTD.,SECTOR-40/41,GREATER NOIDA", "Sub District": "Surajpur", "District": "Greater Noida", "LATITUDE": "28?26'43.9\"N", "LONGITUDE": "77?31'52.3\"E", "PRODUCT AND PRODUCTION CAPACITY": "AUTOMOBILE", "QUANTITY OF EFFLUENT (KLD)": "1700", "STATUS OF EFFLUENT TREATMENT PLANT (ETP)": "INSTALLED", "ADEQUACY": "YES", "EFFLUENT DISPOSAL POINT APPROX": "KOT SCAP", "DISTANCE FROM RIVER": null, "REMARKS": null, "Discharge m3/day": 1700.0, "remarks_Frank": null, "Y": 28.445528, "X": 77.531194 }, "geometry": { "type": "Point", "coordinates": [ 77.531194, 28.445528 ] } },
{ "type": "Feature", "properties": { "NAME OF THE INDUSTRY AND ADDRESS": "INDIA DYEING & TEXTILES PLOT NO.,F-75,SITE-B,GR. NOIDA", "Sub District": "Surajpur", "District": "Greater Noida", "LATITUDE": "28?26'43.9\"N", "LONGITUDE": "77?31'52.3\"E", "PRODUCT AND PRODUCTION CAPACITY": "YARN/TEXTILE PROCESSING", "QUANTITY OF EFFLUENT (KLD)": "39", "STATUS OF EFFLUENT TREATMENT PLANT (ETP)": "INSTALLED", "ADEQUACY": "YES", "EFFLUENT DISPOSAL POINT APPROX": "HAWALIA DRAIN", "DISTANCE FROM RIVER": "12 KM", "REMARKS": null, "Discharge m3/day": 39.0, "remarks_Frank": null, "Y": 28.445528, "X": 77.531194 }, "geometry": { "type": "Point", "coordinates": [ 77.531194, 28.445528 ] } },
{ "type": "Feature", "properties": { "NAME OF THE INDUSTRY AND ADDRESS": "INDO PUMP,PLOT NO-F-29-30,SITE-B,GR.NOIDA", "Sub District": "Surajpur", "District": "Greater Noida", "LATITUDE": "28?26'43.9\"N", "LONGITUDE": "77?31'52.3\"E", "PRODUCT AND PRODUCTION CAPACITY": "METAL SURFACE TREATMENT", "QUANTITY OF EFFLUENT (KLD)": "12", "STATUS OF EFFLUENT TREATMENT PLANT (ETP)": "INSTALLED", "ADEQUACY": "YES", "EFFLUENT DISPOSAL POINT APPROX": "HAWALIA DRAIN", "DISTANCE FROM RIVER": "12 KM", "REMARKS": null, "Discharge m3/day": 12.0, "remarks_Frank": null, "Y": 28.445528, "X": 77.531194 }, "geometry": { "type": "Point", "coordinates": [ 77.531194, 28.445528 ] } },
{ "type": "Feature", "properties": { "NAME OF THE INDUSTRY AND ADDRESS": "ALPHA LASERTEK (INDIA) LTD.,E-50,SECTOR-31,SITE-4,GREATER NOIDA", "Sub District": "Surajpur", "District": "Greater Noida", "LATITUDE": "28?27'19.1\"N", "LONGITUDE": "77?32'10.3\"E", "PRODUCT AND PRODUCTION CAPACITY": "SECEURITY HOLOGRAM STICKERS", "QUANTITY OF EFFLUENT (KLD)": "1.8", "STATUS OF EFFLUENT TREATMENT PLANT (ETP)": "INSTALLED", "ADEQUACY": "YES", "EFFLUENT DISPOSAL POINT APPROX": "HAWALIA DRAIN", "DISTANCE FROM RIVER": "8 KM", "REMARKS": null, "Discharge m3/day": 1.8, "remarks_Frank": null, "Y": 28.455306, "X": 77.536194 }, "geometry": { "type": "Point", "coordinates": [ 77.536194, 28.455306 ] } },
{ "type": "Feature", "properties": { "NAME OF THE INDUSTRY AND ADDRESS": "SHRI GANGA PAPER MILLS PVT LTD.,HAPUR ROAD,DASNA", "Sub District": "Hapur", "District": "Ghaziabad", "LATITUDE": "28?40'51.5\"N", "LONGITUDE": "77?32'16.9\"E", "PRODUCT AND PRODUCTION CAPACITY": "PULP & PAPER", "QUANTITY OF EFFLUENT (KLD)": "300", "STATUS OF EFFLUENT TREATMENT PLANT (ETP)": "INSTALLED", "ADEQUACY": "-", "EFFLUENT DISPOSAL POINT APPROX": "DASNA DRAIN", "DISTANCE FROM RIVER": "APPROX 14 KM", "REMARKS": null, "Discharge m3/day": 300.0, "remarks_Frank": null, "Y": 28.680972, "X": 77.538028 }, "geometry": { "type": "Point", "coordinates": [ 77.538028, 28.680972 ] } },
{ "type": "Feature", "properties": { "NAME OF THE INDUSTRY AND ADDRESS": "KAWATRA PAPER (P) LTD,DHOOM MANIKPURT,G.T. ROAD,DADRI", "Sub District": "Dadri", "District": "Greater Noida", "LATITUDE": "28?34'10.3\"N", "LONGITUDE": "77?32'19.0\"E", "PRODUCT AND PRODUCTION CAPACITY": "PAPER", "QUANTITY OF EFFLUENT (KLD)": "1400", "STATUS OF EFFLUENT TREATMENT PLANT (ETP)": "INSTALLED", "ADEQUACY": "YES", "EFFLUENT DISPOSAL POINT APPROX": "DHOOM DUJANA DRAIN", "DISTANCE FROM RIVER": "20 KM", "REMARKS": null, "Discharge m3/day": 1400.0, "remarks_Frank": null, "Y": 28.569528, "X": 77.538611 }, "geometry": { "type": "Point", "coordinates": [ 77.538611, 28.569528 ] } },
{ "type": "Feature", "properties": { "NAME OF THE INDUSTRY AND ADDRESS": "L.G. ELECTRONICS ,P. NO-51,UDYOG VIHAR,.GR. NOIDA", "Sub District": "Dadri", "District": "Greater Noida", "LATITUDE": "28?34'10.4\"N", "LONGITUDE": "77?32'19.1\"E", "PRODUCT AND PRODUCTION CAPACITY": "ELECTRONIC", "QUANTITY OF EFFLUENT (KLD)": "700", "STATUS OF EFFLUENT TREATMENT PLANT (ETP)": "INSTALLED", "ADEQUACY": "YES", "EFFLUENT DISPOSAL POINT APPROX": "HAWALIA DRAIN", "DISTANCE FROM RIVER": "9 KM", "REMARKS": null, "Discharge m3/day": 700.0, "remarks_Frank": null, "Y": 28.569556, "X": 77.538639 }, "geometry": { "type": "Point", "coordinates": [ 77.538639, 28.569556 ] } },
{ "type": "Feature", "properties": { "NAME OF THE INDUSTRY AND ADDRESS": "AL NAFEES FROZEN FOODS EXPORTS,HAPUR ROAD DASNA GZB.(INTEGRATED MEAT UNIT)", "Sub District": "Dasna", "District": "Ghaziabad", "LATITUDE": "28?41'12.3\"N", "LONGITUDE": "77?32'23.8\"E", "PRODUCT AND PRODUCTION CAPACITY": "SLAUGHTERED MEAT-90", "QUANTITY OF EFFLUENT (KLD)": "642", "STATUS OF EFFLUENT TREATMENT PLANT (ETP)": "INSTALLED", "ADEQUACY": "ADEQUATE", "EFFLUENT DISPOSAL POINT APPROX": "DASNA DRAIN", "DISTANCE FROM RIVER": "APPROX 14 KM", "REMARKS": null, "Discharge m3/day": 642.0, "remarks_Frank": null, "Y": 28.68675, "X": 77.539944 }, "geometry": { "type": "Point", "coordinates": [ 77.539944, 28.68675 ] } },
{ "type": "Feature", "properties": { "NAME OF THE INDUSTRY AND ADDRESS": "AL NASEER EXPORT PVT LTD.,2761,BHOOR GARI,DASNA,GHAZIABAD", "Sub District": "Dasna", "District": "Ghaziabad", "LATITUDE": "28?41'12.3\"N", "LONGITUDE": "77?32'23.8\"E", "PRODUCT AND PRODUCTION CAPACITY": "SLAUGHTERED MEAT-25 MT/DAY", "QUANTITY OF EFFLUENT (KLD)": "200", "STATUS OF EFFLUENT TREATMENT PLANT (ETP)": "INSTALLED", "ADEQUACY": "NOT ADEQUATE", "EFFLUENT DISPOSAL POINT APPROX": "DASNA DRAIN", "DISTANCE FROM RIVER": "APPROX 14 KM", "REMARKS": null, "Discharge m3/day": 200.0, "remarks_Frank": null, "Y": 28.68675, "X": 77.539944 }, "geometry": { "type": "Point", "coordinates": [ 77.539944, 28.68675 ] } },
{ "type": "Feature", "properties": { "NAME OF THE INDUSTRY AND ADDRESS": "INTERNATONAL AGRO FOODS,VILL. BHOOR GARI,DASNA GHAZIABAD", "Sub District": "Dasna", "District": "Ghaziabad", "LATITUDE": "28?41'16.0\"N", "LONGITUDE": "77?32'31.5\"E", "PRODUCT AND PRODUCTION CAPACITY": "SLAUGHTERED MEAT", "QUANTITY OF EFFLUENT (KLD)": "750", "STATUS OF EFFLUENT TREATMENT PLANT (ETP)": "INSTALLED", "ADEQUACY": "ADEQUATE", "EFFLUENT DISPOSAL POINT APPROX": "BHOORGARHI NALA", "DISTANCE FROM RIVER": "APPROX 14 KM", "REMARKS": null, "Discharge m3/day": 750.0, "remarks_Frank": null, "Y": 28.687778, "X": 77.542083 }, "geometry": { "type": "Point", "coordinates": [ 77.542083, 28.687778 ] } },
{ "type": "Feature", "properties": { "NAME OF THE INDUSTRY AND ADDRESS": "HONDA SIEL POWER PRODUCT LTD,PLOT NO-5,SEC-41,ECOTECH-I,GR. NOIDA", "Sub District": "Kasna", "District": "Greater Noida", "LATITUDE": "28?26'50.1\"N", "LONGITUDE": "77?32'36.1\"E", "PRODUCT AND PRODUCTION CAPACITY": "METAL SURFACE TREATMENT", "QUANTITY OF EFFLUENT (KLD)": "350", "STATUS OF EFFLUENT TREATMENT PLANT (ETP)": "INSTALLED", "ADEQUACY": "YES", "EFFLUENT DISPOSAL POINT APPROX": "KOT SCAP", "DISTANCE FROM RIVER": null, "REMARKS": null, "Discharge m3/day": 350.0, "remarks_Frank": null, "Y": 28.44725, "X": 77.543361 }, "geometry": { "type": "Point", "coordinates": [ 77.543361, 28.44725 ] } },
{ "type": "Feature", "properties": { "NAME OF THE INDUSTRY AND ADDRESS": "JAYANITA EXPORT (P) LTD,PLOT NO-A-1,EPIP,KASNA,GR. NOIDA", "Sub District": "Kasna", "District": "Greater Noida", "LATITUDE": "28?25'11.0\"N", "LONGITUDE": "77?32'41.5\"E", "PRODUCT AND PRODUCTION CAPACITY": "METAL SURFACE TREATMENT", "QUANTITY OF EFFLUENT (KLD)": "18", "STATUS OF EFFLUENT TREATMENT PLANT (ETP)": "INSTALLED", "ADEQUACY": "YES", "EFFLUENT DISPOSAL POINT APPROX": "NEW HAWALIA DRAIN", "DISTANCE FROM RIVER": "6 KM", "REMARKS": null, "Discharge m3/day": 18.0, "remarks_Frank": null, "Y": 28.419722, "X": 77.544861 }, "geometry": { "type": "Point", "coordinates": [ 77.544861, 28.419722 ] } },
{ "type": "Feature", "properties": { "NAME OF THE INDUSTRY AND ADDRESS": "AUTOTECH STEEL ENGINEERING (P) LTD,PLOT NO. 28/3,ECOTECH-1,EXTN-1,GREATER NOIDA", "Sub District": "Ecotech-1", "District": "Greater Noida", "LATITUDE": "28?26'32.8\"N", "LONGITUDE": "77?32'48.7\"E", "PRODUCT AND PRODUCTION CAPACITY": "METAL SURFACE TREATMENT", "QUANTITY OF EFFLUENT (KLD)": "5", "STATUS OF EFFLUENT TREATMENT PLANT (ETP)": "INSTALLED", "ADEQUACY": "YES", "EFFLUENT DISPOSAL POINT APPROX": "KOT SCAP", "DISTANCE FROM RIVER": "6 KM", "REMARKS": null, "Discharge m3/day": 5.0, "remarks_Frank": null, "Y": 28.442444, "X": 77.546861 }, "geometry": { "type": "Point", "coordinates": [ 77.546861, 28.442444 ] } },
{ "type": "Feature", "properties": { "NAME OF THE INDUSTRY AND ADDRESS": "SEVEN SEAS PAINTS (P) LTD.PLOT NO.313,316,317 & 319,ECOTECH-1,EXTN,GR. NOIDA", "Sub District": "Ecotech-1", "District": "Greater Noida", "LATITUDE": "28?26'32.8\"N", "LONGITUDE": "77?32'48.7\"E", "PRODUCT AND PRODUCTION CAPACITY": "INDUSTRIAL PAINT & RESIN", "QUANTITY OF EFFLUENT (KLD)": "3.5", "STATUS OF EFFLUENT TREATMENT PLANT (ETP)": "INSTALLED", "ADEQUACY": "YES", "EFFLUENT DISPOSAL POINT APPROX": "KOT SCAP", "DISTANCE FROM RIVER": "6 KM", "REMARKS": null, "Discharge m3/day": 3.5, "remarks_Frank": null, "Y": 28.442444, "X": 77.546861 }, "geometry": { "type": "Point", "coordinates": [ 77.546861, 28.442444 ] } },
{ "type": "Feature", "properties": { "NAME OF THE INDUSTRY AND ADDRESS": "ATUL TEXTILE,BEHAT ROAD,SAHARANPUR", "Sub District": "Behat", "District": "Saharanpur", "LATITUDE": "29?58'50.9\"N", "LONGITUDE": "77?33'05.1\"E", "PRODUCT AND PRODUCTION CAPACITY": "200-250 KG BLEECHING AND DYING", "QUANTITY OF EFFLUENT (KLD)": "19.5", "STATUS OF EFFLUENT TREATMENT PLANT (ETP)": "INSTALLED", "ADEQUACY": "OPERATIONAL", "EFFLUENT DISPOSAL POINT APPROX": "DHAMOLA", "DISTANCE FROM RIVER": "3 KM", "REMARKS": "HINDON RIVER", "Discharge m3/day": 19.5, "remarks_Frank": null, "Y": 29.980806, "X": 77.551417 }, "geometry": { "type": "Point", "coordinates": [ 77.551417, 29.980806 ] } },
{ "type": "Feature", "properties": { "NAME OF THE INDUSTRY AND ADDRESS": "NATIONAL PESTICIDE & CHEMICAL,BEHAT ROAD,SAHARANPUR", "Sub District": "Behat", "District": "Saharanpur", "LATITUDE": "29?58'50.9\"N", "LONGITUDE": "77?33'05.1\"E", "PRODUCT AND PRODUCTION CAPACITY": "CLOSED", "QUANTITY OF EFFLUENT (KLD)": "-", "STATUS OF EFFLUENT TREATMENT PLANT (ETP)": "CLOSED", "ADEQUACY": "NOT OPERATIONAL", "EFFLUENT DISPOSAL POINT APPROX": "-", "DISTANCE FROM RIVER": "02 KM", "REMARKS": "HINDON RIVER", "Discharge m3/day": 0.0, "remarks_Frank": "nan", "Y": 29.980806, "X": 77.551417 }, "geometry": { "type": "Point", "coordinates": [ 77.551417, 29.980806 ] } },
{ "type": "Feature", "properties": { "NAME OF THE INDUSTRY AND ADDRESS": "PACIFIC AGROCARP SCIENCE,BEHAT ROAD,SAHARANPUR", "Sub District": "Behat", "District": "Saharanpur", "LATITUDE": "29?58'50.9\"N", "LONGITUDE": "77?33'05.1\"E", "PRODUCT AND PRODUCTION CAPACITY": "INSECTICIDE AND PESTICIDE FORMULATION", "QUANTITY OF EFFLUENT (KLD)": "0", "STATUS OF EFFLUENT TREATMENT PLANT (ETP)": "INSTALLED", "ADEQUACY": "OPERATIONAL", "EFFLUENT DISPOSAL POINT APPROX": "ZLD", "DISTANCE FROM RIVER": "5.5 KM", "REMARKS": "HINDON RIVER", "Discharge m3/day": 0.0, "remarks_Frank": null, "Y": 29.980806, "X": 77.551417 }, "geometry": { "type": "Point", "coordinates": [ 77.551417, 29.980806 ] } },
{ "type": "Feature", "properties": { "NAME OF THE INDUSTRY AND ADDRESS": "PLAZA PAPER P. LTD.,SAHARANPUR", "Sub District": "Behat", "District": "Saharanpur", "LATITUDE": "29?58'50.9\"N", "LONGITUDE": "77?33'05.1\"E", "PRODUCT AND PRODUCTION CAPACITY": "CLOSED", "QUANTITY OF EFFLUENT (KLD)": "175", "STATUS OF EFFLUENT TREATMENT PLANT (ETP)": "CLOSED", "ADEQUACY": "NOT OPERATIONAL", "EFFLUENT DISPOSAL POINT APPROX": "-", "DISTANCE FROM RIVER": "02 KM", "REMARKS": "HINDON RIVER", "Discharge m3/day": 175.0, "remarks_Frank": null, "Y": 29.980806, "X": 77.551417 }, "geometry": { "type": "Point", "coordinates": [ 77.551417, 29.980806 ] } },
{ "type": "Feature", "properties": { "NAME OF THE INDUSTRY AND ADDRESS": "U.P. CO-OPERATIVE CO. LTD,TAPRI SAHARANPUR", "Sub District": "Tapri", "District": "Saharanpur", "LATITUDE": "29?45'57.9\"N", "LONGITUDE": "77?33'08.9\"E", "PRODUCT AND PRODUCTION CAPACITY": "10 K.L.D. RECTIFIED SPIRIT", "QUANTITY OF EFFLUENT (KLD)": "10(ONLY BOTTLING)", "STATUS OF EFFLUENT TREATMENT PLANT (ETP)": "CLOSED", "ADEQUACY": "OPERATIONAL", "EFFLUENT DISPOSAL POINT APPROX": "-", "DISTANCE FROM RIVER": "0.5 KM", "REMARKS": "HINDON RIVER", "Discharge m3/day": 10.0, "remarks_Frank": "adjusted to 10", "Y": 29.766083, "X": 77.552472 }, "geometry": { "type": "Point", "coordinates": [ 77.552472, 29.766083 ] } },
{ "type": "Feature", "properties": { "NAME OF THE INDUSTRY AND ADDRESS": "SHREE RAM VERITECH SOLUTIONS PVT LTD.,PLOT NO.39,ECO-1,EXTN. GR. NOIDA", "Sub District": "Ecotech-1", "District": "Greater Noida", "LATITUDE": "28?26'20.9\"N", "LONGITUDE": "77?33'18.3\"E", "PRODUCT AND PRODUCTION CAPACITY": "SECEURITY HOLOGRAM STICKERS", "QUANTITY OF EFFLUENT (KLD)": "0.3", "STATUS OF EFFLUENT TREATMENT PLANT (ETP)": "INSTALLED", "ADEQUACY": "YES", "EFFLUENT DISPOSAL POINT APPROX": "KOT SCAP", "DISTANCE FROM RIVER": "6 KM", "REMARKS": null, "Discharge m3/day": 0.3, "remarks_Frank": null, "Y": 28.439139, "X": 77.555083 }, "geometry": { "type": "Point", "coordinates": [ 77.555083, 28.439139 ] } },
{ "type": "Feature", "properties": { "NAME OF THE INDUSTRY AND ADDRESS": "SLAUGHTER HOUSE OF ZILA PARISHAD,MASOORIE,GHAZIABAD", "Sub District": "Masoorie", "District": "Ghaziabad", "LATITUDE": "28?41'09.5\"N", "LONGITUDE": "77?33'18.9\"E", "PRODUCT AND PRODUCTION CAPACITY": "SLAUGHTER HOUSE & MEAT PROCESSING", "QUANTITY OF EFFLUENT (KLD)": "0", "STATUS OF EFFLUENT TREATMENT PLANT (ETP)": "-", "ADEQUACY": "-", "EFFLUENT DISPOSAL POINT APPROX": "DASNA DRAIN", "DISTANCE FROM RIVER": "APPROX 14 KM", "REMARKS": null, "Discharge m3/day": 0.0, "remarks_Frank": null, "Y": 28.685972, "X": 77.55525 }, "geometry": { "type": "Point", "coordinates": [ 77.55525, 28.685972 ] } },
{ "type": "Feature", "properties": { "NAME OF THE INDUSTRY AND ADDRESS": "HINDON FILTER (P) LTD., SAHARANPUR", "Sub District": "Damodarpuri", "District": "Saharanpur", "LATITUDE": "29?57'09.6\"N", "LONGITUDE": "77?33'34.1\"E", "PRODUCT AND PRODUCTION CAPACITY": "FITER PAPER 100 TON/MONTH", "QUANTITY OF EFFLUENT (KLD)": "200", "STATUS OF EFFLUENT TREATMENT PLANT (ETP)": "INSTALLED", "ADEQUACY": "OPERATIONAL", "EFFLUENT DISPOSAL POINT APPROX": "DHAMOLA", "DISTANCE FROM RIVER": "03 KM", "REMARKS": "HINDON RIVER", "Discharge m3/day": 200.0, "remarks_Frank": null, "Y": 29.952667, "X": 77.559472 }, "geometry": { "type": "Point", "coordinates": [ 77.559472, 29.952667 ] } },
{ "type": "Feature", "properties": { "NAME OF THE INDUSTRY AND ADDRESS": "STAR PAPER MILL SAHARANPUR", "Sub District": "Himmat Nagar", "District": "Saharanpur", "LATITUDE": "29?56'24.0\"N", "LONGITUDE": "77?34'01.7\"E", "PRODUCT AND PRODUCTION CAPACITY": "BLEEACHED & UNBLEEACHED PAPER 300 TON/DAY", "QUANTITY OF EFFLUENT (KLD)": "15000", "STATUS OF EFFLUENT TREATMENT PLANT (ETP)": "INSTALLED", "ADEQUACY": "OPERATIONAL", "EFFLUENT DISPOSAL POINT APPROX": "STAR PAPER MILL NALA", "DISTANCE FROM RIVER": "01 KM", "REMARKS": "HINDON RIVER", "Discharge m3/day": 15000.0, "remarks_Frank": null, "Y": 29.94, "X": 77.567139 }, "geometry": { "type": "Point", "coordinates": [ 77.567139, 29.94 ] } },
{ "type": "Feature", "properties": { "NAME OF THE INDUSTRY AND ADDRESS": "ARORA HOIESERY,JANTA ROAD,SAHARANPUR", "Sub District": "Janta Road", "District": "Saharanpur", "LATITUDE": "29?58'18.5\"N", "LONGITUDE": "77?34'06.8\"E", "PRODUCT AND PRODUCTION CAPACITY": "200-250 KG BLEECHING AND DYING", "QUANTITY OF EFFLUENT (KLD)": "18", "STATUS OF EFFLUENT TREATMENT PLANT (ETP)": "INSTALLED", "ADEQUACY": "OPERATIONAL", "EFFLUENT DISPOSAL POINT APPROX": "DHAMOLA", "DISTANCE FROM RIVER": "3 KM", "REMARKS": "HINDON RIVER", "Discharge m3/day": 18.0, "remarks_Frank": null, "Y": 29.971806, "X": 77.568556 }, "geometry": { "type": "Point", "coordinates": [ 77.568556, 29.971806 ] } },
{ "type": "Feature", "properties": { "NAME OF THE INDUSTRY AND ADDRESS": "DURGA TEXTILE,JANTA ROAD, SAHARANPUR", "Sub District": "Janta Road", "District": "Saharanpur", "LATITUDE": "29?58'18.5\"N", "LONGITUDE": "77?34'06.8\"E", "PRODUCT AND PRODUCTION CAPACITY": "200-250 KG BLEECHING AND DYING", "QUANTITY OF EFFLUENT (KLD)": "21.5", "STATUS OF EFFLUENT TREATMENT PLANT (ETP)": "INSTALLED", "ADEQUACY": "OPERATIONAL", "EFFLUENT DISPOSAL POINT APPROX": "DHAMOLA", "DISTANCE FROM RIVER": "04 KM", "REMARKS": "HINDON RIVER", "Discharge m3/day": 21.5, "remarks_Frank": null, "Y": 29.971806, "X": 77.568556 }, "geometry": { "type": "Point", "coordinates": [ 77.568556, 29.971806 ] } },
{ "type": "Feature", "properties": { "NAME OF THE INDUSTRY AND ADDRESS": "GARG DYEING,JANTA ROAD,SAHARANPUR", "Sub District": "Janta Road", "District": "Saharanpur", "LATITUDE": "29?58'18.5\"N", "LONGITUDE": "77?34'06.8\"E", "PRODUCT AND PRODUCTION CAPACITY": "251 KG. BLEECHING AND DYEING", "QUANTITY OF EFFLUENT (KLD)": "150", "STATUS OF EFFLUENT TREATMENT PLANT (ETP)": "INSTALLED", "ADEQUACY": "OPERATIONAL", "EFFLUENT DISPOSAL POINT APPROX": "DHAMOLA", "DISTANCE FROM RIVER": "03 KM", "REMARKS": "HINDON RIVER", "Discharge m3/day": 150.0, "remarks_Frank": null, "Y": 29.971806, "X": 77.568556 }, "geometry": { "type": "Point", "coordinates": [ 77.568556, 29.971806 ] } },
{ "type": "Feature", "properties": { "NAME OF THE INDUSTRY AND ADDRESS": "J.J. TEXTILE,JANTA ROAD,SAHARANPUR", "Sub District": "Janta Road", "District": "Saharanpur", "LATITUDE": "29?58'18.5\"N", "LONGITUDE": "77?34'06.8\"E", "PRODUCT AND PRODUCTION CAPACITY": "250 KG. BLEECHING AND DYEING", "QUANTITY OF EFFLUENT (KLD)": "18.5", "STATUS OF EFFLUENT TREATMENT PLANT (ETP)": "INSTALLED", "ADEQUACY": "OPERATIONAL", "EFFLUENT DISPOSAL POINT APPROX": "DHAMOLA", "DISTANCE FROM RIVER": "03 KM", "REMARKS": "HINDON RIVER", "Discharge m3/day": 18.5, "remarks_Frank": null, "Y": 29.971806, "X": 77.568556 }, "geometry": { "type": "Point", "coordinates": [ 77.568556, 29.971806 ] } },
{ "type": "Feature", "properties": { "NAME OF THE INDUSTRY AND ADDRESS": "SWAROOP PAPER (P) LTD,SAHARANPUR", "Sub District": "Janta Road", "District": "Saharanpur", "LATITUDE": "29?58'18.5\"N", "LONGITUDE": "77?34'06.8\"E", "PRODUCT AND PRODUCTION CAPACITY": "CLOSED", "QUANTITY OF EFFLUENT (KLD)": "200", "STATUS OF EFFLUENT TREATMENT PLANT (ETP)": "CLOSED", "ADEQUACY": "NOT OPERATIONAL", "EFFLUENT DISPOSAL POINT APPROX": "-", "DISTANCE FROM RIVER": "CLOSED", "REMARKS": "HINDON RIVER", "Discharge m3/day": 200.0, "remarks_Frank": null, "Y": 29.971806, "X": 77.568556 }, "geometry": { "type": "Point", "coordinates": [ 77.568556, 29.971806 ] } },
{ "type": "Feature", "properties": { "NAME OF THE INDUSTRY AND ADDRESS": "PASHUPATI DAIRY (P) LTD. DEHRADUN ROAD,SAHARANPUR", "Sub District": "Dehradun Road", "District": "Saharanpur", "LATITUDE": "29?58'08.7\"N", "LONGITUDE": "77?35'00.6\"E", "PRODUCT AND PRODUCTION CAPACITY": "MILL PROCESSING 200 K.L./DAY", "QUANTITY OF EFFLUENT (KLD)": "270", "STATUS OF EFFLUENT TREATMENT PLANT (ETP)": "INSTALLED", "ADEQUACY": "OPERATIONAL", "EFFLUENT DISPOSAL POINT APPROX": "NAAGDEHI NALA", "DISTANCE FROM RIVER": "02 KM", "REMARKS": "HINDON RIVER", "Discharge m3/day": 270.0, "remarks_Frank": null, "Y": 29.969083, "X": 77.5835 }, "geometry": { "type": "Point", "coordinates": [ 77.5835, 29.969083 ] } },
{ "type": "Feature", "properties": { "NAME OF THE INDUSTRY AND ADDRESS": "BAJAJ HINDUSTAN LTD. DISTILLARY UNIT,GAGNOLI,SAHARANPUR", "Sub District": "Gagnoli", "District": "Saharanpur", "LATITUDE": "29?48'53.1\"N", "LONGITUDE": "77?35'42.3\"E", "PRODUCT AND PRODUCTION CAPACITY": "RECTIFIED SPIRIT 160 KLD", "QUANTITY OF EFFLUENT (KLD)": "ZLD", "STATUS OF EFFLUENT TREATMENT PLANT (ETP)": "INSTALLED", "ADEQUACY": "OPERATIONAL", "EFFLUENT DISPOSAL POINT APPROX": "BAJAJ DRAIN", "DISTANCE FROM RIVER": "5 KM", "REMARKS": "HINDON RIVER", "Discharge m3/day": 0.0, "remarks_Frank": "adjusted to 0", "Y": 29.81475, "X": 77.595083 }, "geometry": { "type": "Point", "coordinates": [ 77.595083, 29.81475 ] } },
{ "type": "Feature", "properties": { "NAME OF THE INDUSTRY AND ADDRESS": "BAJAJ HINDUSTAN LTD. SUGAR UNIT,GAGNOLI,SAHARANPUR", "Sub District": "Gagnoli", "District": "Saharanpur", "LATITUDE": "29?48'53.1\"N", "LONGITUDE": "77?35'42.3\"E", "PRODUCT AND PRODUCTION CAPACITY": "1000TCD SUGAR CANE", "QUANTITY OF EFFLUENT (KLD)": "-", "STATUS OF EFFLUENT TREATMENT PLANT (ETP)": "INSTALLED", "ADEQUACY": "OPERATIONAL", "EFFLUENT DISPOSAL POINT APPROX": "BAJAJ DRAIN", "DISTANCE FROM RIVER": "04 KM", "REMARKS": "HINDON RIVER", "Discharge m3/day": 0.0, "remarks_Frank": "nan", "Y": 29.81475, "X": 77.595083 }, "geometry": { "type": "Point", "coordinates": [ 77.595083, 29.81475 ] } },
{ "type": "Feature", "properties": { "NAME OF THE INDUSTRY AND ADDRESS": "NTPC DADARI,NOIDA", "Sub District": "Dadari", "District": "Noida", "LATITUDE": "28?35'55.0\"N", "LONGITUDE": "77?36'31.2\"E", "PRODUCT AND PRODUCTION CAPACITY": "ELECTRICITY PRODUCTION", "QUANTITY OF EFFLUENT (KLD)": "22000 MLD", "STATUS OF EFFLUENT TREATMENT PLANT (ETP)": "INSTALLED", "ADEQUACY": "ADEQUATE", "EFFLUENT DISPOSAL POINT APPROX": "NALA/RIVER", "DISTANCE FROM RIVER": "HINDON", "REMARKS": null, "Discharge m3/day": 0.0, "remarks_Frank": "adjusted to 0 because its looks like they use canal water", "Y": 28.598611, "X": 77.608667 }, "geometry": { "type": "Point", "coordinates": [ 77.608667, 28.598611 ] } },
{ "type": "Feature", "properties": { "NAME OF THE INDUSTRY AND ADDRESS": "M/S ANKUR FERTILIZERS PVT LTD,BUDHANA ROAD,MUZAFFARNAGAR,U.P", "Sub District": "Budhana", "District": "Muzaffarnagar", "LATITUDE": "29?28'07.3\"N", "LONGITUDE": "77?39'54.0\"E", "PRODUCT AND PRODUCTION CAPACITY": "SULPHURIC ACID", "QUANTITY OF EFFLUENT (KLD)": "ZERO LIQUID DISCHARGE", "STATUS OF EFFLUENT TREATMENT PLANT (ETP)": "NA", "ADEQUACY": "NA", "EFFLUENT DISPOSAL POINT APPROX": "NA", "DISTANCE FROM RIVER": "NA", "REMARKS": null, "Discharge m3/day": 0.0, "remarks_Frank": "adjusted to 0", "Y": 29.468694, "X": 77.665 }, "geometry": { "type": "Point", "coordinates": [ 77.665, 29.468694 ] } },
{ "type": "Feature", "properties": { "NAME OF THE INDUSTRY AND ADDRESS": "TRIVENI ENGG. & INDUSTRIES LTD,DEOBAND SAHARANPUR", "Sub District": "Deoband", "District": "Saharanpur", "LATITUDE": "29?40'33.9\"N", "LONGITUDE": "77?40'12.7\"E", "PRODUCT AND PRODUCTION CAPACITY": "SUGAR CANE 15000 TCD", "QUANTITY OF EFFLUENT (KLD)": "-", "STATUS OF EFFLUENT TREATMENT PLANT (ETP)": "INSTALLED", "ADEQUACY": "OPERATIONAL", "EFFLUENT DISPOSAL POINT APPROX": "BADHAI KHURD DRAIN", "DISTANCE FROM RIVER": "12 KM", "REMARKS": "KALI WEST", "Discharge m3/day": 0.0, "remarks_Frank": "nan", "Y": 29.676083, "X": 77.670194 }, "geometry": { "type": "Point", "coordinates": [ 77.670194, 29.676083 ] } },
{ "type": "Feature", "properties": { "NAME OF THE INDUSTRY AND ADDRESS": "M/S D.L.S. PAPERS PVT LTD. BEGRAJPUR,MEERUT ROAD,MUZAFFARNAGAR,U.P", "Sub District": "Begrajpur", "District": "Muzaffarnagar", "LATITUDE": "29?22'46.9\"N", "LONGITUDE": "77?41'10.1\"E", "PRODUCT AND PRODUCTION CAPACITY": "KRAFT PAPER 50 TPD", "QUANTITY OF EFFLUENT (KLD)": "300", "STATUS OF EFFLUENT TREATMENT PLANT (ETP)": "INSTALLED", "ADEQUACY": "ADEQUATE", "EFFLUENT DISPOSAL POINT APPROX": "DHANDHERA NALA/KALI (WEST)", "DISTANCE FROM RIVER": "18 KM", "REMARKS": "RIVER KALI WEST", "Discharge m3/day": 300.0, "remarks_Frank": null, "Y": 29.379694, "X": 77.686139 }, "geometry": { "type": "Point", "coordinates": [ 77.686139, 29.379694 ] } },
{ "type": "Feature", "properties": { "NAME OF THE INDUSTRY AND ADDRESS": "M/S INDIAN POTASH LTD. SUGAR UNIT ROHANA KALAN,MUZAFFARNAGAR,U.P", "Sub District": "Rohana Kalan", "District": "Muzaffarnagar", "LATITUDE": "29?34'25.0\"N", "LONGITUDE": "77?41'17.4\"E", "PRODUCT AND PRODUCTION CAPACITY": "CRUSHING CAPACITY 1600 TCD", "QUANTITY OF EFFLUENT (KLD)": "350", "STATUS OF EFFLUENT TREATMENT PLANT (ETP)": "INSTALLED", "ADEQUACY": "ADEQUATE", "EFFLUENT DISPOSAL POINT APPROX": "SUGAR MILL DRAIN TO KALI WEST", "DISTANCE FROM RIVER": "16 KM", "REMARKS": "RIVER KALI WEST", "Discharge m3/day": 350.0, "remarks_Frank": null, "Y": 29.573611, "X": 77.688167 }, "geometry": { "type": "Point", "coordinates": [ 77.688167, 29.573611 ] } },
{ "type": "Feature", "properties": { "NAME OF THE INDUSTRY AND ADDRESS": "M/S ARISTOCRAFT PAPERS LTD.,7th KM,MEERUT ROAD,MUZAFFARNAGAR,U.P", "Sub District": "Meerut Road", "District": "Muzaffarnagar", "LATITUDE": "29?27'35.0\"N", "LONGITUDE": "77?41'48.4\"E", "PRODUCT AND PRODUCTION CAPACITY": "SEMI KRAFT 50 TPD", "QUANTITY OF EFFLUENT (KLD)": "300", "STATUS OF EFFLUENT TREATMENT PLANT (ETP)": "INSTALLED", "ADEQUACY": "ADEQUATE", "EFFLUENT DISPOSAL POINT APPROX": "DHANDHERA NALA/KALI (WEST)", "DISTANCE FROM RIVER": "25 KM", "REMARKS": "RIVER KALI WEST", "Discharge m3/day": 300.0, "remarks_Frank": null, "Y": 29.459722, "X": 77.696778 }, "geometry": { "type": "Point", "coordinates": [ 77.696778, 29.459722 ] } },
{ "type": "Feature", "properties": { "NAME OF THE INDUSTRY AND ADDRESS": "M/S MAGMA INDUSTRIES LTD.,C-24 TO 27,INDUSTRIAL AREA BEGRAJPUR,MUZAFFARNAGAR,U.P", "Sub District": "Begrajpur", "District": "Muzaffarnagar", "LATITUDE": "29?22'20.9\"N", "LONGITUDE": "77?42'08.1\"E", "PRODUCT AND PRODUCTION CAPACITY": "SODIUM/POTASSIUM DICLOFENAC SALUT ETC.", "QUANTITY OF EFFLUENT (KLD)": "20", "STATUS OF EFFLUENT TREATMENT PLANT (ETP)": "INSTALLED", "ADEQUACY": "ADEQUATE", "EFFLUENT DISPOSAL POINT APPROX": "DHANDHERA NALA/KALI (WEST)", "DISTANCE FROM RIVER": "25 KM", "REMARKS": "RIVER KALI WEST", "Discharge m3/day": 20.0, "remarks_Frank": null, "Y": 29.372472, "X": 77.70225 }, "geometry": { "type": "Point", "coordinates": [ 77.70225, 29.372472 ] } },
{ "type": "Feature", "properties": { "NAME OF THE INDUSTRY AND ADDRESS": "M/S SIR SHADILAL DISTILLERY & CHEMICAL WORKS LTD. MANSURPUR,MUZAFFARNAGAR,U.P", "Sub District": "Mansurpur", "District": "Muzaffarnagar", "LATITUDE": "29?21'04.0\"N", "LONGITUDE": "77?43'01.7\"E", "PRODUCT AND PRODUCTION CAPACITY": "RECTIFIED SPIRIT 100 KLD", "QUANTITY OF EFFLUENT (KLD)": "ZERO LIQUID DISCHARGE", "STATUS OF EFFLUENT TREATMENT PLANT (ETP)": "INSTALLED", "ADEQUACY": "ADEQUATE", "EFFLUENT DISPOSAL POINT APPROX": "ZERO LIQUID DISCHARGE", "DISTANCE FROM RIVER": "18 KM", "REMARKS": "ZERO LIQUID DISCHARGE UNIT", "Discharge m3/day": 0.0, "remarks_Frank": "adjusted to 0", "Y": 29.351111, "X": 77.717139 }, "geometry": { "type": "Point", "coordinates": [ 77.717139, 29.351111 ] } },
{ "type": "Feature", "properties": { "NAME OF THE INDUSTRY AND ADDRESS": "M/S D.S.M SUGAR,MANSURPUR,MUZAFFARNAGAR,U.P", "Sub District": "Mansurpur", "District": "Muzaffarnagar", "LATITUDE": "29?21'16.2\"N", "LONGITUDE": "77?43'03.1\"E", "PRODUCT AND PRODUCTION CAPACITY": "CRUSHING CAPACITY 7000 TCD", "QUANTITY OF EFFLUENT (KLD)": "700", "STATUS OF EFFLUENT TREATMENT PLANT (ETP)": "INSTALLED", "ADEQUACY": "ADEQUATE", "EFFLUENT DISPOSAL POINT APPROX": "MANSURPUR DRAIN/KALI (WEST)", "DISTANCE FROM RIVER": "10 KM", "REMARKS": "RIVER KALI WEST", "Discharge m3/day": 700.0, "remarks_Frank": null, "Y": 29.3545, "X": 77.717528 }, "geometry": { "type": "Point", "coordinates": [ 77.717528, 29.3545 ] } },
{ "type": "Feature", "properties": { "NAME OF THE INDUSTRY AND ADDRESS": "M/S AGRAWAL DUPLEX BOARD MILLS LTD.,4th KM STONE,BHOPA ROAD,MUZAFFARNAGAR,U.P", "Sub District": "Bhandura", "District": "Muzaffarnagar", "LATITUDE": "29?28'21.5\"N", "LONGITUDE": "77?43'19.5\"E", "PRODUCT AND PRODUCTION CAPACITY": "KRAFT PAPER 160 TPD", "QUANTITY OF EFFLUENT (KLD)": "1600", "STATUS OF EFFLUENT TREATMENT PLANT (ETP)": "INSTALLED", "ADEQUACY": "ADEQUATE", "EFFLUENT DISPOSAL POINT APPROX": "KUKRA DRAIN/KALI (WEST)", "DISTANCE FROM RIVER": "25 KM", "REMARKS": "RIVER KALI WEST", "Discharge m3/day": 1600.0, "remarks_Frank": null, "Y": 29.472639, "X": 77.722083 }, "geometry": { "type": "Point", "coordinates": [ 77.722083, 29.472639 ] } },
{ "type": "Feature", "properties": { "NAME OF THE INDUSTRY AND ADDRESS": "M/S PARIJAT PAPER MILLS LTD. 10.6 KM BHOPA ROAD,MUZAFFARNAGAR,U.P", "Sub District": "Bhandura", "District": "Muzaffarnagar", "LATITUDE": "29?28'21.5\"N", "LONGITUDE": "77?43'19.5\"E", "PRODUCT AND PRODUCTION CAPACITY": "KRAFT PAPER 100 TPD", "QUANTITY OF EFFLUENT (KLD)": "600", "STATUS OF EFFLUENT TREATMENT PLANT (ETP)": "INSTALLED", "ADEQUACY": "ADEQUATE", "EFFLUENT DISPOSAL POINT APPROX": "BHANDURA DRAIN/KALI (WEST)", "DISTANCE FROM RIVER": "25 KM", "REMARKS": "RIVER KALI WEST", "Discharge m3/day": 600.0, "remarks_Frank": null, "Y": 29.472639, "X": 77.722083 }, "geometry": { "type": "Point", "coordinates": [ 77.722083, 29.472639 ] } },
{ "type": "Feature", "properties": { "NAME OF THE INDUSTRY AND ADDRESS": "M/S TIRUPATI BALAJI FIBERS LTD.,BHOPA ROAD,MUZAFFARNAGAR,U.P", "Sub District": "Bhandura", "District": "Muzaffarnagar", "LATITUDE": "29?28'20.8\"N?", "LONGITUDE": "77?43'37.2\"E", "PRODUCT AND PRODUCTION CAPACITY": "KRAFT PAPER 40 MTD", "QUANTITY OF EFFLUENT (KLD)": "450", "STATUS OF EFFLUENT TREATMENT PLANT (ETP)": "INSTALLED", "ADEQUACY": "ADEQUATE", "EFFLUENT DISPOSAL POINT APPROX": "DHANDHERA NALA/KALI (WEST)", "DISTANCE FROM RIVER": "25 KM", "REMARKS": "RIVER KALI WEST", "Discharge m3/day": 450.0, "remarks_Frank": null, "Y": 29.472444, "X": 77.727 }, "geometry": { "type": "Point", "coordinates": [ 77.727, 29.472444 ] } },
{ "type": "Feature", "properties": { "NAME OF THE INDUSTRY AND ADDRESS": "M/S TRIVENI ENGINEERING & INDUSTRIES LTD.(ALCO CHEMICAL COMPLEX),MUZAFFARNAGAR,U.P", "Sub District": "Khatauli", "District": "Muzaffarnagar", "LATITUDE": "29?16'28.8\"N", "LONGITUDE": "77?44'24.6\"E", "PRODUCT AND PRODUCTION CAPACITY": "ENA,ABSOLUTE ALCOHOL & RECTIFIED SPIRIT 160 KLD", "QUANTITY OF EFFLUENT (KLD)": "ZERO LIQUID DISCHARGE", "STATUS OF EFFLUENT TREATMENT PLANT (ETP)": "INSTALLED", "ADEQUACY": "ADEQUATE", "EFFLUENT DISPOSAL POINT APPROX": "ZERO LIQUID DISCHARGE", "DISTANCE FROM RIVER": "25 KM", "REMARKS": "ZERO LIQUID DISCHARGE UNIT", "Discharge m3/day": 0.0, "remarks_Frank": "adjusted to 0", "Y": 29.274667, "X": 77.740167 }, "geometry": { "type": "Point", "coordinates": [ 77.740167, 29.274667 ] } },
{ "type": "Feature", "properties": { "NAME OF THE INDUSTRY AND ADDRESS": "M/S SHAKTI KRAFT & TISSUES,9th KM,JANSATH ROAD,MUZAFFARNAGAR,U.P", "Sub District": "Jansath Road", "District": "Muzaffarnagar", "LATITUDE": "29?25'08.5\"N", "LONGITUDE": "77?45'36.0\"E", "PRODUCT AND PRODUCTION CAPACITY": "KRAFT PAPER 15 TPD", "QUANTITY OF EFFLUENT (KLD)": "ZERO LIQUID DISCHARGE", "STATUS OF EFFLUENT TREATMENT PLANT (ETP)": "INSTALLED", "ADEQUACY": "ADEQUATE", "EFFLUENT DISPOSAL POINT APPROX": "DHANDHERA NALA/KALI (WEST)", "DISTANCE FROM RIVER": "25 KM", "REMARKS": "ZERO LIQUID DISCHARGE UNIT", "Discharge m3/day": 0.0, "remarks_Frank": "adjusted to 0", "Y": 29.419028, "X": 77.76 }, "geometry": { "type": "Point", "coordinates": [ 77.76, 29.419028 ] } },
{ "type": "Feature", "properties": { "NAME OF THE INDUSTRY AND ADDRESS": "M/S AL-NOOR EXPORTS,JANSATH ROAD,MUZAFFARNAGAR,U.P", "Sub District": "Dhandhera", "District": "Muzaffarnagar", "LATITUDE": "29?25'55.9\"N", "LONGITUDE": "77?45'54.6\"E", "PRODUCT AND PRODUCTION CAPACITY": "FROZEN MEAT 100 MTD", "QUANTITY OF EFFLUENT (KLD)": "480", "STATUS OF EFFLUENT TREATMENT PLANT (ETP)": "INSTALLED", "ADEQUACY": "ADEQUATE", "EFFLUENT DISPOSAL POINT APPROX": "DHANDHERA NALA/KALI (WEST)", "DISTANCE FROM RIVER": "25 KM", "REMARKS": "RIVER KALI WEST", "Discharge m3/day": 480.0, "remarks_Frank": null, "Y": 29.432194, "X": 77.765167 }, "geometry": { "type": "Point", "coordinates": [ 77.765167, 29.432194 ] } },
{ "type": "Feature", "properties": { "NAME OF THE INDUSTRY AND ADDRESS": "M/S SHREE SIDHBALI PAPER MILLS LTD.,9th KM,BHOPA ROAD,MUZAFFARNAGAR,U.P", "Sub District": "Bhandura", "District": "Muzaffarnagar", "LATITUDE": "29?28'11.2\"N", "LONGITUDE": "77?46'59.1\"E", "PRODUCT AND PRODUCTION CAPACITY": "KRAFT PAPER 170 TPD", "QUANTITY OF EFFLUENT (KLD)": "1400", "STATUS OF EFFLUENT TREATMENT PLANT (ETP)": "INSTALLED", "ADEQUACY": "ADEQUATE", "EFFLUENT DISPOSAL POINT APPROX": "DHANDHERA NALA/KALI (WEST)", "DISTANCE FROM RIVER": "25 KM", "REMARKS": "RIVER KALI WEST", "Discharge m3/day": 1400.0, "remarks_Frank": null, "Y": 29.469778, "X": 77.783083 }, "geometry": { "type": "Point", "coordinates": [ 77.783083, 29.469778 ] } },
{ "type": "Feature", "properties": { "NAME OF THE INDUSTRY AND ADDRESS": "M/S GARG DUPLEX PAPER MILLS LIMITED,8.5 KM ,BHOPA ROAD,MUZAFFARNAGAR,U.P", "Sub District": "Bhandura", "District": "Muzaffarnagar", "LATITUDE": "29?28'03.4\"N", "LONGITUDE": "77?47'03.8\"E", "PRODUCT AND PRODUCTION CAPACITY": "KRAFT PAPER 200 TPD", "QUANTITY OF EFFLUENT (KLD)": "2300", "STATUS OF EFFLUENT TREATMENT PLANT (ETP)": "INSTALLED", "ADEQUACY": "ADEQUATE", "EFFLUENT DISPOSAL POINT APPROX": "DHANDHERA NALA/KALI (WEST)", "DISTANCE FROM RIVER": "25 KM", "REMARKS": "RIVER KALI WEST", "Discharge m3/day": 2300.0, "remarks_Frank": null, "Y": 29.467611, "X": 77.784389 }, "geometry": { "type": "Point", "coordinates": [ 77.784389, 29.467611 ] } },
{ "type": "Feature", "properties": { "NAME OF THE INDUSTRY AND ADDRESS": "M/S DISHA INDUSTRIES PVT LTD.,9th KM,JOLLY ROAD,MUZAFFARNAGAR,U.P", "Sub District": "Jolly Road", "District": "Muzaffarnagar", "LATITUDE": "29?26'40.6\"N", "LONGITUDE": "77?47'17.8\"E", "PRODUCT AND PRODUCTION CAPACITY": "KRAFT PAPER 300 TPD", "QUANTITY OF EFFLUENT (KLD)": "2000", "STATUS OF EFFLUENT TREATMENT PLANT (ETP)": "INSTALLED", "ADEQUACY": "ADEQUATE", "EFFLUENT DISPOSAL POINT APPROX": "DHANDHERA NALA/KALI (WEST)", "DISTANCE FROM RIVER": "25 KM", "REMARKS": "RIVER KALI WEST", "Discharge m3/day": 2000.0, "remarks_Frank": null, "Y": 29.444611, "X": 77.788278 }, "geometry": { "type": "Point", "coordinates": [ 77.788278, 29.444611 ] } },
{ "type": "Feature", "properties": { "NAME OF THE INDUSTRY AND ADDRESS": "M/S BINDLAS DUPLEX LTD. (UNIT-1),BHOPA ROAD,MUZAFFARNAGAR,U.P", "Sub District": "Bhandura", "District": "Muzaffarnagar", "LATITUDE": "29?28'14.7\"N", "LONGITUDE": "77?48'22.4\"E", "PRODUCT AND PRODUCTION CAPACITY": "KRAFT PAPER 150 TPD", "QUANTITY OF EFFLUENT (KLD)": "1600", "STATUS OF EFFLUENT TREATMENT PLANT (ETP)": "INSTALLED", "ADEQUACY": "ADEQUATE", "EFFLUENT DISPOSAL POINT APPROX": "BHANDURA/JAT MUJHERA DRAIN/DHANDHERA DRAIN TO KALI WEST", "DISTANCE FROM RIVER": "25 KM", "REMARKS": "RIVER KALI WEST", "Discharge m3/day": 1600.0, "remarks_Frank": null, "Y": 29.47075, "X": 77.806222 }, "geometry": { "type": "Point", "coordinates": [ 77.806222, 29.47075 ] } },
{ "type": "Feature", "properties": { "NAME OF THE INDUSTRY AND ADDRESS": "JYOTI PESTICIDE,DEHRADUN ROAD,SAHARANPUR", "Sub District": "Dehradun Road", "District": "Saharanpur", "LATITUDE": "30?05'56.8\"N", "LONGITUDE": "77?48'57.2\"E", "PRODUCT AND PRODUCTION CAPACITY": "CLOSED", "QUANTITY OF EFFLUENT (KLD)": "-", "STATUS OF EFFLUENT TREATMENT PLANT (ETP)": "CLOSED", "ADEQUACY": "NOT OPERATIONAL", "EFFLUENT DISPOSAL POINT APPROX": "DHAMOLA", "DISTANCE FROM RIVER": "03 KM", "REMARKS": "HINDON RIVER", "Discharge m3/day": 0.0, "remarks_Frank": "nan", "Y": 30.099111, "X": 77.815889 }, "geometry": { "type": "Point", "coordinates": [ 77.815889, 30.099111 ] } }
]
}
